2025-03-26 17:19:54,454 - root - 352 - WARNING - main - ***** STARTING SERVER *****
2025-03-26 17:19:54,455 - root - 353 - WARNING - main - Server /usr/local/lib/python3.12/site-packages/synapse/app/homeserver.py version 1.127.0
2025-03-26 17:19:54,455 - root - 358 - WARNING - main - Copyright (c) 2023 New Vector, Inc
2025-03-26 17:19:54,455 - root - 359 - WARNING - main - Licensed under the AGPL 3.0 license. Website: https://github.com/element-hq/synapse
2025-03-26 17:19:54,456 - root - 362 - INFO - main - Server hostname: matrix.localhost
2025-03-26 17:19:54,456 - root - 363 - INFO - main - Public Base URL: https://matrix.localhost/
2025-03-26 17:19:54,458 - root - 364 - INFO - main - Instance name: master
2025-03-26 17:19:54,458 - root - 365 - INFO - main - Twisted reactor: EPollReactor
2025-03-26 17:19:54,458 - synapse.app.homeserver - 370 - INFO - main - Setting up server
2025-03-26 17:19:54,459 - synapse.server - 357 - INFO - main - Setting up.
2025-03-26 17:19:54,475 - synapse.storage.databases - 77 - INFO - main - [database config 'master']: Checking database server
2025-03-26 17:19:54,481 - synapse.storage.databases - 80 - INFO - main - [database config 'master']: Preparing for databases ['main', 'state']
2025-03-26 17:19:54,481 - synapse.storage.prepare_database - 135 - INFO - main - ['main', 'state']: Checking existing schema version
2025-03-26 17:19:54,484 - synapse.storage.prepare_database - 139 - INFO - main - ['main', 'state']: Existing schema is 89 (+1 deltas)
2025-03-26 17:19:54,484 - synapse.storage.databases.main - 395 - INFO - main - Checking database for consistency with configuration...
2025-03-26 17:19:54,486 - synapse.storage.prepare_database - 433 - INFO - main - Applying schema deltas for v89
2025-03-26 17:19:54,487 - synapse.storage.prepare_database - 568 - INFO - main - Schema now up to date
2025-03-26 17:19:54,492 - synapse.storage.databases - 95 - INFO - main - [database config 'master']: Starting 'main' database
2025-03-26 17:19:54,519 - synapse.storage.util.id_generators - 98 - INFO - main - Initialising stream generator for push_rules(id): 1
2025-03-26 17:19:54,520 - synapse.storage.util.id_generators - 98 - INFO - main - Initialising stream generator for push_rules_enable(id): 1
2025-03-26 17:19:54,525 - synapse.storage.databases.main.event_push_actions - 1242 - INFO - main - Searching for stream ordering 1 month ago
2025-03-26 17:19:54,526 - synapse.storage.databases.main.event_push_actions - 1246 - INFO - main - Found stream ordering 1 month ago: it's 0
2025-03-26 17:19:54,526 - synapse.storage.databases.main.event_push_actions - 1249 - INFO - main - Searching for stream ordering 1 day ago
2025-03-26 17:19:54,526 - synapse.storage.databases.main.event_push_actions - 1253 - INFO - main - Found stream ordering 1 day ago: it's 0
2025-03-26 17:19:54,530 - synapse.storage.util.id_generators - 98 - INFO - main - Initialising stream generator for access_tokens(id): 2
2025-03-26 17:19:54,530 - synapse.storage.util.id_generators - 98 - INFO - main - Initialising stream generator for refresh_tokens(id): 1
2025-03-26 17:19:54,533 - synapse.storage.util.id_generators - 98 - INFO - main - Initialising stream generator for event_reports(id): 1
2025-03-26 17:19:54,534 - synapse.storage.util.id_generators - 98 - INFO - main - Initialising stream generator for room_reports(id): 1
2025-03-26 17:19:54,543 - synapse.storage.databases - 112 - INFO - main - [database config 'master']: Starting 'state' database
2025-03-26 17:19:54,545 - synapse.storage.databases - 128 - INFO - main - [database config 'master']: prepared
2025-03-26 17:19:54,546 - synapse.server - 360 - INFO - main - Finished setting up.
2025-03-26 17:19:54,561 - synapse.push.pusher - 45 - INFO - main - email enable notifs: False
2025-03-26 17:19:54,563 - synapse.federation.federation_server - 1397 - INFO - main - Registering federation EDU handler for 'm.device_list_update'
2025-03-26 17:19:54,564 - synapse.federation.federation_server - 1417 - INFO - main - Registering federation query handler for 'profile'
2025-03-26 17:19:54,565 - synapse.federation.federation_server - 1397 - INFO - main - Registering federation EDU handler for 'm.presence'
2025-03-26 17:19:54,565 - synapse.federation.federation_server - 1397 - INFO - main - Registering federation EDU handler for 'm.typing'
2025-03-26 17:19:54,566 - synapse.federation.federation_server - 1417 - INFO - main - Registering federation query handler for 'directory'
2025-03-26 17:19:54,567 - synapse.federation.federation_server - 1397 - INFO - main - Registering federation EDU handler for 'm.signing_key_update'
2025-03-26 17:19:54,567 - synapse.federation.federation_server - 1397 - INFO - main - Registering federation EDU handler for 'org.matrix.signing_key_update'
2025-03-26 17:19:54,568 - synapse.federation.federation_server - 1417 - INFO - main - Registering federation query handler for 'client_keys'
2025-03-26 17:19:54,568 - twisted - 279 - INFO - main - Redirected stdout/stderr to logs
2025-03-26 17:19:54,569 - synapse.app.homeserver - 180 - INFO - sentinel - Running
2025-03-26 17:19:54,571 - synapse.app.homeserver - 36 - INFO - sentinel - Set file limit to: 1048576
2025-03-26 17:19:54,572 - synapse.app.homeserver - 42 - WARNING - sentinel - Failed to set file or core limit: not allowed to raise maximum limit
2025-03-26 17:19:54,583 - synapse.handlers.deactivate_account - 245 - INFO - user_parter_loop-0 - Starting user parter
2025-03-26 17:19:54,597 - synapse.util.caches.lrucache - 230 - INFO - sentinel - Expiring LRU caches after 1800 seconds
2025-03-26 17:19:54,606 - synapse.federation.federation_server - 1397 - INFO - sentinel - Registering federation EDU handler for 'm.receipt'
2025-03-26 17:19:54,607 - synapse.federation.federation_server - 1397 - INFO - sentinel - Registering federation EDU handler for 'm.direct_to_device'
2025-03-26 17:19:54,612 - synapse.util.httpresourcetree - 56 - INFO - sentinel - Attaching <synapse.rest.health.HealthResource object at 0x7fe008121010> to path b'/health'
2025-03-26 17:19:54,612 - synapse.util.httpresourcetree - 56 - INFO - sentinel - Attaching <synapse.rest.ClientRestResource object at 0x7fe0081210d0> to path b'/_matrix/client'
2025-03-26 17:19:54,612 - synapse.util.httpresourcetree - 56 - INFO - sentinel - Attaching <twisted.web.resource.Resource object at 0x7fe008121100> to path b'/.well-known'
2025-03-26 17:19:54,612 - synapse.util.httpresourcetree - 56 - INFO - sentinel - Attaching <synapse.rest.admin.AdminRestResource object at 0x7fe0081382f0> to path b'/_synapse/admin'
2025-03-26 17:19:54,612 - synapse.util.httpresourcetree - 56 - INFO - sentinel - Attaching <synapse.rest.synapse.client.pick_idp.PickIdpResource object at 0x7fe00820e360> to path b'/_synapse/client/pick_idp'
2025-03-26 17:19:54,612 - synapse.util.httpresourcetree - 56 - INFO - sentinel - Attaching <twisted.web.resource.Resource object at 0x7fe008133230> to path b'/_synapse/client/pick_username'
2025-03-26 17:19:54,618 - synapse.util.httpresourcetree - 56 - INFO - sentinel - Attaching <synapse.rest.synapse.client.new_user_consent.NewUserConsentResource object at 0x7fe008132c00> to path b'/_synapse/client/new_user_consent'
2025-03-26 17:19:54,618 - synapse.util.httpresourcetree - 56 - INFO - sentinel - Attaching <synapse.rest.synapse.client.sso_register.SsoRegisterResource object at 0x7fe00813a570> to path b'/_synapse/client/sso_register'
2025-03-26 17:19:54,618 - synapse.util.httpresourcetree - 56 - INFO - sentinel - Attaching <synapse.rest.synapse.client.unsubscribe.UnsubscribeResource object at 0x7fe00813ab40> to path b'/_synapse/client/unsubscribe'
2025-03-26 17:19:54,618 - synapse.util.httpresourcetree - 56 - INFO - sentinel - Attaching FilePath('/usr/local/lib/python3.12/site-packages/synapse/static') to path b'/_matrix/static'
2025-03-26 17:19:54,618 - synapse.util.httpresourcetree - 56 - INFO - sentinel - Attaching <synapse.rest.media.media_repository_resource.MediaRepositoryResource object at 0x7fe008122d50> to path b'/_matrix/media/r0'
2025-03-26 17:19:54,618 - synapse.util.httpresourcetree - 56 - INFO - sentinel - Attaching <synapse.rest.media.media_repository_resource.MediaRepositoryResource object at 0x7fe008122d50> to path b'/_matrix/media/v3'
2025-03-26 17:19:54,618 - synapse.util.httpresourcetree - 56 - INFO - sentinel - Attaching <synapse.rest.media.media_repository_resource.MediaRepositoryResource object at 0x7fe008122d50> to path b'/_matrix/media/v1'
2025-03-26 17:19:54,618 - synapse.util.httpresourcetree - 56 - INFO - sentinel - Attaching <synapse.federation.transport.server.TransportLayerServer object at 0x7fe008133f20> to path b'/_matrix/federation'
2025-03-26 17:19:54,618 - synapse.util.httpresourcetree - 56 - INFO - sentinel - Attaching <synapse.rest.key.v2.KeyResource object at 0x7fe008131e80> to path b'/_matrix/key'
2025-03-26 17:19:54,618 - twisted - 279 - INFO - sentinel - SynapseSite starting on 8008
2025-03-26 17:19:54,621 - synapse.app - 56 - WARNING - sentinel - Failed to listen on 0.0.0.0, continuing because listening on [::]
2025-03-26 17:19:54,621 - synapse.app._base - 439 - INFO - sentinel - Synapse now listening on TCP port 8008
2025-03-26 17:19:54,622 - synapse.app.homeserver - 223 - INFO - sentinel - Scheduling stats reporting for 3 hour intervals
2025-03-26 17:19:54,711 - synapse.storage.background_updates - 410 - INFO - background_updates-0 - Starting background schema updates for database master
2025-03-26 17:19:54,712 - synapse.handlers.deactivate_account - 255 - INFO - user_parter_loop-0 - User parter finished: stopping
2025-03-26 17:19:54,726 - synapse.push.pusherpool - 372 - INFO - start_pushers-0 - Started pushers
2025-03-26 17:19:54,726 - synapse.storage.background_updates - 428 - INFO - background_updates-0 - No more background updates to do. Unscheduling background update task.
2025-03-26 17:20:19,384 - synapse.access.http.8008 - 508 - INFO - GET-0 - 10.89.0.1 - 8008 - {None} Processed request: 0.000sec/-0.000sec (0.000sec, 0.000sec) (0.000sec/0.000sec/0) 208B 302 "GET / HTTP/1.1" "Mozilla/5.0 (Windows NT 10.0; Win64; x64) AppleWebKit/537.36 (KHTML, like Gecko) Chrome/134.0.0.0 Safari/537.36" [0 dbevts]
2025-03-26 17:20:19,395 - synapse.access.http.8008 - 508 - INFO - GET-1 - 10.89.0.1 - 8008 - {None} Processed request: 0.001sec/-0.000sec (0.000sec, 0.000sec) (0.000sec/0.000sec/0) 210B 302 "GET /_matrix/static HTTP/1.1" "Mozilla/5.0 (Windows NT 10.0; Win64; x64) AppleWebKit/537.36 (KHTML, like Gecko) Chrome/134.0.0.0 Safari/537.36" [0 dbevts]
2025-03-26 17:20:19,405 - synapse.access.http.8008 - 508 - INFO - GET-2 - 10.89.0.1 - 8008 - {None} Processed request: 0.001sec/-0.000sec (0.000sec, 0.000sec) (0.000sec/0.000sec/0) 10145B 200 "GET /_matrix/static/ HTTP/1.1" "Mozilla/5.0 (Windows NT 10.0; Win64; x64) AppleWebKit/537.36 (KHTML, like Gecko) Chrome/134.0.0.0 Safari/537.36" [0 dbevts]
2025-03-26 17:20:24,535 - synapse.storage.databases.main.event_push_actions - 1396 - INFO - rotate_notifs-0 - Rotating notifications
2025-03-26 17:20:24,538 - synapse.storage.databases.main.event_push_actions - 1599 - INFO - rotate_notifs-0 - Rotating notifications up to: 1
2025-03-26 17:20:24,540 - synapse.storage.databases.main.event_push_actions - 1685 - INFO - rotate_notifs-0 - Rotating notifications, handling 0 rows
2025-03-26 17:20:24,549 - synapse.storage.databases.main.event_push_actions - 1770 - INFO - rotate_notifs-0 - Rotating notifications, deleted 0 push actions
2025-03-26 17:20:24,598 - synapse.util.caches.lrucache - 217 - INFO - LruCache._expire_old_entries-0 - Dropped 0 items from caches
2025-03-26 17:20:54,533 - synapse.storage.databases.main.event_push_actions - 1396 - INFO - rotate_notifs-1 - Rotating notifications
2025-03-26 17:20:54,534 - synapse.storage.databases.main.event_push_actions - 1599 - INFO - rotate_notifs-1 - Rotating notifications up to: 1
2025-03-26 17:20:54,535 - synapse.storage.databases.main.event_push_actions - 1685 - INFO - rotate_notifs-1 - Rotating notifications, handling 0 rows
2025-03-26 17:20:54,543 - synapse.storage.databases.main.event_push_actions - 1770 - INFO - rotate_notifs-1 - Rotating notifications, deleted 0 push actions
2025-03-26 17:20:54,598 - synapse.util.caches.lrucache - 217 - INFO - LruCache._expire_old_entries-1 - Dropped 0 items from caches
2025-03-26 17:21:19,406 - twisted - 279 - INFO - sentinel - Timing out client: IPv6Address(type='TCP', host='::ffff:10.89.0.4', port=38716, flowInfo=0, scopeID=0)
2025-03-26 17:21:24,538 - synapse.storage.databases.main.event_push_actions - 1396 - INFO - rotate_notifs-2 - Rotating notifications
2025-03-26 17:21:24,541 - synapse.storage.databases.main.event_push_actions - 1599 - INFO - rotate_notifs-2 - Rotating notifications up to: 1
2025-03-26 17:21:24,544 - synapse.storage.databases.main.event_push_actions - 1685 - INFO - rotate_notifs-2 - Rotating notifications, handling 0 rows
2025-03-26 17:21:24,555 - synapse.storage.databases.main.event_push_actions - 1770 - INFO - rotate_notifs-2 - Rotating notifications, deleted 0 push actions
2025-03-26 17:21:24,598 - synapse.util.caches.lrucache - 217 - INFO - LruCache._expire_old_entries-2 - Dropped 0 items from caches
2025-03-26 17:21:54,537 - synapse.storage.databases.main.event_push_actions - 1396 - INFO - rotate_notifs-3 - Rotating notifications
2025-03-26 17:21:54,540 - synapse.storage.databases.main.event_push_actions - 1599 - INFO - rotate_notifs-3 - Rotating notifications up to: 1
2025-03-26 17:21:54,543 - synapse.storage.databases.main.event_push_actions - 1685 - INFO - rotate_notifs-3 - Rotating notifications, handling 0 rows
2025-03-26 17:21:54,550 - synapse.storage.databases.main.event_push_actions - 1770 - INFO - rotate_notifs-3 - Rotating notifications, deleted 0 push actions
2025-03-26 17:21:54,598 - synapse.util.caches.lrucache - 217 - INFO - LruCache._expire_old_entries-3 - Dropped 0 items from caches
2025-03-26 17:22:24,537 - synapse.storage.databases.main.event_push_actions - 1396 - INFO - rotate_notifs-4 - Rotating notifications
2025-03-26 17:22:24,539 - synapse.storage.databases.main.event_push_actions - 1599 - INFO - rotate_notifs-4 - Rotating notifications up to: 1
2025-03-26 17:22:24,541 - synapse.storage.databases.main.event_push_actions - 1685 - INFO - rotate_notifs-4 - Rotating notifications, handling 0 rows
2025-03-26 17:22:24,549 - synapse.storage.databases.main.event_push_actions - 1770 - INFO - rotate_notifs-4 - Rotating notifications, deleted 0 push actions
2025-03-26 17:22:24,598 - synapse.util.caches.lrucache - 217 - INFO - LruCache._expire_old_entries-4 - Dropped 0 items from caches
2025-03-26 17:22:54,539 - synapse.storage.databases.main.event_push_actions - 1396 - INFO - rotate_notifs-5 - Rotating notifications
2025-03-26 17:22:54,542 - synapse.storage.databases.main.event_push_actions - 1599 - INFO - rotate_notifs-5 - Rotating notifications up to: 1
2025-03-26 17:22:54,545 - synapse.storage.databases.main.event_push_actions - 1685 - INFO - rotate_notifs-5 - Rotating notifications, handling 0 rows
2025-03-26 17:22:54,555 - synapse.storage.databases.main.event_push_actions - 1770 - INFO - rotate_notifs-5 - Rotating notifications, deleted 0 push actions
2025-03-26 17:22:54,598 - synapse.util.caches.lrucache - 217 - INFO - LruCache._expire_old_entries-5 - Dropped 0 items from caches
2025-03-26 17:23:24,536 - synapse.storage.databases.main.event_push_actions - 1396 - INFO - rotate_notifs-6 - Rotating notifications
2025-03-26 17:23:24,538 - synapse.storage.databases.main.event_push_actions - 1599 - INFO - rotate_notifs-6 - Rotating notifications up to: 1
2025-03-26 17:23:24,540 - synapse.storage.databases.main.event_push_actions - 1685 - INFO - rotate_notifs-6 - Rotating notifications, handling 0 rows
2025-03-26 17:23:24,547 - synapse.storage.databases.main.event_push_actions - 1770 - INFO - rotate_notifs-6 - Rotating notifications, deleted 0 push actions
2025-03-26 17:23:24,597 - synapse.util.caches.lrucache - 217 - INFO - LruCache._expire_old_entries-6 - Dropped 0 items from caches
2025-03-26 17:23:54,537 - synapse.storage.databases.main.event_push_actions - 1396 - INFO - rotate_notifs-7 - Rotating notifications
2025-03-26 17:23:54,538 - synapse.storage.databases.main.event_push_actions - 1599 - INFO - rotate_notifs-7 - Rotating notifications up to: 1
2025-03-26 17:23:54,540 - synapse.storage.databases.main.event_push_actions - 1685 - INFO - rotate_notifs-7 - Rotating notifications, handling 0 rows
2025-03-26 17:23:54,548 - synapse.storage.databases.main.event_push_actions - 1770 - INFO - rotate_notifs-7 - Rotating notifications, deleted 0 push actions
2025-03-26 17:23:54,598 - synapse.util.caches.lrucache - 217 - INFO - LruCache._expire_old_entries-7 - Dropped 0 items from caches
2025-03-26 17:24:24,537 - synapse.storage.databases.main.event_push_actions - 1396 - INFO - rotate_notifs-8 - Rotating notifications
2025-03-26 17:24:24,539 - synapse.storage.databases.main.event_push_actions - 1599 - INFO - rotate_notifs-8 - Rotating notifications up to: 1
2025-03-26 17:24:24,541 - synapse.storage.databases.main.event_push_actions - 1685 - INFO - rotate_notifs-8 - Rotating notifications, handling 0 rows
2025-03-26 17:24:24,551 - synapse.storage.databases.main.event_push_actions - 1770 - INFO - rotate_notifs-8 - Rotating notifications, deleted 0 push actions
2025-03-26 17:24:24,598 - synapse.util.caches.lrucache - 217 - INFO - LruCache._expire_old_entries-8 - Dropped 0 items from caches
2025-03-26 17:24:54,537 - synapse.storage.databases.main.event_push_actions - 1396 - INFO - rotate_notifs-9 - Rotating notifications
2025-03-26 17:24:54,540 - synapse.storage.databases.main.event_push_actions - 1599 - INFO - rotate_notifs-9 - Rotating notifications up to: 1
2025-03-26 17:24:54,543 - synapse.storage.databases.main.event_push_actions - 1685 - INFO - rotate_notifs-9 - Rotating notifications, handling 0 rows
2025-03-26 17:24:54,552 - synapse.storage.databases.main.event_push_actions - 1770 - INFO - rotate_notifs-9 - Rotating notifications, deleted 0 push actions
2025-03-26 17:24:54,598 - synapse.util.caches.lrucache - 217 - INFO - LruCache._expire_old_entries-9 - Dropped 0 items from caches
2025-03-26 17:24:54,623 - synapse.app.homeserver - 71 - INFO - phone_stats_home-0 - Gathering stats for reporting
2025-03-26 17:24:54,623 - synapse.storage.databases.main.metrics - 399 - INFO - generate_user_daily_visits-0 - Calling _generate_user_daily_visits
2025-03-26 17:24:54,647 - synapse.app.homeserver - 159 - INFO - phone_stats_home-0 - Reporting stats to https://matrix.org/report-usage-stats/push: {'memory_rss': 233424, 'cpu_average': 0, 'homeserver': 'matrix.localhost', 'server_context': None, 'timestamp': 1743009894, 'uptime_seconds': 300, 'python_version': '3.12.9', 'total_users': 1, 'total_nonbridged_users': 1, 'daily_user_type_native': 1, 'daily_user_type_guest': 0, 'daily_user_type_bridged': 0, 'total_room_count': 0, 'daily_active_users': 1, 'monthly_active_users': 1, 'daily_active_e2ee_rooms': 0, 'daily_e2ee_messages': 0, 'daily_sent_e2ee_messages': 0, 'daily_active_rooms': 0, 'daily_messages': 0, 'daily_sent_messages': 0, 'r30v2_users_ios': 0, 'r30v2_users_android': 0, 'r30v2_users_web': 0, 'r30v2_users_electron': 0, 'r30v2_users_all': 0, 'cache_factor': 0.5, 'event_cache_size': 10240, 'database_engine': 'psycopg2', 'database_server_version': '15.12', 'log_level': 'INFO'}
2025-03-26 17:24:55,240 - synapse.http.client - 451 - INFO - phone_stats_home-0 - Error sending request to  PUT https://matrix.org/report-usage-stats/push: RequestTransmissionFailed [<twisted.python.failure.Failure OpenSSL.SSL.Error: [('system library', '', ''), ('system library', '', ''), ('system library', '', ''), ('system library', '', ''), ('system library', '', ''), ('SSL routines', '', 'certificate verify failed')]>]
2025-03-26 17:24:55,240 - synapse.app.homeserver - 167 - WARNING - phone_stats_home-0 - Error reporting stats: [<twisted.python.failure.Failure OpenSSL.SSL.Error: [('system library', '', ''), ('system library', '', ''), ('system library', '', ''), ('system library', '', ''), ('system library', '', ''), ('SSL routines', '', 'certificate verify failed')]>]
2025-03-26 17:25:24,539 - synapse.storage.databases.main.event_push_actions - 1396 - INFO - rotate_notifs-10 - Rotating notifications
2025-03-26 17:25:24,540 - synapse.storage.databases.main.event_push_actions - 1599 - INFO - rotate_notifs-10 - Rotating notifications up to: 1
2025-03-26 17:25:24,543 - synapse.storage.databases.main.event_push_actions - 1685 - INFO - rotate_notifs-10 - Rotating notifications, handling 0 rows
2025-03-26 17:25:24,550 - synapse.storage.databases.main.event_push_actions - 1770 - INFO - rotate_notifs-10 - Rotating notifications, deleted 0 push actions
2025-03-26 17:25:24,598 - synapse.util.caches.lrucache - 217 - INFO - LruCache._expire_old_entries-10 - Dropped 0 items from caches
2025-03-26 17:25:54,535 - synapse.storage.databases.main.event_push_actions - 1396 - INFO - rotate_notifs-11 - Rotating notifications
2025-03-26 17:25:54,536 - synapse.storage.databases.main.event_push_actions - 1599 - INFO - rotate_notifs-11 - Rotating notifications up to: 1
2025-03-26 17:25:54,539 - synapse.storage.databases.main.event_push_actions - 1685 - INFO - rotate_notifs-11 - Rotating notifications, handling 0 rows
2025-03-26 17:25:54,546 - synapse.storage.databases.main.event_push_actions - 1770 - INFO - rotate_notifs-11 - Rotating notifications, deleted 0 push actions
2025-03-26 17:25:54,598 - synapse.util.caches.lrucache - 217 - INFO - LruCache._expire_old_entries-11 - Dropped 0 items from caches
2025-03-26 17:26:00,915 - synapse.access.http.8008 - 508 - INFO - GET-3 - 10.89.0.1 - 8008 - {None} Processed request: 0.000sec/-0.000sec (0.000sec, 0.000sec) (0.000sec/0.000sec/0) 208B 302 "GET / HTTP/1.1" "Mozilla/5.0 (Windows NT 10.0; Win64; x64) AppleWebKit/537.36 (KHTML, like Gecko) Chrome/134.0.0.0 Safari/537.36" [0 dbevts]
2025-03-26 17:26:00,939 - synapse.access.http.8008 - 508 - INFO - GET-4 - 10.89.0.1 - 8008 - {None} Processed request: 0.001sec/-0.000sec (0.000sec, 0.000sec) (0.000sec/0.000sec/0) 210B 302 "GET /_matrix/static HTTP/1.1" "Mozilla/5.0 (Windows NT 10.0; Win64; x64) AppleWebKit/537.36 (KHTML, like Gecko) Chrome/134.0.0.0 Safari/537.36" [0 dbevts]
2025-03-26 17:26:00,949 - synapse.access.http.8008 - 508 - INFO - GET-5 - 10.89.0.1 - 8008 - {None} Processed request: 0.001sec/-0.000sec (0.000sec, 0.000sec) (0.000sec/0.000sec/0) 10145B 200 "GET /_matrix/static/ HTTP/1.1" "Mozilla/5.0 (Windows NT 10.0; Win64; x64) AppleWebKit/537.36 (KHTML, like Gecko) Chrome/134.0.0.0 Safari/537.36" [0 dbevts]
2025-03-26 17:26:13,244 - synapse.access.http.8008 - 508 - INFO - GET-7 - 10.89.0.1 - 8008 - {None} Processed request: 0.001sec/0.001sec (0.001sec, 0.000sec) (0.000sec/0.000sec/0) 1036B 200 "GET /_matrix/client/versions HTTP/1.1" "Mozilla/5.0 (Windows NT 10.0; Win64; x64) AppleWebKit/537.36 (KHTML, like Gecko) Chrome/134.0.0.0 Safari/537.36" [0 dbevts]
2025-03-26 17:26:13,262 - synapse.http.server - 130 - INFO - GET-9 - <XForwardedForRequest at 0x7fe006b61d30 method='GET' uri='/_matrix/client/unstable/org.matrix.msc2965/auth_metadata' clientproto='HTTP/1.1' site='8008'> SynapseError: 404 - Unrecognized request
2025-03-26 17:26:13,263 - synapse.access.http.8008 - 508 - INFO - GET-9 - 10.89.0.1 - 8008 - {None} Processed request: 0.001sec/0.001sec (0.000sec, 0.000sec) (0.000sec/0.000sec/0) 59B 404 "GET /_matrix/client/unstable/org.matrix.msc2965/auth_metadata HTTP/1.1" "Mozilla/5.0 (Windows NT 10.0; Win64; x64) AppleWebKit/537.36 (KHTML, like Gecko) Chrome/134.0.0.0 Safari/537.36" [0 dbevts]
2025-03-26 17:26:13,274 - synapse.http.server - 130 - INFO - GET-11 - <XForwardedForRequest at 0x7fe008123ef0 method='GET' uri='/_matrix/client/unstable/org.matrix.msc2965/auth_issuer' clientproto='HTTP/1.1' site='8008'> SynapseError: 404 - Unrecognized request
2025-03-26 17:26:13,275 - synapse.access.http.8008 - 508 - INFO - GET-11 - 10.89.0.1 - 8008 - {None} Processed request: 0.000sec/0.000sec (0.000sec, 0.000sec) (0.000sec/0.000sec/0) 59B 404 "GET /_matrix/client/unstable/org.matrix.msc2965/auth_issuer HTTP/1.1" "Mozilla/5.0 (Windows NT 10.0; Win64; x64) AppleWebKit/537.36 (KHTML, like Gecko) Chrome/134.0.0.0 Safari/537.36" [0 dbevts]
2025-03-26 17:26:13,290 - synapse.access.http.8008 - 508 - INFO - GET-12 - 10.89.0.1 - 8008 - {None} Processed request: 0.000sec/0.001sec (0.000sec, 0.000sec) (0.000sec/0.000sec/0) 1036B 200 "GET /_matrix/client/versions HTTP/1.1" "Mozilla/5.0 (Windows NT 10.0; Win64; x64) AppleWebKit/537.36 (KHTML, like Gecko) Chrome/134.0.0.0 Safari/537.36" [0 dbevts]
2025-03-26 17:26:13,762 - synapse.http.server - 130 - INFO - GET-14 - <XForwardedForRequest at 0x7fe006bbe300 method='GET' uri='/_matrix/client/unstable/org.matrix.msc2965/auth_metadata' clientproto='HTTP/1.1' site='8008'> SynapseError: 404 - Unrecognized request
2025-03-26 17:26:13,763 - synapse.access.http.8008 - 508 - INFO - GET-14 - 10.89.0.1 - 8008 - {None} Processed request: 0.001sec/0.001sec (0.000sec, 0.000sec) (0.000sec/0.000sec/0) 59B 404 "GET /_matrix/client/unstable/org.matrix.msc2965/auth_metadata HTTP/1.1" "Mozilla/5.0 (Windows NT 10.0; Win64; x64) AppleWebKit/537.36 (KHTML, like Gecko) Chrome/134.0.0.0 Safari/537.36" [0 dbevts]
2025-03-26 17:26:13,774 - synapse.http.server - 130 - INFO - GET-16 - <XForwardedForRequest at 0x7fe006b00dd0 method='GET' uri='/_matrix/client/unstable/org.matrix.msc2965/auth_issuer' clientproto='HTTP/1.1' site='8008'> SynapseError: 404 - Unrecognized request
2025-03-26 17:26:13,775 - synapse.access.http.8008 - 508 - INFO - GET-16 - 10.89.0.1 - 8008 - {None} Processed request: 0.001sec/0.000sec (0.000sec, 0.000sec) (0.000sec/0.000sec/0) 59B 404 "GET /_matrix/client/unstable/org.matrix.msc2965/auth_issuer HTTP/1.1" "Mozilla/5.0 (Windows NT 10.0; Win64; x64) AppleWebKit/537.36 (KHTML, like Gecko) Chrome/134.0.0.0 Safari/537.36" [0 dbevts]
2025-03-26 17:26:13,789 - synapse.access.http.8008 - 508 - INFO - GET-18 - 10.89.0.1 - 8008 - {None} Processed request: 0.000sec/0.001sec (0.000sec, 0.000sec) (0.000sec/0.000sec/0) 78B 200 "GET /_matrix/client/v3/login HTTP/1.1" "Mozilla/5.0 (Windows NT 10.0; Win64; x64) AppleWebKit/537.36 (KHTML, like Gecko) Chrome/134.0.0.0 Safari/537.36" [0 dbevts]
2025-03-26 17:26:24,536 - synapse.storage.databases.main.event_push_actions - 1396 - INFO - rotate_notifs-12 - Rotating notifications
2025-03-26 17:26:24,539 - synapse.storage.databases.main.event_push_actions - 1599 - INFO - rotate_notifs-12 - Rotating notifications up to: 1
2025-03-26 17:26:24,542 - synapse.storage.databases.main.event_push_actions - 1685 - INFO - rotate_notifs-12 - Rotating notifications, handling 0 rows
2025-03-26 17:26:24,554 - synapse.storage.databases.main.event_push_actions - 1770 - INFO - rotate_notifs-12 - Rotating notifications, deleted 0 push actions
2025-03-26 17:26:24,598 - synapse.util.caches.lrucache - 217 - INFO - LruCache._expire_old_entries-12 - Dropped 0 items from caches
2025-03-26 17:26:54,533 - synapse.storage.databases.main.event_push_actions - 1396 - INFO - rotate_notifs-13 - Rotating notifications
2025-03-26 17:26:54,535 - synapse.storage.databases.main.event_push_actions - 1599 - INFO - rotate_notifs-13 - Rotating notifications up to: 1
2025-03-26 17:26:54,536 - synapse.storage.databases.main.event_push_actions - 1685 - INFO - rotate_notifs-13 - Rotating notifications, handling 0 rows
2025-03-26 17:26:54,543 - synapse.storage.databases.main.event_push_actions - 1770 - INFO - rotate_notifs-13 - Rotating notifications, deleted 0 push actions
2025-03-26 17:26:54,598 - synapse.util.caches.lrucache - 217 - INFO - LruCache._expire_old_entries-13 - Dropped 0 items from caches
2025-03-26 17:27:13,790 - twisted - 279 - INFO - sentinel - Timing out client: IPv6Address(type='TCP', host='::ffff:10.89.0.4', port=44364, flowInfo=0, scopeID=0)
2025-03-26 17:27:24,532 - synapse.storage.databases.main.event_push_actions - 1396 - INFO - rotate_notifs-14 - Rotating notifications
2025-03-26 17:27:24,534 - synapse.storage.databases.main.event_push_actions - 1599 - INFO - rotate_notifs-14 - Rotating notifications up to: 1
2025-03-26 17:27:24,535 - synapse.storage.databases.main.event_push_actions - 1685 - INFO - rotate_notifs-14 - Rotating notifications, handling 0 rows
2025-03-26 17:27:24,542 - synapse.storage.databases.main.event_push_actions - 1770 - INFO - rotate_notifs-14 - Rotating notifications, deleted 0 push actions
2025-03-26 17:27:24,598 - synapse.util.caches.lrucache - 217 - INFO - LruCache._expire_old_entries-14 - Dropped 0 items from caches
2025-03-26 17:27:54,538 - synapse.storage.databases.main.event_push_actions - 1396 - INFO - rotate_notifs-15 - Rotating notifications
2025-03-26 17:27:54,541 - synapse.storage.databases.main.event_push_actions - 1599 - INFO - rotate_notifs-15 - Rotating notifications up to: 1
2025-03-26 17:27:54,544 - synapse.storage.databases.main.event_push_actions - 1685 - INFO - rotate_notifs-15 - Rotating notifications, handling 0 rows
2025-03-26 17:27:54,555 - synapse.storage.databases.main.event_push_actions - 1770 - INFO - rotate_notifs-15 - Rotating notifications, deleted 0 push actions
2025-03-26 17:27:54,598 - synapse.util.caches.lrucache - 217 - INFO - LruCache._expire_old_entries-15 - Dropped 0 items from caches
2025-03-26 17:28:24,536 - synapse.storage.databases.main.event_push_actions - 1396 - INFO - rotate_notifs-16 - Rotating notifications
2025-03-26 17:28:24,538 - synapse.storage.databases.main.event_push_actions - 1599 - INFO - rotate_notifs-16 - Rotating notifications up to: 1
2025-03-26 17:28:24,541 - synapse.storage.databases.main.event_push_actions - 1685 - INFO - rotate_notifs-16 - Rotating notifications, handling 0 rows
2025-03-26 17:28:24,551 - synapse.storage.databases.main.event_push_actions - 1770 - INFO - rotate_notifs-16 - Rotating notifications, deleted 0 push actions
2025-03-26 17:28:24,598 - synapse.util.caches.lrucache - 217 - INFO - LruCache._expire_old_entries-16 - Dropped 0 items from caches
2025-03-26 17:28:54,537 - synapse.storage.databases.main.event_push_actions - 1396 - INFO - rotate_notifs-17 - Rotating notifications
2025-03-26 17:28:54,538 - synapse.storage.databases.main.event_push_actions - 1599 - INFO - rotate_notifs-17 - Rotating notifications up to: 1
2025-03-26 17:28:54,539 - synapse.storage.databases.main.event_push_actions - 1685 - INFO - rotate_notifs-17 - Rotating notifications, handling 0 rows
2025-03-26 17:28:54,545 - synapse.storage.databases.main.event_push_actions - 1770 - INFO - rotate_notifs-17 - Rotating notifications, deleted 0 push actions
2025-03-26 17:28:54,598 - synapse.util.caches.lrucache - 217 - INFO - LruCache._expire_old_entries-17 - Dropped 0 items from caches
2025-03-26 17:29:24,543 - synapse.storage.databases.main.event_push_actions - 1396 - INFO - rotate_notifs-18 - Rotating notifications
2025-03-26 17:29:24,545 - synapse.storage.databases.main.event_push_actions - 1599 - INFO - rotate_notifs-18 - Rotating notifications up to: 1
2025-03-26 17:29:24,548 - synapse.storage.databases.main.event_push_actions - 1685 - INFO - rotate_notifs-18 - Rotating notifications, handling 0 rows
2025-03-26 17:29:24,556 - synapse.storage.databases.main.event_push_actions - 1770 - INFO - rotate_notifs-18 - Rotating notifications, deleted 0 push actions
2025-03-26 17:29:24,598 - synapse.util.caches.lrucache - 217 - INFO - LruCache._expire_old_entries-18 - Dropped 0 items from caches
2025-03-26 17:29:54,529 - synapse.storage.databases.main.event_push_actions - 1242 - INFO - event_push_action_stream_orderings-0 - Searching for stream ordering 1 month ago
2025-03-26 17:29:54,531 - synapse.storage.databases.main.event_push_actions - 1246 - INFO - event_push_action_stream_orderings-0 - Found stream ordering 1 month ago: it's 0
2025-03-26 17:29:54,531 - synapse.storage.databases.main.event_push_actions - 1249 - INFO - event_push_action_stream_orderings-0 - Searching for stream ordering 1 day ago
2025-03-26 17:29:54,531 - synapse.storage.databases.main.event_push_actions - 1253 - INFO - event_push_action_stream_orderings-0 - Found stream ordering 1 day ago: it's 0
2025-03-26 17:29:54,541 - synapse.storage.databases.main.event_push_actions - 1396 - INFO - rotate_notifs-19 - Rotating notifications
2025-03-26 17:29:54,543 - synapse.storage.databases.main.event_push_actions - 1599 - INFO - rotate_notifs-19 - Rotating notifications up to: 1
2025-03-26 17:29:54,545 - synapse.storage.databases.main.event_push_actions - 1685 - INFO - rotate_notifs-19 - Rotating notifications, handling 0 rows
2025-03-26 17:29:54,553 - synapse.storage.databases.main.event_push_actions - 1770 - INFO - rotate_notifs-19 - Rotating notifications, deleted 0 push actions
2025-03-26 17:29:54,598 - synapse.util.caches.lrucache - 217 - INFO - LruCache._expire_old_entries-19 - Dropped 0 items from caches
2025-03-26 17:29:54,623 - synapse.storage.databases.main.metrics - 399 - INFO - generate_user_daily_visits-1 - Calling _generate_user_daily_visits
2025-03-26 17:30:24,536 - synapse.storage.databases.main.event_push_actions - 1396 - INFO - rotate_notifs-20 - Rotating notifications
2025-03-26 17:30:24,538 - synapse.storage.databases.main.event_push_actions - 1599 - INFO - rotate_notifs-20 - Rotating notifications up to: 1
2025-03-26 17:30:24,541 - synapse.storage.databases.main.event_push_actions - 1685 - INFO - rotate_notifs-20 - Rotating notifications, handling 0 rows
2025-03-26 17:30:24,548 - synapse.storage.databases.main.event_push_actions - 1770 - INFO - rotate_notifs-20 - Rotating notifications, deleted 0 push actions
2025-03-26 17:30:24,598 - synapse.util.caches.lrucache - 217 - INFO - LruCache._expire_old_entries-20 - Dropped 0 items from caches
2025-03-26 17:30:54,533 - synapse.storage.databases.main.event_push_actions - 1396 - INFO - rotate_notifs-21 - Rotating notifications
2025-03-26 17:30:54,534 - synapse.storage.databases.main.event_push_actions - 1599 - INFO - rotate_notifs-21 - Rotating notifications up to: 1
2025-03-26 17:30:54,536 - synapse.storage.databases.main.event_push_actions - 1685 - INFO - rotate_notifs-21 - Rotating notifications, handling 0 rows
2025-03-26 17:30:54,542 - synapse.storage.databases.main.event_push_actions - 1770 - INFO - rotate_notifs-21 - Rotating notifications, deleted 0 push actions
2025-03-26 17:30:54,597 - synapse.util.caches.lrucache - 217 - INFO - LruCache._expire_old_entries-21 - Dropped 0 items from caches
2025-03-26 17:31:24,533 - synapse.storage.databases.main.event_push_actions - 1396 - INFO - rotate_notifs-22 - Rotating notifications
2025-03-26 17:31:24,534 - synapse.storage.databases.main.event_push_actions - 1599 - INFO - rotate_notifs-22 - Rotating notifications up to: 1
2025-03-26 17:31:24,536 - synapse.storage.databases.main.event_push_actions - 1685 - INFO - rotate_notifs-22 - Rotating notifications, handling 0 rows
2025-03-26 17:31:24,542 - synapse.storage.databases.main.event_push_actions - 1770 - INFO - rotate_notifs-22 - Rotating notifications, deleted 0 push actions
2025-03-26 17:31:24,598 - synapse.util.caches.lrucache - 217 - INFO - LruCache._expire_old_entries-22 - Dropped 0 items from caches
2025-03-26 17:31:54,538 - synapse.storage.databases.main.event_push_actions - 1396 - INFO - rotate_notifs-23 - Rotating notifications
2025-03-26 17:31:54,540 - synapse.storage.databases.main.event_push_actions - 1599 - INFO - rotate_notifs-23 - Rotating notifications up to: 1
2025-03-26 17:31:54,542 - synapse.storage.databases.main.event_push_actions - 1685 - INFO - rotate_notifs-23 - Rotating notifications, handling 0 rows
2025-03-26 17:31:54,553 - synapse.storage.databases.main.event_push_actions - 1770 - INFO - rotate_notifs-23 - Rotating notifications, deleted 0 push actions
2025-03-26 17:31:54,598 - synapse.util.caches.lrucache - 217 - INFO - LruCache._expire_old_entries-23 - Dropped 0 items from caches
2025-03-26 17:32:24,537 - synapse.storage.databases.main.event_push_actions - 1396 - INFO - rotate_notifs-24 - Rotating notifications
2025-03-26 17:32:24,539 - synapse.storage.databases.main.event_push_actions - 1599 - INFO - rotate_notifs-24 - Rotating notifications up to: 1
2025-03-26 17:32:24,542 - synapse.storage.databases.main.event_push_actions - 1685 - INFO - rotate_notifs-24 - Rotating notifications, handling 0 rows
2025-03-26 17:32:24,550 - synapse.storage.databases.main.event_push_actions - 1770 - INFO - rotate_notifs-24 - Rotating notifications, deleted 0 push actions
2025-03-26 17:32:24,599 - synapse.util.caches.lrucache - 217 - INFO - LruCache._expire_old_entries-24 - Dropped 0 items from caches
2025-03-26 17:32:54,536 - synapse.storage.databases.main.event_push_actions - 1396 - INFO - rotate_notifs-25 - Rotating notifications
2025-03-26 17:32:54,539 - synapse.storage.databases.main.event_push_actions - 1599 - INFO - rotate_notifs-25 - Rotating notifications up to: 1
2025-03-26 17:32:54,541 - synapse.storage.databases.main.event_push_actions - 1685 - INFO - rotate_notifs-25 - Rotating notifications, handling 0 rows
2025-03-26 17:32:54,551 - synapse.storage.databases.main.event_push_actions - 1770 - INFO - rotate_notifs-25 - Rotating notifications, deleted 0 push actions
2025-03-26 17:32:54,598 - synapse.util.caches.lrucache - 217 - INFO - LruCache._expire_old_entries-25 - Dropped 0 items from caches
2025-03-26 17:33:24,536 - synapse.storage.databases.main.event_push_actions - 1396 - INFO - rotate_notifs-26 - Rotating notifications
2025-03-26 17:33:24,539 - synapse.storage.databases.main.event_push_actions - 1599 - INFO - rotate_notifs-26 - Rotating notifications up to: 1
2025-03-26 17:33:24,542 - synapse.storage.databases.main.event_push_actions - 1685 - INFO - rotate_notifs-26 - Rotating notifications, handling 0 rows
2025-03-26 17:33:24,552 - synapse.storage.databases.main.event_push_actions - 1770 - INFO - rotate_notifs-26 - Rotating notifications, deleted 0 push actions
2025-03-26 17:33:24,598 - synapse.util.caches.lrucache - 217 - INFO - LruCache._expire_old_entries-26 - Dropped 0 items from caches
2025-03-26 17:33:54,534 - synapse.storage.databases.main.event_push_actions - 1396 - INFO - rotate_notifs-27 - Rotating notifications
2025-03-26 17:33:54,536 - synapse.storage.databases.main.event_push_actions - 1599 - INFO - rotate_notifs-27 - Rotating notifications up to: 1
2025-03-26 17:33:54,538 - synapse.storage.databases.main.event_push_actions - 1685 - INFO - rotate_notifs-27 - Rotating notifications, handling 0 rows
2025-03-26 17:33:54,545 - synapse.storage.databases.main.event_push_actions - 1770 - INFO - rotate_notifs-27 - Rotating notifications, deleted 0 push actions
2025-03-26 17:33:54,598 - synapse.util.caches.lrucache - 217 - INFO - LruCache._expire_old_entries-27 - Dropped 0 items from caches
2025-03-26 17:34:24,534 - synapse.storage.databases.main.event_push_actions - 1396 - INFO - rotate_notifs-28 - Rotating notifications
2025-03-26 17:34:24,535 - synapse.storage.databases.main.event_push_actions - 1599 - INFO - rotate_notifs-28 - Rotating notifications up to: 1
2025-03-26 17:34:24,537 - synapse.storage.databases.main.event_push_actions - 1685 - INFO - rotate_notifs-28 - Rotating notifications, handling 0 rows
2025-03-26 17:34:24,543 - synapse.storage.databases.main.event_push_actions - 1770 - INFO - rotate_notifs-28 - Rotating notifications, deleted 0 push actions
2025-03-26 17:34:24,598 - synapse.util.caches.lrucache - 217 - INFO - LruCache._expire_old_entries-28 - Dropped 0 items from caches
2025-03-26 17:34:54,537 - synapse.storage.databases.main.event_push_actions - 1396 - INFO - rotate_notifs-29 - Rotating notifications
2025-03-26 17:34:54,538 - synapse.storage.databases.main.event_push_actions - 1599 - INFO - rotate_notifs-29 - Rotating notifications up to: 1
2025-03-26 17:34:54,540 - synapse.storage.databases.main.event_push_actions - 1685 - INFO - rotate_notifs-29 - Rotating notifications, handling 0 rows
2025-03-26 17:34:54,547 - synapse.storage.databases.main.event_push_actions - 1770 - INFO - rotate_notifs-29 - Rotating notifications, deleted 0 push actions
2025-03-26 17:34:54,597 - synapse.util.caches.lrucache - 217 - INFO - LruCache._expire_old_entries-29 - Dropped 0 items from caches
2025-03-26 17:34:54,624 - synapse.storage.databases.main.metrics - 399 - INFO - generate_user_daily_visits-2 - Calling _generate_user_daily_visits
2025-03-26 17:35:24,537 - synapse.storage.databases.main.event_push_actions - 1396 - INFO - rotate_notifs-30 - Rotating notifications
2025-03-26 17:35:24,540 - synapse.storage.databases.main.event_push_actions - 1599 - INFO - rotate_notifs-30 - Rotating notifications up to: 1
2025-03-26 17:35:24,543 - synapse.storage.databases.main.event_push_actions - 1685 - INFO - rotate_notifs-30 - Rotating notifications, handling 0 rows
2025-03-26 17:35:24,554 - synapse.storage.databases.main.event_push_actions - 1770 - INFO - rotate_notifs-30 - Rotating notifications, deleted 0 push actions
2025-03-26 17:35:24,598 - synapse.util.caches.lrucache - 217 - INFO - LruCache._expire_old_entries-30 - Dropped 0 items from caches
2025-03-26 17:35:54,535 - synapse.storage.databases.main.event_push_actions - 1396 - INFO - rotate_notifs-31 - Rotating notifications
2025-03-26 17:35:54,537 - synapse.storage.databases.main.event_push_actions - 1599 - INFO - rotate_notifs-31 - Rotating notifications up to: 1
2025-03-26 17:35:54,539 - synapse.storage.databases.main.event_push_actions - 1685 - INFO - rotate_notifs-31 - Rotating notifications, handling 0 rows
2025-03-26 17:35:54,547 - synapse.storage.databases.main.event_push_actions - 1770 - INFO - rotate_notifs-31 - Rotating notifications, deleted 0 push actions
2025-03-26 17:35:54,598 - synapse.util.caches.lrucache - 217 - INFO - LruCache._expire_old_entries-31 - Dropped 0 items from caches
2025-03-26 17:36:24,535 - synapse.storage.databases.main.event_push_actions - 1396 - INFO - rotate_notifs-32 - Rotating notifications
2025-03-26 17:36:24,537 - synapse.storage.databases.main.event_push_actions - 1599 - INFO - rotate_notifs-32 - Rotating notifications up to: 1
2025-03-26 17:36:24,539 - synapse.storage.databases.main.event_push_actions - 1685 - INFO - rotate_notifs-32 - Rotating notifications, handling 0 rows
2025-03-26 17:36:24,547 - synapse.storage.databases.main.event_push_actions - 1770 - INFO - rotate_notifs-32 - Rotating notifications, deleted 0 push actions
2025-03-26 17:36:24,598 - synapse.util.caches.lrucache - 217 - INFO - LruCache._expire_old_entries-32 - Dropped 0 items from caches
2025-03-26 17:36:54,536 - synapse.storage.databases.main.event_push_actions - 1396 - INFO - rotate_notifs-33 - Rotating notifications
2025-03-26 17:36:54,538 - synapse.storage.databases.main.event_push_actions - 1599 - INFO - rotate_notifs-33 - Rotating notifications up to: 1
2025-03-26 17:36:54,541 - synapse.storage.databases.main.event_push_actions - 1685 - INFO - rotate_notifs-33 - Rotating notifications, handling 0 rows
2025-03-26 17:36:54,550 - synapse.storage.databases.main.event_push_actions - 1770 - INFO - rotate_notifs-33 - Rotating notifications, deleted 0 push actions
2025-03-26 17:36:54,598 - synapse.util.caches.lrucache - 217 - INFO - LruCache._expire_old_entries-33 - Dropped 0 items from caches
2025-03-26 17:36:54,673 - synapse.metrics._gc - 127 - INFO - sentinel - Collecting gc 1
2025-03-26 17:37:24,537 - synapse.storage.databases.main.event_push_actions - 1396 - INFO - rotate_notifs-34 - Rotating notifications
2025-03-26 17:37:24,540 - synapse.storage.databases.main.event_push_actions - 1599 - INFO - rotate_notifs-34 - Rotating notifications up to: 1
2025-03-26 17:37:24,543 - synapse.storage.databases.main.event_push_actions - 1685 - INFO - rotate_notifs-34 - Rotating notifications, handling 0 rows
2025-03-26 17:37:24,553 - synapse.storage.databases.main.event_push_actions - 1770 - INFO - rotate_notifs-34 - Rotating notifications, deleted 0 push actions
2025-03-26 17:37:24,598 - synapse.util.caches.lrucache - 217 - INFO - LruCache._expire_old_entries-34 - Dropped 0 items from caches
2025-03-26 17:37:54,538 - synapse.storage.databases.main.event_push_actions - 1396 - INFO - rotate_notifs-35 - Rotating notifications
2025-03-26 17:37:54,540 - synapse.storage.databases.main.event_push_actions - 1599 - INFO - rotate_notifs-35 - Rotating notifications up to: 1
2025-03-26 17:37:54,543 - synapse.storage.databases.main.event_push_actions - 1685 - INFO - rotate_notifs-35 - Rotating notifications, handling 0 rows
2025-03-26 17:37:54,553 - synapse.storage.databases.main.event_push_actions - 1770 - INFO - rotate_notifs-35 - Rotating notifications, deleted 0 push actions
2025-03-26 17:37:54,598 - synapse.util.caches.lrucache - 217 - INFO - LruCache._expire_old_entries-35 - Dropped 0 items from caches
2025-03-26 17:38:24,537 - synapse.storage.databases.main.event_push_actions - 1396 - INFO - rotate_notifs-36 - Rotating notifications
2025-03-26 17:38:24,540 - synapse.storage.databases.main.event_push_actions - 1599 - INFO - rotate_notifs-36 - Rotating notifications up to: 1
2025-03-26 17:38:24,543 - synapse.storage.databases.main.event_push_actions - 1685 - INFO - rotate_notifs-36 - Rotating notifications, handling 0 rows
2025-03-26 17:38:24,553 - synapse.storage.databases.main.event_push_actions - 1770 - INFO - rotate_notifs-36 - Rotating notifications, deleted 0 push actions
2025-03-26 17:38:24,598 - synapse.util.caches.lrucache - 217 - INFO - LruCache._expire_old_entries-36 - Dropped 0 items from caches
2025-03-26 17:38:54,535 - synapse.storage.databases.main.event_push_actions - 1396 - INFO - rotate_notifs-37 - Rotating notifications
2025-03-26 17:38:54,536 - synapse.storage.databases.main.event_push_actions - 1599 - INFO - rotate_notifs-37 - Rotating notifications up to: 1
2025-03-26 17:38:54,538 - synapse.storage.databases.main.event_push_actions - 1685 - INFO - rotate_notifs-37 - Rotating notifications, handling 0 rows
2025-03-26 17:38:54,544 - synapse.storage.databases.main.event_push_actions - 1770 - INFO - rotate_notifs-37 - Rotating notifications, deleted 0 push actions
2025-03-26 17:38:54,598 - synapse.util.caches.lrucache - 217 - INFO - LruCache._expire_old_entries-37 - Dropped 0 items from caches
2025-03-26 17:39:24,536 - synapse.storage.databases.main.event_push_actions - 1396 - INFO - rotate_notifs-38 - Rotating notifications
2025-03-26 17:39:24,538 - synapse.storage.databases.main.event_push_actions - 1599 - INFO - rotate_notifs-38 - Rotating notifications up to: 1
2025-03-26 17:39:24,541 - synapse.storage.databases.main.event_push_actions - 1685 - INFO - rotate_notifs-38 - Rotating notifications, handling 0 rows
2025-03-26 17:39:24,552 - synapse.storage.databases.main.event_push_actions - 1770 - INFO - rotate_notifs-38 - Rotating notifications, deleted 0 push actions
2025-03-26 17:39:24,598 - synapse.util.caches.lrucache - 217 - INFO - LruCache._expire_old_entries-38 - Dropped 0 items from caches
2025-03-26 17:39:54,529 - synapse.storage.databases.main.event_push_actions - 1242 - INFO - event_push_action_stream_orderings-1 - Searching for stream ordering 1 month ago
2025-03-26 17:39:54,530 - synapse.storage.databases.main.event_push_actions - 1246 - INFO - event_push_action_stream_orderings-1 - Found stream ordering 1 month ago: it's 0
2025-03-26 17:39:54,530 - synapse.storage.databases.main.event_push_actions - 1249 - INFO - event_push_action_stream_orderings-1 - Searching for stream ordering 1 day ago
2025-03-26 17:39:54,531 - synapse.storage.databases.main.event_push_actions - 1253 - INFO - event_push_action_stream_orderings-1 - Found stream ordering 1 day ago: it's 0
2025-03-26 17:39:54,537 - synapse.storage.databases.main.event_push_actions - 1396 - INFO - rotate_notifs-39 - Rotating notifications
2025-03-26 17:39:54,540 - synapse.storage.databases.main.event_push_actions - 1599 - INFO - rotate_notifs-39 - Rotating notifications up to: 1
2025-03-26 17:39:54,543 - synapse.storage.databases.main.event_push_actions - 1685 - INFO - rotate_notifs-39 - Rotating notifications, handling 0 rows
2025-03-26 17:39:54,553 - synapse.storage.databases.main.event_push_actions - 1770 - INFO - rotate_notifs-39 - Rotating notifications, deleted 0 push actions
2025-03-26 17:39:54,597 - synapse.util.caches.lrucache - 217 - INFO - LruCache._expire_old_entries-39 - Dropped 0 items from caches
2025-03-26 17:39:54,623 - synapse.storage.databases.main.metrics - 399 - INFO - generate_user_daily_visits-3 - Calling _generate_user_daily_visits
2025-03-26 17:40:24,536 - synapse.storage.databases.main.event_push_actions - 1396 - INFO - rotate_notifs-40 - Rotating notifications
2025-03-26 17:40:24,539 - synapse.storage.databases.main.event_push_actions - 1599 - INFO - rotate_notifs-40 - Rotating notifications up to: 1
2025-03-26 17:40:24,542 - synapse.storage.databases.main.event_push_actions - 1685 - INFO - rotate_notifs-40 - Rotating notifications, handling 0 rows
2025-03-26 17:40:24,551 - synapse.storage.databases.main.event_push_actions - 1770 - INFO - rotate_notifs-40 - Rotating notifications, deleted 0 push actions
2025-03-26 17:40:24,597 - synapse.util.caches.lrucache - 217 - INFO - LruCache._expire_old_entries-40 - Dropped 0 items from caches
2025-03-26 17:40:54,535 - synapse.storage.databases.main.event_push_actions - 1396 - INFO - rotate_notifs-41 - Rotating notifications
2025-03-26 17:40:54,538 - synapse.storage.databases.main.event_push_actions - 1599 - INFO - rotate_notifs-41 - Rotating notifications up to: 1
2025-03-26 17:40:54,541 - synapse.storage.databases.main.event_push_actions - 1685 - INFO - rotate_notifs-41 - Rotating notifications, handling 0 rows
2025-03-26 17:40:54,551 - synapse.storage.databases.main.event_push_actions - 1770 - INFO - rotate_notifs-41 - Rotating notifications, deleted 0 push actions
2025-03-26 17:40:54,598 - synapse.util.caches.lrucache - 217 - INFO - LruCache._expire_old_entries-41 - Dropped 0 items from caches
2025-03-26 17:41:24,535 - synapse.storage.databases.main.event_push_actions - 1396 - INFO - rotate_notifs-42 - Rotating notifications
2025-03-26 17:41:24,537 - synapse.storage.databases.main.event_push_actions - 1599 - INFO - rotate_notifs-42 - Rotating notifications up to: 1
2025-03-26 17:41:24,539 - synapse.storage.databases.main.event_push_actions - 1685 - INFO - rotate_notifs-42 - Rotating notifications, handling 0 rows
2025-03-26 17:41:24,548 - synapse.storage.databases.main.event_push_actions - 1770 - INFO - rotate_notifs-42 - Rotating notifications, deleted 0 push actions
2025-03-26 17:41:24,598 - synapse.util.caches.lrucache - 217 - INFO - LruCache._expire_old_entries-42 - Dropped 0 items from caches
2025-03-26 17:41:54,537 - synapse.storage.databases.main.event_push_actions - 1396 - INFO - rotate_notifs-43 - Rotating notifications
2025-03-26 17:41:54,540 - synapse.storage.databases.main.event_push_actions - 1599 - INFO - rotate_notifs-43 - Rotating notifications up to: 1
2025-03-26 17:41:54,543 - synapse.storage.databases.main.event_push_actions - 1685 - INFO - rotate_notifs-43 - Rotating notifications, handling 0 rows
2025-03-26 17:41:54,553 - synapse.storage.databases.main.event_push_actions - 1770 - INFO - rotate_notifs-43 - Rotating notifications, deleted 0 push actions
2025-03-26 17:41:54,598 - synapse.util.caches.lrucache - 217 - INFO - LruCache._expire_old_entries-43 - Dropped 0 items from caches
2025-03-26 17:42:24,533 - synapse.storage.databases.main.event_push_actions - 1396 - INFO - rotate_notifs-44 - Rotating notifications
2025-03-26 17:42:24,535 - synapse.storage.databases.main.event_push_actions - 1599 - INFO - rotate_notifs-44 - Rotating notifications up to: 1
2025-03-26 17:42:24,536 - synapse.storage.databases.main.event_push_actions - 1685 - INFO - rotate_notifs-44 - Rotating notifications, handling 0 rows
2025-03-26 17:42:24,542 - synapse.storage.databases.main.event_push_actions - 1770 - INFO - rotate_notifs-44 - Rotating notifications, deleted 0 push actions
2025-03-26 17:42:24,598 - synapse.util.caches.lrucache - 217 - INFO - LruCache._expire_old_entries-44 - Dropped 0 items from caches
2025-03-26 17:42:54,534 - synapse.storage.databases.main.event_push_actions - 1396 - INFO - rotate_notifs-45 - Rotating notifications
2025-03-26 17:42:54,536 - synapse.storage.databases.main.event_push_actions - 1599 - INFO - rotate_notifs-45 - Rotating notifications up to: 1
2025-03-26 17:42:54,538 - synapse.storage.databases.main.event_push_actions - 1685 - INFO - rotate_notifs-45 - Rotating notifications, handling 0 rows
2025-03-26 17:42:54,547 - synapse.storage.databases.main.event_push_actions - 1770 - INFO - rotate_notifs-45 - Rotating notifications, deleted 0 push actions
2025-03-26 17:42:54,598 - synapse.util.caches.lrucache - 217 - INFO - LruCache._expire_old_entries-45 - Dropped 0 items from caches
2025-03-26 17:43:24,538 - synapse.storage.databases.main.event_push_actions - 1396 - INFO - rotate_notifs-46 - Rotating notifications
2025-03-26 17:43:24,541 - synapse.storage.databases.main.event_push_actions - 1599 - INFO - rotate_notifs-46 - Rotating notifications up to: 1
2025-03-26 17:43:24,544 - synapse.storage.databases.main.event_push_actions - 1685 - INFO - rotate_notifs-46 - Rotating notifications, handling 0 rows
2025-03-26 17:43:24,553 - synapse.storage.databases.main.event_push_actions - 1770 - INFO - rotate_notifs-46 - Rotating notifications, deleted 0 push actions
2025-03-26 17:43:24,598 - synapse.util.caches.lrucache - 217 - INFO - LruCache._expire_old_entries-46 - Dropped 0 items from caches
2025-03-26 17:43:54,537 - synapse.storage.databases.main.event_push_actions - 1396 - INFO - rotate_notifs-47 - Rotating notifications
2025-03-26 17:43:54,540 - synapse.storage.databases.main.event_push_actions - 1599 - INFO - rotate_notifs-47 - Rotating notifications up to: 1
2025-03-26 17:43:54,543 - synapse.storage.databases.main.event_push_actions - 1685 - INFO - rotate_notifs-47 - Rotating notifications, handling 0 rows
2025-03-26 17:43:54,553 - synapse.storage.databases.main.event_push_actions - 1770 - INFO - rotate_notifs-47 - Rotating notifications, deleted 0 push actions
2025-03-26 17:43:54,598 - synapse.util.caches.lrucache - 217 - INFO - LruCache._expire_old_entries-47 - Dropped 0 items from caches
2025-03-26 17:44:24,534 - synapse.storage.databases.main.event_push_actions - 1396 - INFO - rotate_notifs-48 - Rotating notifications
2025-03-26 17:44:24,535 - synapse.storage.databases.main.event_push_actions - 1599 - INFO - rotate_notifs-48 - Rotating notifications up to: 1
2025-03-26 17:44:24,537 - synapse.storage.databases.main.event_push_actions - 1685 - INFO - rotate_notifs-48 - Rotating notifications, handling 0 rows
2025-03-26 17:44:24,545 - synapse.storage.databases.main.event_push_actions - 1770 - INFO - rotate_notifs-48 - Rotating notifications, deleted 0 push actions
2025-03-26 17:44:24,597 - synapse.util.caches.lrucache - 217 - INFO - LruCache._expire_old_entries-48 - Dropped 0 items from caches
2025-03-26 17:44:54,537 - synapse.storage.databases.main.event_push_actions - 1396 - INFO - rotate_notifs-49 - Rotating notifications
2025-03-26 17:44:54,539 - synapse.storage.databases.main.event_push_actions - 1599 - INFO - rotate_notifs-49 - Rotating notifications up to: 1
2025-03-26 17:44:54,543 - synapse.storage.databases.main.event_push_actions - 1685 - INFO - rotate_notifs-49 - Rotating notifications, handling 0 rows
2025-03-26 17:44:54,553 - synapse.storage.databases.main.event_push_actions - 1770 - INFO - rotate_notifs-49 - Rotating notifications, deleted 0 push actions
2025-03-26 17:44:54,598 - synapse.util.caches.lrucache - 217 - INFO - LruCache._expire_old_entries-49 - Dropped 0 items from caches
2025-03-26 17:44:54,623 - synapse.storage.databases.main.metrics - 399 - INFO - generate_user_daily_visits-4 - Calling _generate_user_daily_visits
2025-03-26 17:45:24,535 - synapse.storage.databases.main.event_push_actions - 1396 - INFO - rotate_notifs-50 - Rotating notifications
2025-03-26 17:45:24,537 - synapse.storage.databases.main.event_push_actions - 1599 - INFO - rotate_notifs-50 - Rotating notifications up to: 1
2025-03-26 17:45:24,538 - synapse.storage.databases.main.event_push_actions - 1685 - INFO - rotate_notifs-50 - Rotating notifications, handling 0 rows
2025-03-26 17:45:24,546 - synapse.storage.databases.main.event_push_actions - 1770 - INFO - rotate_notifs-50 - Rotating notifications, deleted 0 push actions
2025-03-26 17:45:24,598 - synapse.util.caches.lrucache - 217 - INFO - LruCache._expire_old_entries-50 - Dropped 0 items from caches
2025-03-26 17:45:54,535 - synapse.storage.databases.main.event_push_actions - 1396 - INFO - rotate_notifs-51 - Rotating notifications
2025-03-26 17:45:54,537 - synapse.storage.databases.main.event_push_actions - 1599 - INFO - rotate_notifs-51 - Rotating notifications up to: 1
2025-03-26 17:45:54,540 - synapse.storage.databases.main.event_push_actions - 1685 - INFO - rotate_notifs-51 - Rotating notifications, handling 0 rows
2025-03-26 17:45:54,550 - synapse.storage.databases.main.event_push_actions - 1770 - INFO - rotate_notifs-51 - Rotating notifications, deleted 0 push actions
2025-03-26 17:45:54,598 - synapse.util.caches.lrucache - 217 - INFO - LruCache._expire_old_entries-51 - Dropped 0 items from caches
2025-03-26 17:46:24,539 - synapse.storage.databases.main.event_push_actions - 1396 - INFO - rotate_notifs-52 - Rotating notifications
2025-03-26 17:46:24,542 - synapse.storage.databases.main.event_push_actions - 1599 - INFO - rotate_notifs-52 - Rotating notifications up to: 1
2025-03-26 17:46:24,546 - synapse.storage.databases.main.event_push_actions - 1685 - INFO - rotate_notifs-52 - Rotating notifications, handling 0 rows
2025-03-26 17:46:24,557 - synapse.storage.databases.main.event_push_actions - 1770 - INFO - rotate_notifs-52 - Rotating notifications, deleted 0 push actions
2025-03-26 17:46:24,598 - synapse.util.caches.lrucache - 217 - INFO - LruCache._expire_old_entries-52 - Dropped 0 items from caches
2025-03-26 17:46:54,537 - synapse.storage.databases.main.event_push_actions - 1396 - INFO - rotate_notifs-53 - Rotating notifications
2025-03-26 17:46:54,539 - synapse.storage.databases.main.event_push_actions - 1599 - INFO - rotate_notifs-53 - Rotating notifications up to: 1
2025-03-26 17:46:54,542 - synapse.storage.databases.main.event_push_actions - 1685 - INFO - rotate_notifs-53 - Rotating notifications, handling 0 rows
2025-03-26 17:46:54,552 - synapse.storage.databases.main.event_push_actions - 1770 - INFO - rotate_notifs-53 - Rotating notifications, deleted 0 push actions
2025-03-26 17:46:54,598 - synapse.util.caches.lrucache - 217 - INFO - LruCache._expire_old_entries-53 - Dropped 0 items from caches
2025-03-26 17:47:24,535 - synapse.storage.databases.main.event_push_actions - 1396 - INFO - rotate_notifs-54 - Rotating notifications
2025-03-26 17:47:24,537 - synapse.storage.databases.main.event_push_actions - 1599 - INFO - rotate_notifs-54 - Rotating notifications up to: 1
2025-03-26 17:47:24,539 - synapse.storage.databases.main.event_push_actions - 1685 - INFO - rotate_notifs-54 - Rotating notifications, handling 0 rows
2025-03-26 17:47:24,547 - synapse.storage.databases.main.event_push_actions - 1770 - INFO - rotate_notifs-54 - Rotating notifications, deleted 0 push actions
2025-03-26 17:47:24,598 - synapse.util.caches.lrucache - 217 - INFO - LruCache._expire_old_entries-54 - Dropped 0 items from caches
2025-03-26 17:47:54,534 - synapse.storage.databases.main.event_push_actions - 1396 - INFO - rotate_notifs-55 - Rotating notifications
2025-03-26 17:47:54,535 - synapse.storage.databases.main.event_push_actions - 1599 - INFO - rotate_notifs-55 - Rotating notifications up to: 1
2025-03-26 17:47:54,537 - synapse.storage.databases.main.event_push_actions - 1685 - INFO - rotate_notifs-55 - Rotating notifications, handling 0 rows
2025-03-26 17:47:54,543 - synapse.storage.databases.main.event_push_actions - 1770 - INFO - rotate_notifs-55 - Rotating notifications, deleted 0 push actions
2025-03-26 17:47:54,598 - synapse.util.caches.lrucache - 217 - INFO - LruCache._expire_old_entries-55 - Dropped 0 items from caches
2025-03-26 17:48:24,534 - synapse.storage.databases.main.event_push_actions - 1396 - INFO - rotate_notifs-56 - Rotating notifications
2025-03-26 17:48:24,536 - synapse.storage.databases.main.event_push_actions - 1599 - INFO - rotate_notifs-56 - Rotating notifications up to: 1
2025-03-26 17:48:24,538 - synapse.storage.databases.main.event_push_actions - 1685 - INFO - rotate_notifs-56 - Rotating notifications, handling 0 rows
2025-03-26 17:48:24,546 - synapse.storage.databases.main.event_push_actions - 1770 - INFO - rotate_notifs-56 - Rotating notifications, deleted 0 push actions
2025-03-26 17:48:24,598 - synapse.util.caches.lrucache - 217 - INFO - LruCache._expire_old_entries-56 - Dropped 0 items from caches
2025-03-26 17:48:54,533 - synapse.storage.databases.main.event_push_actions - 1396 - INFO - rotate_notifs-57 - Rotating notifications
2025-03-26 17:48:54,535 - synapse.storage.databases.main.event_push_actions - 1599 - INFO - rotate_notifs-57 - Rotating notifications up to: 1
2025-03-26 17:48:54,537 - synapse.storage.databases.main.event_push_actions - 1685 - INFO - rotate_notifs-57 - Rotating notifications, handling 0 rows
2025-03-26 17:48:54,544 - synapse.storage.databases.main.event_push_actions - 1770 - INFO - rotate_notifs-57 - Rotating notifications, deleted 0 push actions
2025-03-26 17:48:54,598 - synapse.util.caches.lrucache - 217 - INFO - LruCache._expire_old_entries-57 - Dropped 0 items from caches
2025-03-26 17:49:24,538 - synapse.storage.databases.main.event_push_actions - 1396 - INFO - rotate_notifs-58 - Rotating notifications
2025-03-26 17:49:24,539 - synapse.storage.databases.main.event_push_actions - 1599 - INFO - rotate_notifs-58 - Rotating notifications up to: 1
2025-03-26 17:49:24,543 - synapse.storage.databases.main.event_push_actions - 1685 - INFO - rotate_notifs-58 - Rotating notifications, handling 0 rows
2025-03-26 17:49:24,552 - synapse.storage.databases.main.event_push_actions - 1770 - INFO - rotate_notifs-58 - Rotating notifications, deleted 0 push actions
2025-03-26 17:49:24,598 - synapse.util.caches.lrucache - 217 - INFO - LruCache._expire_old_entries-58 - Dropped 0 items from caches
2025-03-26 17:49:54,530 - synapse.storage.databases.main.event_push_actions - 1242 - INFO - event_push_action_stream_orderings-2 - Searching for stream ordering 1 month ago
2025-03-26 17:49:54,531 - synapse.storage.databases.main.event_push_actions - 1246 - INFO - event_push_action_stream_orderings-2 - Found stream ordering 1 month ago: it's 0
2025-03-26 17:49:54,531 - synapse.storage.databases.main.event_push_actions - 1249 - INFO - event_push_action_stream_orderings-2 - Searching for stream ordering 1 day ago
2025-03-26 17:49:54,533 - synapse.storage.databases.main.event_push_actions - 1253 - INFO - event_push_action_stream_orderings-2 - Found stream ordering 1 day ago: it's 0
2025-03-26 17:49:54,543 - synapse.storage.databases.main.event_push_actions - 1396 - INFO - rotate_notifs-59 - Rotating notifications
2025-03-26 17:49:54,545 - synapse.storage.databases.main.event_push_actions - 1599 - INFO - rotate_notifs-59 - Rotating notifications up to: 1
2025-03-26 17:49:54,547 - synapse.storage.databases.main.event_push_actions - 1685 - INFO - rotate_notifs-59 - Rotating notifications, handling 0 rows
2025-03-26 17:49:54,555 - synapse.storage.databases.main.event_push_actions - 1770 - INFO - rotate_notifs-59 - Rotating notifications, deleted 0 push actions
2025-03-26 17:49:54,598 - synapse.util.caches.lrucache - 217 - INFO - LruCache._expire_old_entries-59 - Dropped 0 items from caches
2025-03-26 17:49:54,622 - synapse.storage.databases.main.metrics - 399 - INFO - generate_user_daily_visits-5 - Calling _generate_user_daily_visits
2025-03-26 17:50:24,538 - synapse.storage.databases.main.event_push_actions - 1396 - INFO - rotate_notifs-60 - Rotating notifications
2025-03-26 17:50:24,541 - synapse.storage.databases.main.event_push_actions - 1599 - INFO - rotate_notifs-60 - Rotating notifications up to: 1
2025-03-26 17:50:24,544 - synapse.storage.databases.main.event_push_actions - 1685 - INFO - rotate_notifs-60 - Rotating notifications, handling 0 rows
2025-03-26 17:50:24,554 - synapse.storage.databases.main.event_push_actions - 1770 - INFO - rotate_notifs-60 - Rotating notifications, deleted 0 push actions
2025-03-26 17:50:24,598 - synapse.util.caches.lrucache - 217 - INFO - LruCache._expire_old_entries-60 - Dropped 0 items from caches
2025-03-26 17:50:54,535 - synapse.storage.databases.main.event_push_actions - 1396 - INFO - rotate_notifs-61 - Rotating notifications
2025-03-26 17:50:54,537 - synapse.storage.databases.main.event_push_actions - 1599 - INFO - rotate_notifs-61 - Rotating notifications up to: 1
2025-03-26 17:50:54,540 - synapse.storage.databases.main.event_push_actions - 1685 - INFO - rotate_notifs-61 - Rotating notifications, handling 0 rows
2025-03-26 17:50:54,547 - synapse.storage.databases.main.event_push_actions - 1770 - INFO - rotate_notifs-61 - Rotating notifications, deleted 0 push actions
2025-03-26 17:50:54,598 - synapse.util.caches.lrucache - 217 - INFO - LruCache._expire_old_entries-61 - Dropped 0 items from caches
2025-03-26 17:51:24,534 - synapse.storage.databases.main.event_push_actions - 1396 - INFO - rotate_notifs-62 - Rotating notifications
2025-03-26 17:51:24,535 - synapse.storage.databases.main.event_push_actions - 1599 - INFO - rotate_notifs-62 - Rotating notifications up to: 1
2025-03-26 17:51:24,538 - synapse.storage.databases.main.event_push_actions - 1685 - INFO - rotate_notifs-62 - Rotating notifications, handling 0 rows
2025-03-26 17:51:24,545 - synapse.storage.databases.main.event_push_actions - 1770 - INFO - rotate_notifs-62 - Rotating notifications, deleted 0 push actions
2025-03-26 17:51:24,597 - synapse.util.caches.lrucache - 217 - INFO - LruCache._expire_old_entries-62 - Dropped 0 items from caches
2025-03-26 17:51:54,536 - synapse.storage.databases.main.event_push_actions - 1396 - INFO - rotate_notifs-63 - Rotating notifications
2025-03-26 17:51:54,538 - synapse.storage.databases.main.event_push_actions - 1599 - INFO - rotate_notifs-63 - Rotating notifications up to: 1
2025-03-26 17:51:54,541 - synapse.storage.databases.main.event_push_actions - 1685 - INFO - rotate_notifs-63 - Rotating notifications, handling 0 rows
2025-03-26 17:51:54,549 - synapse.storage.databases.main.event_push_actions - 1770 - INFO - rotate_notifs-63 - Rotating notifications, deleted 0 push actions
2025-03-26 17:51:54,598 - synapse.util.caches.lrucache - 217 - INFO - LruCache._expire_old_entries-63 - Dropped 0 items from caches
2025-03-26 17:52:24,535 - synapse.storage.databases.main.event_push_actions - 1396 - INFO - rotate_notifs-64 - Rotating notifications
2025-03-26 17:52:24,536 - synapse.storage.databases.main.event_push_actions - 1599 - INFO - rotate_notifs-64 - Rotating notifications up to: 1
2025-03-26 17:52:24,538 - synapse.storage.databases.main.event_push_actions - 1685 - INFO - rotate_notifs-64 - Rotating notifications, handling 0 rows
2025-03-26 17:52:24,545 - synapse.storage.databases.main.event_push_actions - 1770 - INFO - rotate_notifs-64 - Rotating notifications, deleted 0 push actions
2025-03-26 17:52:24,598 - synapse.util.caches.lrucache - 217 - INFO - LruCache._expire_old_entries-64 - Dropped 0 items from caches
2025-03-26 17:52:54,538 - synapse.storage.databases.main.event_push_actions - 1396 - INFO - rotate_notifs-65 - Rotating notifications
2025-03-26 17:52:54,540 - synapse.storage.databases.main.event_push_actions - 1599 - INFO - rotate_notifs-65 - Rotating notifications up to: 1
2025-03-26 17:52:54,543 - synapse.storage.databases.main.event_push_actions - 1685 - INFO - rotate_notifs-65 - Rotating notifications, handling 0 rows
2025-03-26 17:52:54,552 - synapse.storage.databases.main.event_push_actions - 1770 - INFO - rotate_notifs-65 - Rotating notifications, deleted 0 push actions
2025-03-26 17:52:54,598 - synapse.util.caches.lrucache - 217 - INFO - LruCache._expire_old_entries-65 - Dropped 0 items from caches
2025-03-26 17:53:24,535 - synapse.storage.databases.main.event_push_actions - 1396 - INFO - rotate_notifs-66 - Rotating notifications
2025-03-26 17:53:24,537 - synapse.storage.databases.main.event_push_actions - 1599 - INFO - rotate_notifs-66 - Rotating notifications up to: 1
2025-03-26 17:53:24,539 - synapse.storage.databases.main.event_push_actions - 1685 - INFO - rotate_notifs-66 - Rotating notifications, handling 0 rows
2025-03-26 17:53:24,546 - synapse.storage.databases.main.event_push_actions - 1770 - INFO - rotate_notifs-66 - Rotating notifications, deleted 0 push actions
2025-03-26 17:53:24,598 - synapse.util.caches.lrucache - 217 - INFO - LruCache._expire_old_entries-66 - Dropped 0 items from caches
2025-03-26 17:53:54,547 - synapse.storage.databases.main.event_push_actions - 1396 - INFO - rotate_notifs-67 - Rotating notifications
2025-03-26 17:53:54,549 - synapse.storage.databases.main.event_push_actions - 1599 - INFO - rotate_notifs-67 - Rotating notifications up to: 1
2025-03-26 17:53:54,550 - synapse.storage.databases.main.event_push_actions - 1685 - INFO - rotate_notifs-67 - Rotating notifications, handling 0 rows
2025-03-26 17:53:54,555 - synapse.storage.databases.main.event_push_actions - 1770 - INFO - rotate_notifs-67 - Rotating notifications, deleted 0 push actions
2025-03-26 17:53:54,598 - synapse.util.caches.lrucache - 217 - INFO - LruCache._expire_old_entries-67 - Dropped 0 items from caches
2025-03-26 17:54:24,534 - synapse.storage.databases.main.event_push_actions - 1396 - INFO - rotate_notifs-68 - Rotating notifications
2025-03-26 17:54:24,535 - synapse.storage.databases.main.event_push_actions - 1599 - INFO - rotate_notifs-68 - Rotating notifications up to: 1
2025-03-26 17:54:24,537 - synapse.storage.databases.main.event_push_actions - 1685 - INFO - rotate_notifs-68 - Rotating notifications, handling 0 rows
2025-03-26 17:54:24,544 - synapse.storage.databases.main.event_push_actions - 1770 - INFO - rotate_notifs-68 - Rotating notifications, deleted 0 push actions
2025-03-26 17:54:24,598 - synapse.util.caches.lrucache - 217 - INFO - LruCache._expire_old_entries-68 - Dropped 0 items from caches
2025-03-26 17:54:54,534 - synapse.storage.databases.main.event_push_actions - 1396 - INFO - rotate_notifs-69 - Rotating notifications
2025-03-26 17:54:54,535 - synapse.storage.databases.main.event_push_actions - 1599 - INFO - rotate_notifs-69 - Rotating notifications up to: 1
2025-03-26 17:54:54,537 - synapse.storage.databases.main.event_push_actions - 1685 - INFO - rotate_notifs-69 - Rotating notifications, handling 0 rows
2025-03-26 17:54:54,545 - synapse.storage.databases.main.event_push_actions - 1770 - INFO - rotate_notifs-69 - Rotating notifications, deleted 0 push actions
2025-03-26 17:54:54,598 - synapse.util.caches.lrucache - 217 - INFO - LruCache._expire_old_entries-69 - Dropped 0 items from caches
2025-03-26 17:54:54,624 - synapse.storage.databases.main.metrics - 399 - INFO - generate_user_daily_visits-6 - Calling _generate_user_daily_visits
2025-03-26 17:55:24,535 - synapse.storage.databases.main.event_push_actions - 1396 - INFO - rotate_notifs-70 - Rotating notifications
2025-03-26 17:55:24,538 - synapse.storage.databases.main.event_push_actions - 1599 - INFO - rotate_notifs-70 - Rotating notifications up to: 1
2025-03-26 17:55:24,541 - synapse.storage.databases.main.event_push_actions - 1685 - INFO - rotate_notifs-70 - Rotating notifications, handling 0 rows
2025-03-26 17:55:24,550 - synapse.storage.databases.main.event_push_actions - 1770 - INFO - rotate_notifs-70 - Rotating notifications, deleted 0 push actions
2025-03-26 17:55:24,598 - synapse.util.caches.lrucache - 217 - INFO - LruCache._expire_old_entries-70 - Dropped 0 items from caches
2025-03-26 17:55:54,533 - synapse.storage.databases.main.event_push_actions - 1396 - INFO - rotate_notifs-71 - Rotating notifications
2025-03-26 17:55:54,535 - synapse.storage.databases.main.event_push_actions - 1599 - INFO - rotate_notifs-71 - Rotating notifications up to: 1
2025-03-26 17:55:54,536 - synapse.storage.databases.main.event_push_actions - 1685 - INFO - rotate_notifs-71 - Rotating notifications, handling 0 rows
2025-03-26 17:55:54,542 - synapse.storage.databases.main.event_push_actions - 1770 - INFO - rotate_notifs-71 - Rotating notifications, deleted 0 push actions
2025-03-26 17:55:54,598 - synapse.util.caches.lrucache - 217 - INFO - LruCache._expire_old_entries-71 - Dropped 0 items from caches
2025-03-26 17:56:24,537 - synapse.storage.databases.main.event_push_actions - 1396 - INFO - rotate_notifs-72 - Rotating notifications
2025-03-26 17:56:24,539 - synapse.storage.databases.main.event_push_actions - 1599 - INFO - rotate_notifs-72 - Rotating notifications up to: 1
2025-03-26 17:56:24,540 - synapse.storage.databases.main.event_push_actions - 1685 - INFO - rotate_notifs-72 - Rotating notifications, handling 0 rows
2025-03-26 17:56:24,547 - synapse.storage.databases.main.event_push_actions - 1770 - INFO - rotate_notifs-72 - Rotating notifications, deleted 0 push actions
2025-03-26 17:56:24,597 - synapse.util.caches.lrucache - 217 - INFO - LruCache._expire_old_entries-72 - Dropped 0 items from caches
2025-03-26 17:56:54,534 - synapse.storage.databases.main.event_push_actions - 1396 - INFO - rotate_notifs-73 - Rotating notifications
2025-03-26 17:56:54,535 - synapse.storage.databases.main.event_push_actions - 1599 - INFO - rotate_notifs-73 - Rotating notifications up to: 1
2025-03-26 17:56:54,538 - synapse.storage.databases.main.event_push_actions - 1685 - INFO - rotate_notifs-73 - Rotating notifications, handling 0 rows
2025-03-26 17:56:54,545 - synapse.storage.databases.main.event_push_actions - 1770 - INFO - rotate_notifs-73 - Rotating notifications, deleted 0 push actions
2025-03-26 17:56:54,598 - synapse.util.caches.lrucache - 217 - INFO - LruCache._expire_old_entries-73 - Dropped 0 items from caches
2025-03-26 17:57:16,860 - synapse.access.http.8008 - 508 - INFO - GET-19 - 10.89.0.1 - 8008 - {None} Processed request: 0.000sec/-0.000sec (0.000sec, 0.000sec) (0.000sec/0.000sec/0) 10145B 200 "GET /_matrix/static/ HTTP/1.1" "Mozilla/5.0 (Windows NT 10.0; Win64; x64) AppleWebKit/537.36 (KHTML, like Gecko) Chrome/134.0.0.0 Safari/537.36" [0 dbevts]
2025-03-26 17:57:24,535 - synapse.storage.databases.main.event_push_actions - 1396 - INFO - rotate_notifs-74 - Rotating notifications
2025-03-26 17:57:24,537 - synapse.storage.databases.main.event_push_actions - 1599 - INFO - rotate_notifs-74 - Rotating notifications up to: 1
2025-03-26 17:57:24,540 - synapse.storage.databases.main.event_push_actions - 1685 - INFO - rotate_notifs-74 - Rotating notifications, handling 0 rows
2025-03-26 17:57:24,549 - synapse.storage.databases.main.event_push_actions - 1770 - INFO - rotate_notifs-74 - Rotating notifications, deleted 0 push actions
2025-03-26 17:57:24,598 - synapse.util.caches.lrucache - 217 - INFO - LruCache._expire_old_entries-74 - Dropped 0 items from caches
2025-03-26 17:57:37,148 - synapse.access.http.8008 - 508 - INFO - GET-20 - 10.89.0.1 - 8008 - {None} Processed request: 0.000sec/-0.000sec (0.000sec, 0.000sec) (0.000sec/0.000sec/0) 208B 302 "GET / HTTP/1.1" "Mozilla/5.0 (Windows NT 10.0; Win64; x64) AppleWebKit/537.36 (KHTML, like Gecko) Chrome/134.0.0.0 Safari/537.36" [0 dbevts]
2025-03-26 17:57:37,196 - synapse.access.http.8008 - 508 - INFO - GET-21 - 10.89.0.1 - 8008 - {None} Processed request: 0.000sec/-0.000sec (0.000sec, 0.000sec) (0.000sec/0.000sec/0) 210B 302 "GET /_matrix/static HTTP/1.1" "Mozilla/5.0 (Windows NT 10.0; Win64; x64) AppleWebKit/537.36 (KHTML, like Gecko) Chrome/134.0.0.0 Safari/537.36" [0 dbevts]
2025-03-26 17:57:37,201 - synapse.access.http.8008 - 508 - INFO - GET-22 - 10.89.0.1 - 8008 - {None} Processed request: 0.000sec/-0.000sec (0.000sec, 0.000sec) (0.000sec/0.000sec/0) 10145B 200 "GET /_matrix/static/ HTTP/1.1" "Mozilla/5.0 (Windows NT 10.0; Win64; x64) AppleWebKit/537.36 (KHTML, like Gecko) Chrome/134.0.0.0 Safari/537.36" [0 dbevts]
2025-03-26 17:57:54,534 - synapse.storage.databases.main.event_push_actions - 1396 - INFO - rotate_notifs-75 - Rotating notifications
2025-03-26 17:57:54,536 - synapse.storage.databases.main.event_push_actions - 1599 - INFO - rotate_notifs-75 - Rotating notifications up to: 1
2025-03-26 17:57:54,538 - synapse.storage.databases.main.event_push_actions - 1685 - INFO - rotate_notifs-75 - Rotating notifications, handling 0 rows
2025-03-26 17:57:54,544 - synapse.storage.databases.main.event_push_actions - 1770 - INFO - rotate_notifs-75 - Rotating notifications, deleted 0 push actions
2025-03-26 17:57:54,598 - synapse.util.caches.lrucache - 217 - INFO - LruCache._expire_old_entries-75 - Dropped 0 items from caches
2025-03-26 17:58:02,318 - twisted - 279 - INFO - sentinel - Received SIGTERM, shutting down.
2025-03-26 17:58:02,318 - synapse.storage.databases.main.lock - 113 - INFO - LockStore._on_shutdown-0 - Dropping held locks due to shutdown
2025-03-26 17:58:02,318 - synapse.storage.databases.main.lock - 124 - INFO - LockStore._on_shutdown-0 - Dropped locks due to shutdown
2025-03-26 17:58:02,319 - synapse.handlers.presence - 891 - INFO - presence.on_shutdown-0 - Performing _on_shutdown. Persisting 0 unpersisted changes
2025-03-26 17:58:02,319 - synapse.handlers.presence - 903 - INFO - presence.on_shutdown-0 - Finished _on_shutdown
2025-03-26 17:58:02,319 - synapse.app._base - 509 - INFO - sentinel - Shutting down...
2025-03-26 17:58:02,319 - twisted - 279 - INFO - sentinel - (TCP Port 8008 Closed)
2025-03-26 17:58:02,325 - twisted - 279 - INFO - sentinel - Main loop terminated.
2025-03-26 17:58:08,515 - root - 352 - WARNING - main - ***** STARTING SERVER *****
2025-03-26 17:58:08,516 - root - 353 - WARNING - main - Server /usr/local/lib/python3.12/site-packages/synapse/app/homeserver.py version 1.127.0
2025-03-26 17:58:08,517 - root - 358 - WARNING - main - Copyright (c) 2023 New Vector, Inc
2025-03-26 17:58:08,517 - root - 359 - WARNING - main - Licensed under the AGPL 3.0 license. Website: https://github.com/element-hq/synapse
2025-03-26 17:58:08,518 - root - 362 - INFO - main - Server hostname: matrix
2025-03-26 17:58:08,518 - root - 363 - INFO - main - Public Base URL: https://matrix/
2025-03-26 17:58:08,518 - root - 364 - INFO - main - Instance name: master
2025-03-26 17:58:08,519 - root - 365 - INFO - main - Twisted reactor: EPollReactor
2025-03-26 17:58:08,519 - synapse.app.homeserver - 370 - INFO - main - Setting up server
2025-03-26 17:58:08,519 - synapse.server - 357 - INFO - main - Setting up.
2025-03-26 17:58:08,539 - synapse.storage.databases - 77 - INFO - main - [database config 'master']: Checking database server
2025-03-26 17:58:08,543 - synapse.storage.databases - 80 - INFO - main - [database config 'master']: Preparing for databases ['main', 'state']
2025-03-26 17:58:08,544 - synapse.storage.prepare_database - 135 - INFO - main - ['main', 'state']: Checking existing schema version
2025-03-26 17:58:08,547 - synapse.storage.prepare_database - 139 - INFO - main - ['main', 'state']: Existing schema is 89 (+1 deltas)
2025-03-26 17:58:08,547 - synapse.storage.databases.main - 395 - INFO - main - Checking database for consistency with configuration...
2025-03-26 17:58:08,549 - synapse.app._base - 220 - ERROR - main - Exception during startup
Traceback (most recent call last):
  File "/usr/local/lib/python3.12/site-packages/synapse/app/homeserver.py", line 373, in setup
    hs.setup()
  File "/usr/local/lib/python3.12/site-packages/synapse/server.py", line 359, in setup
    self.datastores = Databases(self.DATASTORE_CLASS, self)
                      ^^^^^^^^^^^^^^^^^^^^^^^^^^^^^^^^^^^^^
  File "/usr/local/lib/python3.12/site-packages/synapse/storage/databases/__init__.py", line 85, in __init__
    prepare_database(
  File "/usr/local/lib/python3.12/site-packages/synapse/storage/prepare_database.py", line 156, in prepare_database
    _upgrade_existing_database(
  File "/usr/local/lib/python3.12/site-packages/synapse/storage/prepare_database.py", line 401, in _upgrade_existing_database
    check_database_before_upgrade(cur, database_engine, config)
  File "/usr/local/lib/python3.12/site-packages/synapse/storage/databases/main/__init__.py", line 409, in check_database_before_upgrade
    raise Exception(
Exception: Found users in database not native to matrix!
You cannot change a synapse server_name after it's been configured
2025-03-26 17:58:13,478 - root - 352 - WARNING - main - ***** STARTING SERVER *****
2025-03-26 17:58:13,478 - root - 353 - WARNING - main - Server /usr/local/lib/python3.12/site-packages/synapse/app/homeserver.py version 1.127.0
2025-03-26 17:58:13,479 - root - 358 - WARNING - main - Copyright (c) 2023 New Vector, Inc
2025-03-26 17:58:13,479 - root - 359 - WARNING - main - Licensed under the AGPL 3.0 license. Website: https://github.com/element-hq/synapse
2025-03-26 17:58:13,479 - root - 362 - INFO - main - Server hostname: matrix
2025-03-26 17:58:13,480 - root - 363 - INFO - main - Public Base URL: https://matrix/
2025-03-26 17:58:13,480 - root - 364 - INFO - main - Instance name: master
2025-03-26 17:58:13,480 - root - 365 - INFO - main - Twisted reactor: EPollReactor
2025-03-26 17:58:13,480 - synapse.app.homeserver - 370 - INFO - main - Setting up server
2025-03-26 17:58:13,481 - synapse.server - 357 - INFO - main - Setting up.
2025-03-26 17:58:13,492 - synapse.storage.databases - 77 - INFO - main - [database config 'master']: Checking database server
2025-03-26 17:58:13,497 - synapse.storage.databases - 80 - INFO - main - [database config 'master']: Preparing for databases ['main', 'state']
2025-03-26 17:58:13,497 - synapse.storage.prepare_database - 135 - INFO - main - ['main', 'state']: Checking existing schema version
2025-03-26 17:58:13,500 - synapse.storage.prepare_database - 139 - INFO - main - ['main', 'state']: Existing schema is 89 (+1 deltas)
2025-03-26 17:58:13,500 - synapse.storage.databases.main - 395 - INFO - main - Checking database for consistency with configuration...
2025-03-26 17:58:13,501 - synapse.app._base - 220 - ERROR - main - Exception during startup
Traceback (most recent call last):
  File "/usr/local/lib/python3.12/site-packages/synapse/app/homeserver.py", line 373, in setup
    hs.setup()
  File "/usr/local/lib/python3.12/site-packages/synapse/server.py", line 359, in setup
    self.datastores = Databases(self.DATASTORE_CLASS, self)
                      ^^^^^^^^^^^^^^^^^^^^^^^^^^^^^^^^^^^^^
  File "/usr/local/lib/python3.12/site-packages/synapse/storage/databases/__init__.py", line 85, in __init__
    prepare_database(
  File "/usr/local/lib/python3.12/site-packages/synapse/storage/prepare_database.py", line 156, in prepare_database
    _upgrade_existing_database(
  File "/usr/local/lib/python3.12/site-packages/synapse/storage/prepare_database.py", line 401, in _upgrade_existing_database
    check_database_before_upgrade(cur, database_engine, config)
  File "/usr/local/lib/python3.12/site-packages/synapse/storage/databases/main/__init__.py", line 409, in check_database_before_upgrade
    raise Exception(
Exception: Found users in database not native to matrix!
You cannot change a synapse server_name after it's been configured
2025-03-26 17:58:18,588 - root - 352 - WARNING - main - ***** STARTING SERVER *****
2025-03-26 17:58:18,589 - root - 353 - WARNING - main - Server /usr/local/lib/python3.12/site-packages/synapse/app/homeserver.py version 1.127.0
2025-03-26 17:58:18,589 - root - 358 - WARNING - main - Copyright (c) 2023 New Vector, Inc
2025-03-26 17:58:18,589 - root - 359 - WARNING - main - Licensed under the AGPL 3.0 license. Website: https://github.com/element-hq/synapse
2025-03-26 17:58:18,590 - root - 362 - INFO - main - Server hostname: matrix
2025-03-26 17:58:18,590 - root - 363 - INFO - main - Public Base URL: https://matrix/
2025-03-26 17:58:18,590 - root - 364 - INFO - main - Instance name: master
2025-03-26 17:58:18,591 - root - 365 - INFO - main - Twisted reactor: EPollReactor
2025-03-26 17:58:18,591 - synapse.app.homeserver - 370 - INFO - main - Setting up server
2025-03-26 17:58:18,591 - synapse.server - 357 - INFO - main - Setting up.
2025-03-26 17:58:18,603 - synapse.storage.databases - 77 - INFO - main - [database config 'master']: Checking database server
2025-03-26 17:58:18,606 - synapse.storage.databases - 80 - INFO - main - [database config 'master']: Preparing for databases ['main', 'state']
2025-03-26 17:58:18,606 - synapse.storage.prepare_database - 135 - INFO - main - ['main', 'state']: Checking existing schema version
2025-03-26 17:58:18,608 - synapse.storage.prepare_database - 139 - INFO - main - ['main', 'state']: Existing schema is 89 (+1 deltas)
2025-03-26 17:58:18,609 - synapse.storage.databases.main - 395 - INFO - main - Checking database for consistency with configuration...
2025-03-26 17:58:18,609 - synapse.app._base - 220 - ERROR - main - Exception during startup
Traceback (most recent call last):
  File "/usr/local/lib/python3.12/site-packages/synapse/app/homeserver.py", line 373, in setup
    hs.setup()
  File "/usr/local/lib/python3.12/site-packages/synapse/server.py", line 359, in setup
    self.datastores = Databases(self.DATASTORE_CLASS, self)
                      ^^^^^^^^^^^^^^^^^^^^^^^^^^^^^^^^^^^^^
  File "/usr/local/lib/python3.12/site-packages/synapse/storage/databases/__init__.py", line 85, in __init__
    prepare_database(
  File "/usr/local/lib/python3.12/site-packages/synapse/storage/prepare_database.py", line 156, in prepare_database
    _upgrade_existing_database(
  File "/usr/local/lib/python3.12/site-packages/synapse/storage/prepare_database.py", line 401, in _upgrade_existing_database
    check_database_before_upgrade(cur, database_engine, config)
  File "/usr/local/lib/python3.12/site-packages/synapse/storage/databases/main/__init__.py", line 409, in check_database_before_upgrade
    raise Exception(
Exception: Found users in database not native to matrix!
You cannot change a synapse server_name after it's been configured
2025-03-26 17:58:23,631 - root - 352 - WARNING - main - ***** STARTING SERVER *****
2025-03-26 17:58:23,631 - root - 353 - WARNING - main - Server /usr/local/lib/python3.12/site-packages/synapse/app/homeserver.py version 1.127.0
2025-03-26 17:58:23,632 - root - 358 - WARNING - main - Copyright (c) 2023 New Vector, Inc
2025-03-26 17:58:23,632 - root - 359 - WARNING - main - Licensed under the AGPL 3.0 license. Website: https://github.com/element-hq/synapse
2025-03-26 17:58:23,633 - root - 362 - INFO - main - Server hostname: matrix
2025-03-26 17:58:23,633 - root - 363 - INFO - main - Public Base URL: https://matrix/
2025-03-26 17:58:23,634 - root - 364 - INFO - main - Instance name: master
2025-03-26 17:58:23,634 - root - 365 - INFO - main - Twisted reactor: EPollReactor
2025-03-26 17:58:23,635 - synapse.app.homeserver - 370 - INFO - main - Setting up server
2025-03-26 17:58:23,635 - synapse.server - 357 - INFO - main - Setting up.
2025-03-26 17:58:23,646 - synapse.storage.databases - 77 - INFO - main - [database config 'master']: Checking database server
2025-03-26 17:58:23,651 - synapse.storage.databases - 80 - INFO - main - [database config 'master']: Preparing for databases ['main', 'state']
2025-03-26 17:58:23,652 - synapse.storage.prepare_database - 135 - INFO - main - ['main', 'state']: Checking existing schema version
2025-03-26 17:58:23,655 - synapse.storage.prepare_database - 139 - INFO - main - ['main', 'state']: Existing schema is 89 (+1 deltas)
2025-03-26 17:58:23,656 - synapse.storage.databases.main - 395 - INFO - main - Checking database for consistency with configuration...
2025-03-26 17:58:23,657 - synapse.app._base - 220 - ERROR - main - Exception during startup
Traceback (most recent call last):
  File "/usr/local/lib/python3.12/site-packages/synapse/app/homeserver.py", line 373, in setup
    hs.setup()
  File "/usr/local/lib/python3.12/site-packages/synapse/server.py", line 359, in setup
    self.datastores = Databases(self.DATASTORE_CLASS, self)
                      ^^^^^^^^^^^^^^^^^^^^^^^^^^^^^^^^^^^^^
  File "/usr/local/lib/python3.12/site-packages/synapse/storage/databases/__init__.py", line 85, in __init__
    prepare_database(
  File "/usr/local/lib/python3.12/site-packages/synapse/storage/prepare_database.py", line 156, in prepare_database
    _upgrade_existing_database(
  File "/usr/local/lib/python3.12/site-packages/synapse/storage/prepare_database.py", line 401, in _upgrade_existing_database
    check_database_before_upgrade(cur, database_engine, config)
  File "/usr/local/lib/python3.12/site-packages/synapse/storage/databases/main/__init__.py", line 409, in check_database_before_upgrade
    raise Exception(
Exception: Found users in database not native to matrix!
You cannot change a synapse server_name after it's been configured
2025-03-26 17:58:28,722 - root - 352 - WARNING - main - ***** STARTING SERVER *****
2025-03-26 17:58:28,722 - root - 353 - WARNING - main - Server /usr/local/lib/python3.12/site-packages/synapse/app/homeserver.py version 1.127.0
2025-03-26 17:58:28,722 - root - 358 - WARNING - main - Copyright (c) 2023 New Vector, Inc
2025-03-26 17:58:28,723 - root - 359 - WARNING - main - Licensed under the AGPL 3.0 license. Website: https://github.com/element-hq/synapse
2025-03-26 17:58:28,723 - root - 362 - INFO - main - Server hostname: matrix
2025-03-26 17:58:28,723 - root - 363 - INFO - main - Public Base URL: https://matrix/
2025-03-26 17:58:28,723 - root - 364 - INFO - main - Instance name: master
2025-03-26 17:58:28,724 - root - 365 - INFO - main - Twisted reactor: EPollReactor
2025-03-26 17:58:28,724 - synapse.app.homeserver - 370 - INFO - main - Setting up server
2025-03-26 17:58:28,724 - synapse.server - 357 - INFO - main - Setting up.
2025-03-26 17:58:28,734 - synapse.storage.databases - 77 - INFO - main - [database config 'master']: Checking database server
2025-03-26 17:58:28,738 - synapse.storage.databases - 80 - INFO - main - [database config 'master']: Preparing for databases ['main', 'state']
2025-03-26 17:58:28,738 - synapse.storage.prepare_database - 135 - INFO - main - ['main', 'state']: Checking existing schema version
2025-03-26 17:58:28,740 - synapse.storage.prepare_database - 139 - INFO - main - ['main', 'state']: Existing schema is 89 (+1 deltas)
2025-03-26 17:58:28,740 - synapse.storage.databases.main - 395 - INFO - main - Checking database for consistency with configuration...
2025-03-26 17:58:28,741 - synapse.app._base - 220 - ERROR - main - Exception during startup
Traceback (most recent call last):
  File "/usr/local/lib/python3.12/site-packages/synapse/app/homeserver.py", line 373, in setup
    hs.setup()
  File "/usr/local/lib/python3.12/site-packages/synapse/server.py", line 359, in setup
    self.datastores = Databases(self.DATASTORE_CLASS, self)
                      ^^^^^^^^^^^^^^^^^^^^^^^^^^^^^^^^^^^^^
  File "/usr/local/lib/python3.12/site-packages/synapse/storage/databases/__init__.py", line 85, in __init__
    prepare_database(
  File "/usr/local/lib/python3.12/site-packages/synapse/storage/prepare_database.py", line 156, in prepare_database
    _upgrade_existing_database(
  File "/usr/local/lib/python3.12/site-packages/synapse/storage/prepare_database.py", line 401, in _upgrade_existing_database
    check_database_before_upgrade(cur, database_engine, config)
  File "/usr/local/lib/python3.12/site-packages/synapse/storage/databases/main/__init__.py", line 409, in check_database_before_upgrade
    raise Exception(
Exception: Found users in database not native to matrix!
You cannot change a synapse server_name after it's been configured
2025-03-26 17:58:33,723 - root - 352 - WARNING - main - ***** STARTING SERVER *****
2025-03-26 17:58:33,724 - root - 353 - WARNING - main - Server /usr/local/lib/python3.12/site-packages/synapse/app/homeserver.py version 1.127.0
2025-03-26 17:58:33,725 - root - 358 - WARNING - main - Copyright (c) 2023 New Vector, Inc
2025-03-26 17:58:33,725 - root - 359 - WARNING - main - Licensed under the AGPL 3.0 license. Website: https://github.com/element-hq/synapse
2025-03-26 17:58:33,726 - root - 362 - INFO - main - Server hostname: matrix
2025-03-26 17:58:33,726 - root - 363 - INFO - main - Public Base URL: https://matrix/
2025-03-26 17:58:33,727 - root - 364 - INFO - main - Instance name: master
2025-03-26 17:58:33,727 - root - 365 - INFO - main - Twisted reactor: EPollReactor
2025-03-26 17:58:33,728 - synapse.app.homeserver - 370 - INFO - main - Setting up server
2025-03-26 17:58:33,728 - synapse.server - 357 - INFO - main - Setting up.
2025-03-26 17:58:33,739 - synapse.storage.databases - 77 - INFO - main - [database config 'master']: Checking database server
2025-03-26 17:58:33,743 - synapse.storage.databases - 80 - INFO - main - [database config 'master']: Preparing for databases ['main', 'state']
2025-03-26 17:58:33,744 - synapse.storage.prepare_database - 135 - INFO - main - ['main', 'state']: Checking existing schema version
2025-03-26 17:58:33,746 - synapse.storage.prepare_database - 139 - INFO - main - ['main', 'state']: Existing schema is 89 (+1 deltas)
2025-03-26 17:58:33,747 - synapse.storage.databases.main - 395 - INFO - main - Checking database for consistency with configuration...
2025-03-26 17:58:33,748 - synapse.app._base - 220 - ERROR - main - Exception during startup
Traceback (most recent call last):
  File "/usr/local/lib/python3.12/site-packages/synapse/app/homeserver.py", line 373, in setup
    hs.setup()
  File "/usr/local/lib/python3.12/site-packages/synapse/server.py", line 359, in setup
    self.datastores = Databases(self.DATASTORE_CLASS, self)
                      ^^^^^^^^^^^^^^^^^^^^^^^^^^^^^^^^^^^^^
  File "/usr/local/lib/python3.12/site-packages/synapse/storage/databases/__init__.py", line 85, in __init__
    prepare_database(
  File "/usr/local/lib/python3.12/site-packages/synapse/storage/prepare_database.py", line 156, in prepare_database
    _upgrade_existing_database(
  File "/usr/local/lib/python3.12/site-packages/synapse/storage/prepare_database.py", line 401, in _upgrade_existing_database
    check_database_before_upgrade(cur, database_engine, config)
  File "/usr/local/lib/python3.12/site-packages/synapse/storage/databases/main/__init__.py", line 409, in check_database_before_upgrade
    raise Exception(
Exception: Found users in database not native to matrix!
You cannot change a synapse server_name after it's been configured
2025-03-26 17:58:38,506 - root - 352 - WARNING - main - ***** STARTING SERVER *****
2025-03-26 17:58:38,507 - root - 353 - WARNING - main - Server /usr/local/lib/python3.12/site-packages/synapse/app/homeserver.py version 1.127.0
2025-03-26 17:58:38,508 - root - 358 - WARNING - main - Copyright (c) 2023 New Vector, Inc
2025-03-26 17:58:38,508 - root - 359 - WARNING - main - Licensed under the AGPL 3.0 license. Website: https://github.com/element-hq/synapse
2025-03-26 17:58:38,509 - root - 362 - INFO - main - Server hostname: matrix
2025-03-26 17:58:38,509 - root - 363 - INFO - main - Public Base URL: https://matrix/
2025-03-26 17:58:38,510 - root - 364 - INFO - main - Instance name: master
2025-03-26 17:58:38,510 - root - 365 - INFO - main - Twisted reactor: EPollReactor
2025-03-26 17:58:38,511 - synapse.app.homeserver - 370 - INFO - main - Setting up server
2025-03-26 17:58:38,511 - synapse.server - 357 - INFO - main - Setting up.
2025-03-26 17:58:38,523 - synapse.storage.databases - 77 - INFO - main - [database config 'master']: Checking database server
2025-03-26 17:58:38,528 - synapse.storage.databases - 80 - INFO - main - [database config 'master']: Preparing for databases ['main', 'state']
2025-03-26 17:58:38,528 - synapse.storage.prepare_database - 135 - INFO - main - ['main', 'state']: Checking existing schema version
2025-03-26 17:58:38,531 - synapse.storage.prepare_database - 139 - INFO - main - ['main', 'state']: Existing schema is 89 (+1 deltas)
2025-03-26 17:58:38,532 - synapse.storage.databases.main - 395 - INFO - main - Checking database for consistency with configuration...
2025-03-26 17:58:38,533 - synapse.app._base - 220 - ERROR - main - Exception during startup
Traceback (most recent call last):
  File "/usr/local/lib/python3.12/site-packages/synapse/app/homeserver.py", line 373, in setup
    hs.setup()
  File "/usr/local/lib/python3.12/site-packages/synapse/server.py", line 359, in setup
    self.datastores = Databases(self.DATASTORE_CLASS, self)
                      ^^^^^^^^^^^^^^^^^^^^^^^^^^^^^^^^^^^^^
  File "/usr/local/lib/python3.12/site-packages/synapse/storage/databases/__init__.py", line 85, in __init__
    prepare_database(
  File "/usr/local/lib/python3.12/site-packages/synapse/storage/prepare_database.py", line 156, in prepare_database
    _upgrade_existing_database(
  File "/usr/local/lib/python3.12/site-packages/synapse/storage/prepare_database.py", line 401, in _upgrade_existing_database
    check_database_before_upgrade(cur, database_engine, config)
  File "/usr/local/lib/python3.12/site-packages/synapse/storage/databases/main/__init__.py", line 409, in check_database_before_upgrade
    raise Exception(
Exception: Found users in database not native to matrix!
You cannot change a synapse server_name after it's been configured
2025-03-26 17:58:43,449 - root - 352 - WARNING - main - ***** STARTING SERVER *****
2025-03-26 17:58:43,449 - root - 353 - WARNING - main - Server /usr/local/lib/python3.12/site-packages/synapse/app/homeserver.py version 1.127.0
2025-03-26 17:58:43,450 - root - 358 - WARNING - main - Copyright (c) 2023 New Vector, Inc
2025-03-26 17:58:43,450 - root - 359 - WARNING - main - Licensed under the AGPL 3.0 license. Website: https://github.com/element-hq/synapse
2025-03-26 17:58:43,450 - root - 362 - INFO - main - Server hostname: matrix
2025-03-26 17:58:43,450 - root - 363 - INFO - main - Public Base URL: https://matrix/
2025-03-26 17:58:43,451 - root - 364 - INFO - main - Instance name: master
2025-03-26 17:58:43,451 - root - 365 - INFO - main - Twisted reactor: EPollReactor
2025-03-26 17:58:43,451 - synapse.app.homeserver - 370 - INFO - main - Setting up server
2025-03-26 17:58:43,451 - synapse.server - 357 - INFO - main - Setting up.
2025-03-26 17:58:43,461 - synapse.storage.databases - 77 - INFO - main - [database config 'master']: Checking database server
2025-03-26 17:58:43,464 - synapse.storage.databases - 80 - INFO - main - [database config 'master']: Preparing for databases ['main', 'state']
2025-03-26 17:58:43,464 - synapse.storage.prepare_database - 135 - INFO - main - ['main', 'state']: Checking existing schema version
2025-03-26 17:58:43,466 - synapse.storage.prepare_database - 139 - INFO - main - ['main', 'state']: Existing schema is 89 (+1 deltas)
2025-03-26 17:58:43,466 - synapse.storage.databases.main - 395 - INFO - main - Checking database for consistency with configuration...
2025-03-26 17:58:43,467 - synapse.app._base - 220 - ERROR - main - Exception during startup
Traceback (most recent call last):
  File "/usr/local/lib/python3.12/site-packages/synapse/app/homeserver.py", line 373, in setup
    hs.setup()
  File "/usr/local/lib/python3.12/site-packages/synapse/server.py", line 359, in setup
    self.datastores = Databases(self.DATASTORE_CLASS, self)
                      ^^^^^^^^^^^^^^^^^^^^^^^^^^^^^^^^^^^^^
  File "/usr/local/lib/python3.12/site-packages/synapse/storage/databases/__init__.py", line 85, in __init__
    prepare_database(
  File "/usr/local/lib/python3.12/site-packages/synapse/storage/prepare_database.py", line 156, in prepare_database
    _upgrade_existing_database(
  File "/usr/local/lib/python3.12/site-packages/synapse/storage/prepare_database.py", line 401, in _upgrade_existing_database
    check_database_before_upgrade(cur, database_engine, config)
  File "/usr/local/lib/python3.12/site-packages/synapse/storage/databases/main/__init__.py", line 409, in check_database_before_upgrade
    raise Exception(
Exception: Found users in database not native to matrix!
You cannot change a synapse server_name after it's been configured
2025-03-26 17:58:48,326 - root - 352 - WARNING - main - ***** STARTING SERVER *****
2025-03-26 17:58:48,327 - root - 353 - WARNING - main - Server /usr/local/lib/python3.12/site-packages/synapse/app/homeserver.py version 1.127.0
2025-03-26 17:58:48,327 - root - 358 - WARNING - main - Copyright (c) 2023 New Vector, Inc
2025-03-26 17:58:48,327 - root - 359 - WARNING - main - Licensed under the AGPL 3.0 license. Website: https://github.com/element-hq/synapse
2025-03-26 17:58:48,328 - root - 362 - INFO - main - Server hostname: matrix
2025-03-26 17:58:48,328 - root - 363 - INFO - main - Public Base URL: https://matrix/
2025-03-26 17:58:48,329 - root - 364 - INFO - main - Instance name: master
2025-03-26 17:58:48,329 - root - 365 - INFO - main - Twisted reactor: EPollReactor
2025-03-26 17:58:48,329 - synapse.app.homeserver - 370 - INFO - main - Setting up server
2025-03-26 17:58:48,330 - synapse.server - 357 - INFO - main - Setting up.
2025-03-26 17:58:48,342 - synapse.storage.databases - 77 - INFO - main - [database config 'master']: Checking database server
2025-03-26 17:58:48,345 - synapse.storage.databases - 80 - INFO - main - [database config 'master']: Preparing for databases ['main', 'state']
2025-03-26 17:58:48,346 - synapse.storage.prepare_database - 135 - INFO - main - ['main', 'state']: Checking existing schema version
2025-03-26 17:58:48,348 - synapse.storage.prepare_database - 139 - INFO - main - ['main', 'state']: Existing schema is 89 (+1 deltas)
2025-03-26 17:58:48,348 - synapse.storage.databases.main - 395 - INFO - main - Checking database for consistency with configuration...
2025-03-26 17:58:48,349 - synapse.app._base - 220 - ERROR - main - Exception during startup
Traceback (most recent call last):
  File "/usr/local/lib/python3.12/site-packages/synapse/app/homeserver.py", line 373, in setup
    hs.setup()
  File "/usr/local/lib/python3.12/site-packages/synapse/server.py", line 359, in setup
    self.datastores = Databases(self.DATASTORE_CLASS, self)
                      ^^^^^^^^^^^^^^^^^^^^^^^^^^^^^^^^^^^^^
  File "/usr/local/lib/python3.12/site-packages/synapse/storage/databases/__init__.py", line 85, in __init__
    prepare_database(
  File "/usr/local/lib/python3.12/site-packages/synapse/storage/prepare_database.py", line 156, in prepare_database
    _upgrade_existing_database(
  File "/usr/local/lib/python3.12/site-packages/synapse/storage/prepare_database.py", line 401, in _upgrade_existing_database
    check_database_before_upgrade(cur, database_engine, config)
  File "/usr/local/lib/python3.12/site-packages/synapse/storage/databases/main/__init__.py", line 409, in check_database_before_upgrade
    raise Exception(
Exception: Found users in database not native to matrix!
You cannot change a synapse server_name after it's been configured
2025-03-26 17:58:53,448 - root - 352 - WARNING - main - ***** STARTING SERVER *****
2025-03-26 17:58:53,449 - root - 353 - WARNING - main - Server /usr/local/lib/python3.12/site-packages/synapse/app/homeserver.py version 1.127.0
2025-03-26 17:58:53,449 - root - 358 - WARNING - main - Copyright (c) 2023 New Vector, Inc
2025-03-26 17:58:53,449 - root - 359 - WARNING - main - Licensed under the AGPL 3.0 license. Website: https://github.com/element-hq/synapse
2025-03-26 17:58:53,450 - root - 362 - INFO - main - Server hostname: matrix
2025-03-26 17:58:53,450 - root - 363 - INFO - main - Public Base URL: https://matrix/
2025-03-26 17:58:53,450 - root - 364 - INFO - main - Instance name: master
2025-03-26 17:58:53,451 - root - 365 - INFO - main - Twisted reactor: EPollReactor
2025-03-26 17:58:53,451 - synapse.app.homeserver - 370 - INFO - main - Setting up server
2025-03-26 17:58:53,451 - synapse.server - 357 - INFO - main - Setting up.
2025-03-26 17:58:53,463 - synapse.storage.databases - 77 - INFO - main - [database config 'master']: Checking database server
2025-03-26 17:58:53,467 - synapse.storage.databases - 80 - INFO - main - [database config 'master']: Preparing for databases ['main', 'state']
2025-03-26 17:58:53,467 - synapse.storage.prepare_database - 135 - INFO - main - ['main', 'state']: Checking existing schema version
2025-03-26 17:58:53,471 - synapse.storage.prepare_database - 139 - INFO - main - ['main', 'state']: Existing schema is 89 (+1 deltas)
2025-03-26 17:58:53,471 - synapse.storage.databases.main - 395 - INFO - main - Checking database for consistency with configuration...
2025-03-26 17:58:53,472 - synapse.app._base - 220 - ERROR - main - Exception during startup
Traceback (most recent call last):
  File "/usr/local/lib/python3.12/site-packages/synapse/app/homeserver.py", line 373, in setup
    hs.setup()
  File "/usr/local/lib/python3.12/site-packages/synapse/server.py", line 359, in setup
    self.datastores = Databases(self.DATASTORE_CLASS, self)
                      ^^^^^^^^^^^^^^^^^^^^^^^^^^^^^^^^^^^^^
  File "/usr/local/lib/python3.12/site-packages/synapse/storage/databases/__init__.py", line 85, in __init__
    prepare_database(
  File "/usr/local/lib/python3.12/site-packages/synapse/storage/prepare_database.py", line 156, in prepare_database
    _upgrade_existing_database(
  File "/usr/local/lib/python3.12/site-packages/synapse/storage/prepare_database.py", line 401, in _upgrade_existing_database
    check_database_before_upgrade(cur, database_engine, config)
  File "/usr/local/lib/python3.12/site-packages/synapse/storage/databases/main/__init__.py", line 409, in check_database_before_upgrade
    raise Exception(
Exception: Found users in database not native to matrix!
You cannot change a synapse server_name after it's been configured
2025-03-26 17:58:58,354 - root - 352 - WARNING - main - ***** STARTING SERVER *****
2025-03-26 17:58:58,355 - root - 353 - WARNING - main - Server /usr/local/lib/python3.12/site-packages/synapse/app/homeserver.py version 1.127.0
2025-03-26 17:58:58,355 - root - 358 - WARNING - main - Copyright (c) 2023 New Vector, Inc
2025-03-26 17:58:58,355 - root - 359 - WARNING - main - Licensed under the AGPL 3.0 license. Website: https://github.com/element-hq/synapse
2025-03-26 17:58:58,356 - root - 362 - INFO - main - Server hostname: matrix
2025-03-26 17:58:58,356 - root - 363 - INFO - main - Public Base URL: https://matrix/
2025-03-26 17:58:58,356 - root - 364 - INFO - main - Instance name: master
2025-03-26 17:58:58,357 - root - 365 - INFO - main - Twisted reactor: EPollReactor
2025-03-26 17:58:58,357 - synapse.app.homeserver - 370 - INFO - main - Setting up server
2025-03-26 17:58:58,358 - synapse.server - 357 - INFO - main - Setting up.
2025-03-26 17:59:01,449 - synapse.app._base - 220 - ERROR - main - Exception during startup
Traceback (most recent call last):
  File "/usr/local/lib/python3.12/site-packages/synapse/app/homeserver.py", line 373, in setup
    hs.setup()
  File "/usr/local/lib/python3.12/site-packages/synapse/server.py", line 359, in setup
    self.datastores = Databases(self.DATASTORE_CLASS, self)
                      ^^^^^^^^^^^^^^^^^^^^^^^^^^^^^^^^^^^^^
  File "/usr/local/lib/python3.12/site-packages/synapse/storage/databases/__init__.py", line 76, in __init__
    with make_conn(database_config, engine, "startup") as db_conn:
         ^^^^^^^^^^^^^^^^^^^^^^^^^^^^^^^^^^^^^^^^^^^^^
  File "/usr/local/lib/python3.12/site-packages/synapse/storage/database.py", line 168, in make_conn
    native_db_conn = engine.module.connect(**db_params)
                     ^^^^^^^^^^^^^^^^^^^^^^^^^^^^^^^^^^
  File "/usr/local/lib/python3.12/site-packages/psycopg2/__init__.py", line 122, in connect
    conn = _connect(dsn, connection_factory=connection_factory, **kwasync)
           ^^^^^^^^^^^^^^^^^^^^^^^^^^^^^^^^^^^^^^^^^^^^^^^^^^^^^^^^^^^^^^^
psycopg2.OperationalError: connection to server at "172.30.24.20", port 5432 failed: No route to host
	Is the server running on that host and accepting TCP/IP connections?

2025-03-26 18:02:34,587 - root - 352 - WARNING - main - ***** STARTING SERVER *****
2025-03-26 18:02:34,588 - root - 353 - WARNING - main - Server /usr/local/lib/python3.12/site-packages/synapse/app/homeserver.py version 1.127.0
2025-03-26 18:02:34,588 - root - 358 - WARNING - main - Copyright (c) 2023 New Vector, Inc
2025-03-26 18:02:34,588 - root - 359 - WARNING - main - Licensed under the AGPL 3.0 license. Website: https://github.com/element-hq/synapse
2025-03-26 18:02:34,589 - root - 362 - INFO - main - Server hostname: matrix
2025-03-26 18:02:34,589 - root - 363 - INFO - main - Public Base URL: https://matrix/
2025-03-26 18:02:34,589 - root - 364 - INFO - main - Instance name: master
2025-03-26 18:02:34,589 - root - 365 - INFO - main - Twisted reactor: EPollReactor
2025-03-26 18:02:34,589 - synapse.app.homeserver - 370 - INFO - main - Setting up server
2025-03-26 18:02:34,590 - synapse.server - 357 - INFO - main - Setting up.
2025-03-26 18:02:34,602 - synapse.storage.databases - 77 - INFO - main - [database config 'master']: Checking database server
2025-03-26 18:02:34,605 - synapse.storage.databases - 80 - INFO - main - [database config 'master']: Preparing for databases ['main', 'state']
2025-03-26 18:02:34,606 - synapse.storage.prepare_database - 135 - INFO - main - ['main', 'state']: Checking existing schema version
2025-03-26 18:02:34,652 - synapse.storage.prepare_database - 165 - INFO - main - ['main', 'state']: Initialising new database
2025-03-26 18:02:40,254 - root - 352 - WARNING - main - ***** STARTING SERVER *****
2025-03-26 18:02:40,255 - root - 353 - WARNING - main - Server /usr/local/lib/python3.12/site-packages/synapse/app/homeserver.py version 1.127.0
2025-03-26 18:02:40,255 - root - 358 - WARNING - main - Copyright (c) 2023 New Vector, Inc
2025-03-26 18:02:40,255 - root - 359 - WARNING - main - Licensed under the AGPL 3.0 license. Website: https://github.com/element-hq/synapse
2025-03-26 18:02:40,256 - root - 362 - INFO - main - Server hostname: matrix
2025-03-26 18:02:40,256 - root - 363 - INFO - main - Public Base URL: https://matrix/
2025-03-26 18:02:40,257 - root - 364 - INFO - main - Instance name: master
2025-03-26 18:02:40,257 - root - 365 - INFO - main - Twisted reactor: EPollReactor
2025-03-26 18:02:40,258 - synapse.app.homeserver - 370 - INFO - main - Setting up server
2025-03-26 18:02:40,258 - synapse.server - 357 - INFO - main - Setting up.
2025-03-26 18:02:40,275 - synapse.storage.databases - 77 - INFO - main - [database config 'master']: Checking database server
2025-03-26 18:02:40,279 - synapse.storage.databases - 80 - INFO - main - [database config 'master']: Preparing for databases ['main', 'state']
2025-03-26 18:02:40,280 - synapse.storage.prepare_database - 135 - INFO - main - ['main', 'state']: Checking existing schema version
2025-03-26 18:02:40,283 - synapse.storage.prepare_database - 165 - INFO - main - ['main', 'state']: Initialising new database
2025-03-26 18:02:40,285 - synapse.app._base - 220 - ERROR - main - Exception during startup
Traceback (most recent call last):
  File "/usr/local/lib/python3.12/site-packages/synapse/app/homeserver.py", line 373, in setup
    hs.setup()
  File "/usr/local/lib/python3.12/site-packages/synapse/server.py", line 359, in setup
    self.datastores = Databases(self.DATASTORE_CLASS, self)
                      ^^^^^^^^^^^^^^^^^^^^^^^^^^^^^^^^^^^^^
  File "/usr/local/lib/python3.12/site-packages/synapse/storage/databases/__init__.py", line 85, in __init__
    prepare_database(
  File "/usr/local/lib/python3.12/site-packages/synapse/storage/prepare_database.py", line 172, in prepare_database
    _setup_new_database(cur, database_engine, databases=databases)
  File "/usr/local/lib/python3.12/site-packages/synapse/storage/prepare_database.py", line 291, in _setup_new_database
    database_engine.execute_script_file(cur, entry.absolute_path)
  File "/usr/local/lib/python3.12/site-packages/synapse/storage/engines/_base.py", line 160, in execute_script_file
    cls.executescript(cursor, f.read())
  File "/usr/local/lib/python3.12/site-packages/synapse/storage/engines/postgres.py", line 266, in executescript
    cursor.execute(f"COMMIT; BEGIN TRANSACTION; {script}")
  File "/usr/local/lib/python3.12/site-packages/synapse/storage/database.py", line 427, in execute
    self._do_execute(self.txn.execute, sql, parameters)
  File "/usr/local/lib/python3.12/site-packages/synapse/storage/database.py", line 489, in _do_execute
    return func(sql, *args, **kwargs)
           ^^^^^^^^^^^^^^^^^^^^^^^^^^
psycopg2.errors.DuplicateTable: relation "background_updates" already exists

2025-03-26 18:02:45,122 - root - 352 - WARNING - main - ***** STARTING SERVER *****
2025-03-26 18:02:45,123 - root - 353 - WARNING - main - Server /usr/local/lib/python3.12/site-packages/synapse/app/homeserver.py version 1.127.0
2025-03-26 18:02:45,124 - root - 358 - WARNING - main - Copyright (c) 2023 New Vector, Inc
2025-03-26 18:02:45,124 - root - 359 - WARNING - main - Licensed under the AGPL 3.0 license. Website: https://github.com/element-hq/synapse
2025-03-26 18:02:45,124 - root - 362 - INFO - main - Server hostname: matrix
2025-03-26 18:02:45,125 - root - 363 - INFO - main - Public Base URL: https://matrix/
2025-03-26 18:02:45,125 - root - 364 - INFO - main - Instance name: master
2025-03-26 18:02:45,126 - root - 365 - INFO - main - Twisted reactor: EPollReactor
2025-03-26 18:02:45,126 - synapse.app.homeserver - 370 - INFO - main - Setting up server
2025-03-26 18:02:45,126 - synapse.server - 357 - INFO - main - Setting up.
2025-03-26 18:02:45,136 - synapse.storage.databases - 77 - INFO - main - [database config 'master']: Checking database server
2025-03-26 18:02:45,139 - synapse.storage.databases - 80 - INFO - main - [database config 'master']: Preparing for databases ['main', 'state']
2025-03-26 18:02:45,139 - synapse.storage.prepare_database - 135 - INFO - main - ['main', 'state']: Checking existing schema version
2025-03-26 18:02:45,141 - synapse.storage.prepare_database - 165 - INFO - main - ['main', 'state']: Initialising new database
2025-03-26 18:02:45,142 - synapse.app._base - 220 - ERROR - main - Exception during startup
Traceback (most recent call last):
  File "/usr/local/lib/python3.12/site-packages/synapse/app/homeserver.py", line 373, in setup
    hs.setup()
  File "/usr/local/lib/python3.12/site-packages/synapse/server.py", line 359, in setup
    self.datastores = Databases(self.DATASTORE_CLASS, self)
                      ^^^^^^^^^^^^^^^^^^^^^^^^^^^^^^^^^^^^^
  File "/usr/local/lib/python3.12/site-packages/synapse/storage/databases/__init__.py", line 85, in __init__
    prepare_database(
  File "/usr/local/lib/python3.12/site-packages/synapse/storage/prepare_database.py", line 172, in prepare_database
    _setup_new_database(cur, database_engine, databases=databases)
  File "/usr/local/lib/python3.12/site-packages/synapse/storage/prepare_database.py", line 291, in _setup_new_database
    database_engine.execute_script_file(cur, entry.absolute_path)
  File "/usr/local/lib/python3.12/site-packages/synapse/storage/engines/_base.py", line 160, in execute_script_file
    cls.executescript(cursor, f.read())
  File "/usr/local/lib/python3.12/site-packages/synapse/storage/engines/postgres.py", line 266, in executescript
    cursor.execute(f"COMMIT; BEGIN TRANSACTION; {script}")
  File "/usr/local/lib/python3.12/site-packages/synapse/storage/database.py", line 427, in execute
    self._do_execute(self.txn.execute, sql, parameters)
  File "/usr/local/lib/python3.12/site-packages/synapse/storage/database.py", line 489, in _do_execute
    return func(sql, *args, **kwargs)
           ^^^^^^^^^^^^^^^^^^^^^^^^^^
psycopg2.errors.DuplicateTable: relation "background_updates" already exists

2025-03-26 18:02:50,425 - root - 352 - WARNING - main - ***** STARTING SERVER *****
2025-03-26 18:02:50,426 - root - 353 - WARNING - main - Server /usr/local/lib/python3.12/site-packages/synapse/app/homeserver.py version 1.127.0
2025-03-26 18:02:50,426 - root - 358 - WARNING - main - Copyright (c) 2023 New Vector, Inc
2025-03-26 18:02:50,427 - root - 359 - WARNING - main - Licensed under the AGPL 3.0 license. Website: https://github.com/element-hq/synapse
2025-03-26 18:02:50,427 - root - 362 - INFO - main - Server hostname: matrix
2025-03-26 18:02:50,428 - root - 363 - INFO - main - Public Base URL: https://matrix/
2025-03-26 18:02:50,428 - root - 364 - INFO - main - Instance name: master
2025-03-26 18:02:50,428 - root - 365 - INFO - main - Twisted reactor: EPollReactor
2025-03-26 18:02:50,429 - synapse.app.homeserver - 370 - INFO - main - Setting up server
2025-03-26 18:02:50,429 - synapse.server - 357 - INFO - main - Setting up.
2025-03-26 18:02:50,442 - synapse.storage.databases - 77 - INFO - main - [database config 'master']: Checking database server
2025-03-26 18:02:50,446 - synapse.storage.databases - 80 - INFO - main - [database config 'master']: Preparing for databases ['main', 'state']
2025-03-26 18:02:50,447 - synapse.storage.prepare_database - 135 - INFO - main - ['main', 'state']: Checking existing schema version
2025-03-26 18:02:50,449 - synapse.storage.prepare_database - 165 - INFO - main - ['main', 'state']: Initialising new database
2025-03-26 18:02:50,450 - synapse.app._base - 220 - ERROR - main - Exception during startup
Traceback (most recent call last):
  File "/usr/local/lib/python3.12/site-packages/synapse/app/homeserver.py", line 373, in setup
    hs.setup()
  File "/usr/local/lib/python3.12/site-packages/synapse/server.py", line 359, in setup
    self.datastores = Databases(self.DATASTORE_CLASS, self)
                      ^^^^^^^^^^^^^^^^^^^^^^^^^^^^^^^^^^^^^
  File "/usr/local/lib/python3.12/site-packages/synapse/storage/databases/__init__.py", line 85, in __init__
    prepare_database(
  File "/usr/local/lib/python3.12/site-packages/synapse/storage/prepare_database.py", line 172, in prepare_database
    _setup_new_database(cur, database_engine, databases=databases)
  File "/usr/local/lib/python3.12/site-packages/synapse/storage/prepare_database.py", line 291, in _setup_new_database
    database_engine.execute_script_file(cur, entry.absolute_path)
  File "/usr/local/lib/python3.12/site-packages/synapse/storage/engines/_base.py", line 160, in execute_script_file
    cls.executescript(cursor, f.read())
  File "/usr/local/lib/python3.12/site-packages/synapse/storage/engines/postgres.py", line 266, in executescript
    cursor.execute(f"COMMIT; BEGIN TRANSACTION; {script}")
  File "/usr/local/lib/python3.12/site-packages/synapse/storage/database.py", line 427, in execute
    self._do_execute(self.txn.execute, sql, parameters)
  File "/usr/local/lib/python3.12/site-packages/synapse/storage/database.py", line 489, in _do_execute
    return func(sql, *args, **kwargs)
           ^^^^^^^^^^^^^^^^^^^^^^^^^^
psycopg2.errors.DuplicateTable: relation "background_updates" already exists

2025-03-26 18:02:55,296 - root - 352 - WARNING - main - ***** STARTING SERVER *****
2025-03-26 18:02:55,296 - root - 353 - WARNING - main - Server /usr/local/lib/python3.12/site-packages/synapse/app/homeserver.py version 1.127.0
2025-03-26 18:02:55,297 - root - 358 - WARNING - main - Copyright (c) 2023 New Vector, Inc
2025-03-26 18:02:55,297 - root - 359 - WARNING - main - Licensed under the AGPL 3.0 license. Website: https://github.com/element-hq/synapse
2025-03-26 18:02:55,297 - root - 362 - INFO - main - Server hostname: matrix
2025-03-26 18:02:55,298 - root - 363 - INFO - main - Public Base URL: https://matrix/
2025-03-26 18:02:55,298 - root - 364 - INFO - main - Instance name: master
2025-03-26 18:02:55,298 - root - 365 - INFO - main - Twisted reactor: EPollReactor
2025-03-26 18:02:55,299 - synapse.app.homeserver - 370 - INFO - main - Setting up server
2025-03-26 18:02:55,299 - synapse.server - 357 - INFO - main - Setting up.
2025-03-26 18:02:55,324 - synapse.storage.databases - 77 - INFO - main - [database config 'master']: Checking database server
2025-03-26 18:02:55,330 - synapse.storage.databases - 80 - INFO - main - [database config 'master']: Preparing for databases ['main', 'state']
2025-03-26 18:02:55,330 - synapse.storage.prepare_database - 135 - INFO - main - ['main', 'state']: Checking existing schema version
2025-03-26 18:02:55,333 - synapse.storage.prepare_database - 165 - INFO - main - ['main', 'state']: Initialising new database
2025-03-26 18:02:55,335 - synapse.app._base - 220 - ERROR - main - Exception during startup
Traceback (most recent call last):
  File "/usr/local/lib/python3.12/site-packages/synapse/app/homeserver.py", line 373, in setup
    hs.setup()
  File "/usr/local/lib/python3.12/site-packages/synapse/server.py", line 359, in setup
    self.datastores = Databases(self.DATASTORE_CLASS, self)
                      ^^^^^^^^^^^^^^^^^^^^^^^^^^^^^^^^^^^^^
  File "/usr/local/lib/python3.12/site-packages/synapse/storage/databases/__init__.py", line 85, in __init__
    prepare_database(
  File "/usr/local/lib/python3.12/site-packages/synapse/storage/prepare_database.py", line 172, in prepare_database
    _setup_new_database(cur, database_engine, databases=databases)
  File "/usr/local/lib/python3.12/site-packages/synapse/storage/prepare_database.py", line 291, in _setup_new_database
    database_engine.execute_script_file(cur, entry.absolute_path)
  File "/usr/local/lib/python3.12/site-packages/synapse/storage/engines/_base.py", line 160, in execute_script_file
    cls.executescript(cursor, f.read())
  File "/usr/local/lib/python3.12/site-packages/synapse/storage/engines/postgres.py", line 266, in executescript
    cursor.execute(f"COMMIT; BEGIN TRANSACTION; {script}")
  File "/usr/local/lib/python3.12/site-packages/synapse/storage/database.py", line 427, in execute
    self._do_execute(self.txn.execute, sql, parameters)
  File "/usr/local/lib/python3.12/site-packages/synapse/storage/database.py", line 489, in _do_execute
    return func(sql, *args, **kwargs)
           ^^^^^^^^^^^^^^^^^^^^^^^^^^
psycopg2.errors.DuplicateTable: relation "background_updates" already exists

2025-03-26 18:03:00,123 - root - 352 - WARNING - main - ***** STARTING SERVER *****
2025-03-26 18:03:00,123 - root - 353 - WARNING - main - Server /usr/local/lib/python3.12/site-packages/synapse/app/homeserver.py version 1.127.0
2025-03-26 18:03:00,123 - root - 358 - WARNING - main - Copyright (c) 2023 New Vector, Inc
2025-03-26 18:03:00,124 - root - 359 - WARNING - main - Licensed under the AGPL 3.0 license. Website: https://github.com/element-hq/synapse
2025-03-26 18:03:00,124 - root - 362 - INFO - main - Server hostname: matrix
2025-03-26 18:03:00,124 - root - 363 - INFO - main - Public Base URL: https://matrix/
2025-03-26 18:03:00,125 - root - 364 - INFO - main - Instance name: master
2025-03-26 18:03:00,125 - root - 365 - INFO - main - Twisted reactor: EPollReactor
2025-03-26 18:03:00,125 - synapse.app.homeserver - 370 - INFO - main - Setting up server
2025-03-26 18:03:00,126 - synapse.server - 357 - INFO - main - Setting up.
2025-03-26 18:03:00,137 - synapse.storage.databases - 77 - INFO - main - [database config 'master']: Checking database server
2025-03-26 18:03:00,141 - synapse.storage.databases - 80 - INFO - main - [database config 'master']: Preparing for databases ['main', 'state']
2025-03-26 18:03:00,141 - synapse.storage.prepare_database - 135 - INFO - main - ['main', 'state']: Checking existing schema version
2025-03-26 18:03:00,143 - synapse.storage.prepare_database - 165 - INFO - main - ['main', 'state']: Initialising new database
2025-03-26 18:03:00,144 - synapse.app._base - 220 - ERROR - main - Exception during startup
Traceback (most recent call last):
  File "/usr/local/lib/python3.12/site-packages/synapse/app/homeserver.py", line 373, in setup
    hs.setup()
  File "/usr/local/lib/python3.12/site-packages/synapse/server.py", line 359, in setup
    self.datastores = Databases(self.DATASTORE_CLASS, self)
                      ^^^^^^^^^^^^^^^^^^^^^^^^^^^^^^^^^^^^^
  File "/usr/local/lib/python3.12/site-packages/synapse/storage/databases/__init__.py", line 85, in __init__
    prepare_database(
  File "/usr/local/lib/python3.12/site-packages/synapse/storage/prepare_database.py", line 172, in prepare_database
    _setup_new_database(cur, database_engine, databases=databases)
  File "/usr/local/lib/python3.12/site-packages/synapse/storage/prepare_database.py", line 291, in _setup_new_database
    database_engine.execute_script_file(cur, entry.absolute_path)
  File "/usr/local/lib/python3.12/site-packages/synapse/storage/engines/_base.py", line 160, in execute_script_file
    cls.executescript(cursor, f.read())
  File "/usr/local/lib/python3.12/site-packages/synapse/storage/engines/postgres.py", line 266, in executescript
    cursor.execute(f"COMMIT; BEGIN TRANSACTION; {script}")
  File "/usr/local/lib/python3.12/site-packages/synapse/storage/database.py", line 427, in execute
    self._do_execute(self.txn.execute, sql, parameters)
  File "/usr/local/lib/python3.12/site-packages/synapse/storage/database.py", line 489, in _do_execute
    return func(sql, *args, **kwargs)
           ^^^^^^^^^^^^^^^^^^^^^^^^^^
psycopg2.errors.DuplicateTable: relation "background_updates" already exists

2025-03-26 18:03:05,190 - root - 352 - WARNING - main - ***** STARTING SERVER *****
2025-03-26 18:03:05,191 - root - 353 - WARNING - main - Server /usr/local/lib/python3.12/site-packages/synapse/app/homeserver.py version 1.127.0
2025-03-26 18:03:05,191 - root - 358 - WARNING - main - Copyright (c) 2023 New Vector, Inc
2025-03-26 18:03:05,192 - root - 359 - WARNING - main - Licensed under the AGPL 3.0 license. Website: https://github.com/element-hq/synapse
2025-03-26 18:03:05,192 - root - 362 - INFO - main - Server hostname: matrix
2025-03-26 18:03:05,193 - root - 363 - INFO - main - Public Base URL: https://matrix/
2025-03-26 18:03:05,193 - root - 364 - INFO - main - Instance name: master
2025-03-26 18:03:05,194 - root - 365 - INFO - main - Twisted reactor: EPollReactor
2025-03-26 18:03:05,194 - synapse.app.homeserver - 370 - INFO - main - Setting up server
2025-03-26 18:03:05,195 - synapse.server - 357 - INFO - main - Setting up.
2025-03-26 18:03:05,206 - synapse.storage.databases - 77 - INFO - main - [database config 'master']: Checking database server
2025-03-26 18:03:05,210 - synapse.storage.databases - 80 - INFO - main - [database config 'master']: Preparing for databases ['main', 'state']
2025-03-26 18:03:05,210 - synapse.storage.prepare_database - 135 - INFO - main - ['main', 'state']: Checking existing schema version
2025-03-26 18:03:05,212 - synapse.storage.prepare_database - 165 - INFO - main - ['main', 'state']: Initialising new database
2025-03-26 18:03:05,215 - synapse.app._base - 220 - ERROR - main - Exception during startup
Traceback (most recent call last):
  File "/usr/local/lib/python3.12/site-packages/synapse/app/homeserver.py", line 373, in setup
    hs.setup()
  File "/usr/local/lib/python3.12/site-packages/synapse/server.py", line 359, in setup
    self.datastores = Databases(self.DATASTORE_CLASS, self)
                      ^^^^^^^^^^^^^^^^^^^^^^^^^^^^^^^^^^^^^
  File "/usr/local/lib/python3.12/site-packages/synapse/storage/databases/__init__.py", line 85, in __init__
    prepare_database(
  File "/usr/local/lib/python3.12/site-packages/synapse/storage/prepare_database.py", line 172, in prepare_database
    _setup_new_database(cur, database_engine, databases=databases)
  File "/usr/local/lib/python3.12/site-packages/synapse/storage/prepare_database.py", line 291, in _setup_new_database
    database_engine.execute_script_file(cur, entry.absolute_path)
  File "/usr/local/lib/python3.12/site-packages/synapse/storage/engines/_base.py", line 160, in execute_script_file
    cls.executescript(cursor, f.read())
  File "/usr/local/lib/python3.12/site-packages/synapse/storage/engines/postgres.py", line 266, in executescript
    cursor.execute(f"COMMIT; BEGIN TRANSACTION; {script}")
  File "/usr/local/lib/python3.12/site-packages/synapse/storage/database.py", line 427, in execute
    self._do_execute(self.txn.execute, sql, parameters)
  File "/usr/local/lib/python3.12/site-packages/synapse/storage/database.py", line 489, in _do_execute
    return func(sql, *args, **kwargs)
           ^^^^^^^^^^^^^^^^^^^^^^^^^^
psycopg2.errors.DuplicateTable: relation "background_updates" already exists

2025-03-26 18:03:09,844 - root - 352 - WARNING - main - ***** STARTING SERVER *****
2025-03-26 18:03:09,844 - root - 353 - WARNING - main - Server /usr/local/lib/python3.12/site-packages/synapse/app/homeserver.py version 1.127.0
2025-03-26 18:03:09,845 - root - 358 - WARNING - main - Copyright (c) 2023 New Vector, Inc
2025-03-26 18:03:09,853 - root - 359 - WARNING - main - Licensed under the AGPL 3.0 license. Website: https://github.com/element-hq/synapse
2025-03-26 18:03:09,853 - root - 362 - INFO - main - Server hostname: matrix
2025-03-26 18:03:09,854 - root - 363 - INFO - main - Public Base URL: https://matrix/
2025-03-26 18:03:09,854 - root - 364 - INFO - main - Instance name: master
2025-03-26 18:03:09,854 - root - 365 - INFO - main - Twisted reactor: EPollReactor
2025-03-26 18:03:09,855 - synapse.app.homeserver - 370 - INFO - main - Setting up server
2025-03-26 18:03:09,855 - synapse.server - 357 - INFO - main - Setting up.
2025-03-26 18:03:09,866 - synapse.storage.databases - 77 - INFO - main - [database config 'master']: Checking database server
2025-03-26 18:03:09,870 - synapse.storage.databases - 80 - INFO - main - [database config 'master']: Preparing for databases ['main', 'state']
2025-03-26 18:03:09,871 - synapse.storage.prepare_database - 135 - INFO - main - ['main', 'state']: Checking existing schema version
2025-03-26 18:03:09,872 - synapse.storage.prepare_database - 165 - INFO - main - ['main', 'state']: Initialising new database
2025-03-26 18:03:09,874 - synapse.app._base - 220 - ERROR - main - Exception during startup
Traceback (most recent call last):
  File "/usr/local/lib/python3.12/site-packages/synapse/app/homeserver.py", line 373, in setup
    hs.setup()
  File "/usr/local/lib/python3.12/site-packages/synapse/server.py", line 359, in setup
    self.datastores = Databases(self.DATASTORE_CLASS, self)
                      ^^^^^^^^^^^^^^^^^^^^^^^^^^^^^^^^^^^^^
  File "/usr/local/lib/python3.12/site-packages/synapse/storage/databases/__init__.py", line 85, in __init__
    prepare_database(
  File "/usr/local/lib/python3.12/site-packages/synapse/storage/prepare_database.py", line 172, in prepare_database
    _setup_new_database(cur, database_engine, databases=databases)
  File "/usr/local/lib/python3.12/site-packages/synapse/storage/prepare_database.py", line 291, in _setup_new_database
    database_engine.execute_script_file(cur, entry.absolute_path)
  File "/usr/local/lib/python3.12/site-packages/synapse/storage/engines/_base.py", line 160, in execute_script_file
    cls.executescript(cursor, f.read())
  File "/usr/local/lib/python3.12/site-packages/synapse/storage/engines/postgres.py", line 266, in executescript
    cursor.execute(f"COMMIT; BEGIN TRANSACTION; {script}")
  File "/usr/local/lib/python3.12/site-packages/synapse/storage/database.py", line 427, in execute
    self._do_execute(self.txn.execute, sql, parameters)
  File "/usr/local/lib/python3.12/site-packages/synapse/storage/database.py", line 489, in _do_execute
    return func(sql, *args, **kwargs)
           ^^^^^^^^^^^^^^^^^^^^^^^^^^
psycopg2.errors.DuplicateTable: relation "background_updates" already exists

2025-03-26 18:03:14,858 - root - 352 - WARNING - main - ***** STARTING SERVER *****
2025-03-26 18:03:14,858 - root - 353 - WARNING - main - Server /usr/local/lib/python3.12/site-packages/synapse/app/homeserver.py version 1.127.0
2025-03-26 18:03:14,859 - root - 358 - WARNING - main - Copyright (c) 2023 New Vector, Inc
2025-03-26 18:03:14,859 - root - 359 - WARNING - main - Licensed under the AGPL 3.0 license. Website: https://github.com/element-hq/synapse
2025-03-26 18:03:14,859 - root - 362 - INFO - main - Server hostname: matrix
2025-03-26 18:03:14,859 - root - 363 - INFO - main - Public Base URL: https://matrix/
2025-03-26 18:03:14,860 - root - 364 - INFO - main - Instance name: master
2025-03-26 18:03:14,860 - root - 365 - INFO - main - Twisted reactor: EPollReactor
2025-03-26 18:03:14,860 - synapse.app.homeserver - 370 - INFO - main - Setting up server
2025-03-26 18:03:14,860 - synapse.server - 357 - INFO - main - Setting up.
2025-03-26 18:03:14,870 - synapse.storage.databases - 77 - INFO - main - [database config 'master']: Checking database server
2025-03-26 18:03:14,873 - synapse.storage.databases - 80 - INFO - main - [database config 'master']: Preparing for databases ['main', 'state']
2025-03-26 18:03:14,873 - synapse.storage.prepare_database - 135 - INFO - main - ['main', 'state']: Checking existing schema version
2025-03-26 18:03:14,875 - synapse.storage.prepare_database - 165 - INFO - main - ['main', 'state']: Initialising new database
2025-03-26 18:03:14,876 - synapse.app._base - 220 - ERROR - main - Exception during startup
Traceback (most recent call last):
  File "/usr/local/lib/python3.12/site-packages/synapse/app/homeserver.py", line 373, in setup
    hs.setup()
  File "/usr/local/lib/python3.12/site-packages/synapse/server.py", line 359, in setup
    self.datastores = Databases(self.DATASTORE_CLASS, self)
                      ^^^^^^^^^^^^^^^^^^^^^^^^^^^^^^^^^^^^^
  File "/usr/local/lib/python3.12/site-packages/synapse/storage/databases/__init__.py", line 85, in __init__
    prepare_database(
  File "/usr/local/lib/python3.12/site-packages/synapse/storage/prepare_database.py", line 172, in prepare_database
    _setup_new_database(cur, database_engine, databases=databases)
  File "/usr/local/lib/python3.12/site-packages/synapse/storage/prepare_database.py", line 291, in _setup_new_database
    database_engine.execute_script_file(cur, entry.absolute_path)
  File "/usr/local/lib/python3.12/site-packages/synapse/storage/engines/_base.py", line 160, in execute_script_file
    cls.executescript(cursor, f.read())
  File "/usr/local/lib/python3.12/site-packages/synapse/storage/engines/postgres.py", line 266, in executescript
    cursor.execute(f"COMMIT; BEGIN TRANSACTION; {script}")
  File "/usr/local/lib/python3.12/site-packages/synapse/storage/database.py", line 427, in execute
    self._do_execute(self.txn.execute, sql, parameters)
  File "/usr/local/lib/python3.12/site-packages/synapse/storage/database.py", line 489, in _do_execute
    return func(sql, *args, **kwargs)
           ^^^^^^^^^^^^^^^^^^^^^^^^^^
psycopg2.errors.DuplicateTable: relation "background_updates" already exists

2025-03-26 18:04:54,137 - root - 352 - WARNING - main - ***** STARTING SERVER *****
2025-03-26 18:04:54,138 - root - 353 - WARNING - main - Server /usr/local/lib/python3.12/site-packages/synapse/app/homeserver.py version 1.127.0
2025-03-26 18:04:54,139 - root - 358 - WARNING - main - Copyright (c) 2023 New Vector, Inc
2025-03-26 18:04:54,139 - root - 359 - WARNING - main - Licensed under the AGPL 3.0 license. Website: https://github.com/element-hq/synapse
2025-03-26 18:04:54,140 - root - 362 - INFO - main - Server hostname: matrix
2025-03-26 18:04:54,140 - root - 363 - INFO - main - Public Base URL: https://matrix/
2025-03-26 18:04:54,140 - root - 364 - INFO - main - Instance name: master
2025-03-26 18:04:54,141 - root - 365 - INFO - main - Twisted reactor: EPollReactor
2025-03-26 18:04:54,141 - synapse.app.homeserver - 370 - INFO - main - Setting up server
2025-03-26 18:04:54,141 - synapse.server - 357 - INFO - main - Setting up.
2025-03-26 18:04:54,153 - synapse.storage.databases - 77 - INFO - main - [database config 'master']: Checking database server
2025-03-26 18:04:54,157 - synapse.storage.databases - 80 - INFO - main - [database config 'master']: Preparing for databases ['main', 'state']
2025-03-26 18:04:54,158 - synapse.storage.prepare_database - 135 - INFO - main - ['main', 'state']: Checking existing schema version
2025-03-26 18:04:54,206 - synapse.storage.prepare_database - 165 - INFO - main - ['main', 'state']: Initialising new database
2025-03-26 18:04:57,405 - synapse.storage.prepare_database - 433 - INFO - main - Applying schema deltas for v73
2025-03-26 18:04:57,407 - synapse.storage.prepare_database - 541 - INFO - main - Applying schema 73/01event_failed_pull_attempts.sql
2025-03-26 18:04:57,431 - synapse.storage.prepare_database - 541 - INFO - main - Applying schema 73/02add_pusher_enabled.sql
2025-03-26 18:04:57,436 - synapse.storage.prepare_database - 541 - INFO - main - Applying schema 73/02room_id_indexes_for_purging.sql
2025-03-26 18:04:57,466 - synapse.storage.prepare_database - 541 - INFO - main - Applying schema 73/03pusher_device_id.sql
2025-03-26 18:04:57,471 - synapse.storage.prepare_database - 541 - INFO - main - Applying schema 73/03users_approved_column.sql
2025-03-26 18:04:57,476 - synapse.storage.prepare_database - 541 - INFO - main - Applying schema 73/04partial_join_details.sql
2025-03-26 18:04:57,482 - synapse.storage.prepare_database - 541 - INFO - main - Applying schema 73/04pending_device_list_updates.sql
2025-03-26 18:04:57,510 - synapse.storage.prepare_database - 549 - INFO - main - Applying engine-specific schema 73/05old_push_actions.sql.postgres
2025-03-26 18:04:57,515 - synapse.storage.prepare_database - 541 - INFO - main - Applying schema 73/06thread_notifications_thread_id_idx.sql
2025-03-26 18:04:57,520 - synapse.storage.prepare_database - 549 - INFO - main - Applying engine-specific schema 73/08thread_receipts_non_null.sql.postgres
2025-03-26 18:04:57,525 - synapse.storage.prepare_database - 541 - INFO - main - Applying schema 73/09partial_joined_via_destination.sql
2025-03-26 18:04:57,530 - synapse.storage.prepare_database - 541 - INFO - main - Applying schema 73/09threads_table.sql
2025-03-26 18:04:57,556 - synapse.storage.prepare_database - 524 - INFO - main - Running 73/10_update_sqlite_fts4_tokenizer.py:run_create
2025-03-26 18:04:57,557 - synapse.storage.prepare_database - 541 - INFO - main - Applying schema 73/10login_tokens.sql
2025-03-26 18:04:57,590 - synapse.storage.prepare_database - 549 - INFO - main - Applying engine-specific schema 73/11event_search_room_id_n_distinct.sql.postgres
2025-03-26 18:04:57,594 - synapse.storage.prepare_database - 541 - INFO - main - Applying schema 73/12refactor_device_list_outbound_pokes.sql
2025-03-26 18:04:57,613 - synapse.storage.prepare_database - 541 - INFO - main - Applying schema 73/13add_device_lists_index.sql
2025-03-26 18:04:57,617 - synapse.storage.prepare_database - 541 - INFO - main - Applying schema 73/20_un_partial_stated_room_stream.sql
2025-03-26 18:04:57,641 - synapse.storage.prepare_database - 549 - INFO - main - Applying engine-specific schema 73/21_un_partial_stated_room_stream_seq.sql.postgres
2025-03-26 18:04:57,646 - synapse.storage.prepare_database - 541 - INFO - main - Applying schema 73/22_rebuild_user_dir_stats.sql
2025-03-26 18:04:57,650 - synapse.storage.prepare_database - 541 - INFO - main - Applying schema 73/22_un_partial_stated_event_stream.sql
2025-03-26 18:04:57,679 - synapse.storage.prepare_database - 541 - INFO - main - Applying schema 73/23_fix_thread_index.sql
2025-03-26 18:04:57,685 - synapse.storage.prepare_database - 549 - INFO - main - Applying engine-specific schema 73/23_un_partial_stated_room_stream_seq.sql.postgres
2025-03-26 18:04:57,693 - synapse.storage.prepare_database - 541 - INFO - main - Applying schema 73/24_events_jump_to_date_index.sql
2025-03-26 18:04:57,702 - synapse.storage.prepare_database - 541 - INFO - main - Applying schema 73/25drop_presence.sql
2025-03-26 18:04:57,708 - synapse.storage.prepare_database - 433 - INFO - main - Applying schema deltas for v74
2025-03-26 18:04:57,710 - synapse.storage.prepare_database - 541 - INFO - main - Applying schema 74/01_user_directory_stale_remote_users.sql
2025-03-26 18:04:57,750 - synapse.storage.prepare_database - 541 - INFO - main - Applying schema 74/02_set_device_id_for_pushers_bg_update.sql
2025-03-26 18:04:57,755 - synapse.storage.prepare_database - 549 - INFO - main - Applying engine-specific schema 74/03_membership_tables_event_stream_ordering.sql.postgres
2025-03-26 18:04:57,763 - synapse.storage.prepare_database - 541 - INFO - main - Applying schema 74/03_room_membership_index.sql
2025-03-26 18:04:57,768 - synapse.storage.prepare_database - 541 - INFO - main - Applying schema 74/04_delete_e2e_backup_keys_for_deactivated_users.sql
2025-03-26 18:04:57,775 - synapse.storage.prepare_database - 524 - INFO - main - Running 74/04_membership_tables_event_stream_ordering_triggers.py:run_create
2025-03-26 18:04:57,779 - synapse.storage.prepare_database - 541 - INFO - main - Applying schema 74/05_events_txn_id_device_id.sql
2025-03-26 18:04:57,817 - synapse.storage.prepare_database - 549 - INFO - main - Applying engine-specific schema 74/90COMMENTS_destinations.sql.postgres
2025-03-26 18:04:57,823 - synapse.storage.prepare_database - 433 - INFO - main - Applying schema deltas for v75
2025-03-26 18:04:57,825 - synapse.storage.prepare_database - 433 - INFO - main - Applying schema deltas for v76
2025-03-26 18:04:57,826 - synapse.storage.prepare_database - 541 - INFO - main - Applying schema 76/01_add_profiles_full_user_id_column.sql
2025-03-26 18:04:57,831 - synapse.storage.prepare_database - 541 - INFO - main - Applying schema 76/02_add_user_filters_full_user_id_column.sql
2025-03-26 18:04:57,837 - synapse.storage.prepare_database - 541 - INFO - main - Applying schema 76/03_per_user_experimental_features.sql
2025-03-26 18:04:57,861 - synapse.storage.prepare_database - 541 - INFO - main - Applying schema 76/04_add_room_forgetter.sql
2025-03-26 18:04:57,876 - synapse.storage.prepare_database - 433 - INFO - main - Applying schema deltas for v77
2025-03-26 18:04:57,878 - synapse.storage.prepare_database - 549 - INFO - main - Applying engine-specific schema 77/01_add_profiles_not_valid_check.sql.postgres
2025-03-26 18:04:57,884 - synapse.storage.prepare_database - 549 - INFO - main - Applying engine-specific schema 77/02_add_user_filters_not_valid_check.sql.postgres
2025-03-26 18:04:57,889 - synapse.storage.prepare_database - 541 - INFO - main - Applying schema 77/03bg_populate_full_user_id_profiles.sql
2025-03-26 18:04:57,894 - synapse.storage.prepare_database - 541 - INFO - main - Applying schema 77/04bg_populate_full_user_id_user_filters.sql
2025-03-26 18:04:57,899 - synapse.storage.prepare_database - 541 - INFO - main - Applying schema 77/05thread_notifications_backfill.sql
2025-03-26 18:04:57,905 - synapse.storage.prepare_database - 549 - INFO - main - Applying engine-specific schema 77/06thread_notifications_not_null_event_push_actions.sql.postgres
2025-03-26 18:04:57,909 - synapse.storage.prepare_database - 549 - INFO - main - Applying engine-specific schema 77/06thread_notifications_not_null_event_push_actions_staging.sql.postgres
2025-03-26 18:04:57,914 - synapse.storage.prepare_database - 549 - INFO - main - Applying engine-specific schema 77/06thread_notifications_not_null_event_push_summary.sql.postgres
2025-03-26 18:04:57,918 - synapse.storage.prepare_database - 541 - INFO - main - Applying schema 77/14bg_indices_event_stream_ordering.sql
2025-03-26 18:04:57,922 - synapse.storage.prepare_database - 433 - INFO - main - Applying schema deltas for v78
2025-03-26 18:04:57,926 - synapse.storage.prepare_database - 524 - INFO - main - Running 78/03event_extremities_constraints.py:run_create
2025-03-26 18:04:57,928 - synapse.storage.prepare_database - 524 - INFO - main - Running 78/04_add_full_user_id_index_user_filters.py:run_create
2025-03-26 18:04:57,928 - synapse.storage.prepare_database - 433 - INFO - main - Applying schema deltas for v79
2025-03-26 18:04:57,929 - synapse.storage.prepare_database - 549 - INFO - main - Applying engine-specific schema 79/03_read_write_locks_triggers.sql.postgres
2025-03-26 18:04:57,976 - synapse.storage.prepare_database - 524 - INFO - main - Running 79/04_mitigate_stream_ordering_update_race.py:run_create
2025-03-26 18:04:57,977 - synapse.storage.prepare_database - 549 - INFO - main - Applying engine-specific schema 79/05_read_write_locks_triggers.sql.postgres
2025-03-26 18:04:57,982 - synapse.storage.prepare_database - 433 - INFO - main - Applying schema deltas for v80
2025-03-26 18:04:57,983 - synapse.storage.prepare_database - 541 - INFO - main - Applying schema 80/01_users_alter_locked.sql
2025-03-26 18:04:57,987 - synapse.storage.prepare_database - 549 - INFO - main - Applying engine-specific schema 80/02_read_write_locks_unlogged.sql.postgres
2025-03-26 18:04:58,056 - synapse.storage.prepare_database - 541 - INFO - main - Applying schema 80/02_scheduled_tasks.sql
2025-03-26 18:04:58,080 - synapse.storage.prepare_database - 549 - INFO - main - Applying engine-specific schema 80/03_read_write_locks_triggers.sql.postgres
2025-03-26 18:04:58,084 - synapse.storage.prepare_database - 549 - INFO - main - Applying engine-specific schema 80/04_read_write_locks_deadlock.sql.postgres
2025-03-26 18:04:58,088 - synapse.storage.prepare_database - 433 - INFO - main - Applying schema deltas for v81
2025-03-26 18:04:58,090 - synapse.storage.prepare_database - 433 - INFO - main - Applying schema deltas for v82
2025-03-26 18:04:58,090 - synapse.storage.prepare_database - 541 - INFO - main - Applying schema 82/02_scheduled_tasks_index.sql
2025-03-26 18:04:58,100 - synapse.storage.prepare_database - 541 - INFO - main - Applying schema 82/04_add_indices_for_purging_rooms.sql
2025-03-26 18:04:58,104 - synapse.storage.prepare_database - 541 - INFO - main - Applying schema 82/05gaps.sql
2025-03-26 18:04:58,123 - synapse.storage.prepare_database - 433 - INFO - main - Applying schema deltas for v83
2025-03-26 18:04:58,124 - synapse.storage.prepare_database - 541 - INFO - main - Applying schema 83/01_drop_old_tables.sql
2025-03-26 18:04:58,130 - synapse.storage.prepare_database - 541 - INFO - main - Applying schema 83/05_cross_signing_key_update_grant.sql
2025-03-26 18:04:58,135 - synapse.storage.prepare_database - 541 - INFO - main - Applying schema 83/06_event_push_summary_room.sql
2025-03-26 18:04:58,141 - synapse.storage.prepare_database - 433 - INFO - main - Applying schema deltas for v84
2025-03-26 18:04:58,143 - synapse.storage.prepare_database - 549 - INFO - main - Applying engine-specific schema 84/01_auth_links_stats.sql.postgres
2025-03-26 18:04:58,147 - synapse.storage.prepare_database - 541 - INFO - main - Applying schema 84/02_auth_links_index.sql
2025-03-26 18:04:58,151 - synapse.storage.prepare_database - 549 - INFO - main - Applying engine-specific schema 84/03_auth_links_analyze.sql.postgres
2025-03-26 18:04:58,156 - synapse.storage.prepare_database - 541 - INFO - main - Applying schema 84/04_access_token_index.sql
2025-03-26 18:04:58,160 - synapse.storage.prepare_database - 433 - INFO - main - Applying schema deltas for v85
2025-03-26 18:04:58,161 - synapse.storage.prepare_database - 541 - INFO - main - Applying schema 85/01_add_suspended.sql
2025-03-26 18:04:58,166 - synapse.storage.prepare_database - 541 - INFO - main - Applying schema 85/02_add_instance_names.sql
2025-03-26 18:04:58,171 - synapse.storage.prepare_database - 549 - INFO - main - Applying engine-specific schema 85/03_new_sequences.sql.postgres
2025-03-26 18:04:58,178 - synapse.storage.prepare_database - 541 - INFO - main - Applying schema 85/04_cleanup_device_federation_outbox.sql
2025-03-26 18:04:58,183 - synapse.storage.prepare_database - 541 - INFO - main - Applying schema 85/05_add_instance_names_converted_pos.sql
2025-03-26 18:04:58,187 - synapse.storage.prepare_database - 541 - INFO - main - Applying schema 85/06_add_room_reports.sql
2025-03-26 18:04:58,206 - synapse.storage.prepare_database - 433 - INFO - main - Applying schema deltas for v86
2025-03-26 18:04:58,208 - synapse.storage.prepare_database - 541 - INFO - main - Applying schema 86/01_authenticate_media.sql
2025-03-26 18:04:58,213 - synapse.storage.prepare_database - 541 - INFO - main - Applying schema 86/02_receipts_event_id_index.sql
2025-03-26 18:04:58,218 - synapse.storage.prepare_database - 433 - INFO - main - Applying schema deltas for v87
2025-03-26 18:04:58,220 - synapse.storage.prepare_database - 541 - INFO - main - Applying schema 87/01_sliding_sync_memberships.sql
2025-03-26 18:04:58,311 - synapse.storage.prepare_database - 541 - INFO - main - Applying schema 87/02_per_connection_state.sql
2025-03-26 18:04:58,439 - synapse.storage.prepare_database - 541 - INFO - main - Applying schema 87/03_current_state_index.sql
2025-03-26 18:04:58,444 - synapse.storage.prepare_database - 433 - INFO - main - Applying schema deltas for v88
2025-03-26 18:04:58,445 - synapse.storage.prepare_database - 541 - INFO - main - Applying schema 88/01_add_delayed_events.sql
2025-03-26 18:04:58,493 - synapse.storage.prepare_database - 541 - INFO - main - Applying schema 88/01_custom_profile_fields.sql
2025-03-26 18:04:58,498 - synapse.storage.prepare_database - 541 - INFO - main - Applying schema 88/02_fix_sliding_sync_membership_snapshots_forgotten_column.sql
2025-03-26 18:04:58,503 - synapse.storage.prepare_database - 541 - INFO - main - Applying schema 88/03_add_otk_ts_added_index.sql
2025-03-26 18:04:58,508 - synapse.storage.prepare_database - 541 - INFO - main - Applying schema 88/04_current_state_delta_index.sql
2025-03-26 18:04:58,512 - synapse.storage.prepare_database - 549 - INFO - main - Applying engine-specific schema 88/05_drop_old_otks.sql.postgres
2025-03-26 18:04:58,518 - synapse.storage.prepare_database - 541 - INFO - main - Applying schema 88/05_sliding_sync_room_config_index.sql
2025-03-26 18:04:58,523 - synapse.storage.prepare_database - 541 - INFO - main - Applying schema 88/06_events_received_ts_index.sql
2025-03-26 18:04:58,527 - synapse.storage.prepare_database - 433 - INFO - main - Applying schema deltas for v89
2025-03-26 18:04:58,528 - synapse.storage.prepare_database - 541 - INFO - main - Applying schema 89/01_state_groups_deletion.sql
2025-03-26 18:04:58,576 - synapse.storage.prepare_database - 568 - INFO - main - Schema now up to date
2025-03-26 18:04:58,581 - synapse.storage.databases - 95 - INFO - main - [database config 'master']: Starting 'main' database
2025-03-26 18:04:58,608 - synapse.storage.util.id_generators - 98 - INFO - main - Initialising stream generator for push_rules(id): 1
2025-03-26 18:04:58,609 - synapse.storage.util.id_generators - 98 - INFO - main - Initialising stream generator for push_rules_enable(id): 1
2025-03-26 18:04:58,614 - synapse.storage.databases.main.event_push_actions - 1242 - INFO - main - Searching for stream ordering 1 month ago
2025-03-26 18:04:58,615 - synapse.storage.databases.main.event_push_actions - 1246 - INFO - main - Found stream ordering 1 month ago: it's 0
2025-03-26 18:04:58,615 - synapse.storage.databases.main.event_push_actions - 1249 - INFO - main - Searching for stream ordering 1 day ago
2025-03-26 18:04:58,616 - synapse.storage.databases.main.event_push_actions - 1253 - INFO - main - Found stream ordering 1 day ago: it's 0
2025-03-26 18:04:58,619 - synapse.storage.util.id_generators - 98 - INFO - main - Initialising stream generator for access_tokens(id): 1
2025-03-26 18:04:58,619 - synapse.storage.util.id_generators - 98 - INFO - main - Initialising stream generator for refresh_tokens(id): 1
2025-03-26 18:04:58,622 - synapse.storage.util.id_generators - 98 - INFO - main - Initialising stream generator for event_reports(id): 1
2025-03-26 18:04:58,622 - synapse.storage.util.id_generators - 98 - INFO - main - Initialising stream generator for room_reports(id): 1
2025-03-26 18:04:58,630 - synapse.storage.databases - 112 - INFO - main - [database config 'master']: Starting 'state' database
2025-03-26 18:04:58,631 - synapse.storage.databases - 128 - INFO - main - [database config 'master']: prepared
2025-03-26 18:04:58,632 - synapse.server - 360 - INFO - main - Finished setting up.
2025-03-26 18:04:58,645 - synapse.push.pusher - 45 - INFO - main - email enable notifs: False
2025-03-26 18:04:58,647 - synapse.federation.federation_server - 1397 - INFO - main - Registering federation EDU handler for 'm.device_list_update'
2025-03-26 18:04:58,648 - synapse.federation.federation_server - 1417 - INFO - main - Registering federation query handler for 'profile'
2025-03-26 18:04:58,649 - synapse.federation.federation_server - 1397 - INFO - main - Registering federation EDU handler for 'm.presence'
2025-03-26 18:04:58,650 - synapse.federation.federation_server - 1397 - INFO - main - Registering federation EDU handler for 'm.typing'
2025-03-26 18:04:58,650 - synapse.federation.federation_server - 1417 - INFO - main - Registering federation query handler for 'directory'
2025-03-26 18:04:58,651 - synapse.federation.federation_server - 1397 - INFO - main - Registering federation EDU handler for 'm.signing_key_update'
2025-03-26 18:04:58,651 - synapse.federation.federation_server - 1397 - INFO - main - Registering federation EDU handler for 'org.matrix.signing_key_update'
2025-03-26 18:04:58,651 - synapse.federation.federation_server - 1417 - INFO - main - Registering federation query handler for 'client_keys'
2025-03-26 18:04:58,652 - twisted - 279 - INFO - main - Redirected stdout/stderr to logs
2025-03-26 18:04:58,652 - synapse.app.homeserver - 180 - INFO - sentinel - Running
2025-03-26 18:04:58,655 - synapse.app.homeserver - 36 - INFO - sentinel - Set file limit to: 1048576
2025-03-26 18:04:58,655 - synapse.app.homeserver - 42 - WARNING - sentinel - Failed to set file or core limit: not allowed to raise maximum limit
2025-03-26 18:04:58,666 - synapse.handlers.deactivate_account - 245 - INFO - user_parter_loop-0 - Starting user parter
2025-03-26 18:04:58,685 - synapse.util.caches.lrucache - 230 - INFO - sentinel - Expiring LRU caches after 1800 seconds
2025-03-26 18:04:58,694 - synapse.federation.federation_server - 1397 - INFO - sentinel - Registering federation EDU handler for 'm.receipt'
2025-03-26 18:04:58,694 - synapse.federation.federation_server - 1397 - INFO - sentinel - Registering federation EDU handler for 'm.direct_to_device'
2025-03-26 18:04:58,700 - synapse.util.httpresourcetree - 56 - INFO - sentinel - Attaching <synapse.rest.health.HealthResource object at 0x7f979f660e60> to path b'/health'
2025-03-26 18:04:58,700 - synapse.util.httpresourcetree - 56 - INFO - sentinel - Attaching <synapse.rest.ClientRestResource object at 0x7f979f660ef0> to path b'/_matrix/client'
2025-03-26 18:04:58,700 - synapse.util.httpresourcetree - 56 - INFO - sentinel - Attaching <twisted.web.resource.Resource object at 0x7f979f82acf0> to path b'/.well-known'
2025-03-26 18:04:58,700 - synapse.util.httpresourcetree - 56 - INFO - sentinel - Attaching <synapse.rest.admin.AdminRestResource object at 0x7f979ec51ca0> to path b'/_synapse/admin'
2025-03-26 18:04:58,700 - synapse.util.httpresourcetree - 56 - INFO - sentinel - Attaching <synapse.rest.synapse.client.pick_idp.PickIdpResource object at 0x7f979ec64d70> to path b'/_synapse/client/pick_idp'
2025-03-26 18:04:58,701 - synapse.util.httpresourcetree - 56 - INFO - sentinel - Attaching <twisted.web.resource.Resource object at 0x7f979ec64cb0> to path b'/_synapse/client/pick_username'
2025-03-26 18:04:58,706 - synapse.util.httpresourcetree - 56 - INFO - sentinel - Attaching <synapse.rest.synapse.client.new_user_consent.NewUserConsentResource object at 0x7f979ec6e2d0> to path b'/_synapse/client/new_user_consent'
2025-03-26 18:04:58,706 - synapse.util.httpresourcetree - 56 - INFO - sentinel - Attaching <synapse.rest.synapse.client.sso_register.SsoRegisterResource object at 0x7f979ec6cfb0> to path b'/_synapse/client/sso_register'
2025-03-26 18:04:58,706 - synapse.util.httpresourcetree - 56 - INFO - sentinel - Attaching <synapse.rest.synapse.client.unsubscribe.UnsubscribeResource object at 0x7f979ec6e690> to path b'/_synapse/client/unsubscribe'
2025-03-26 18:04:58,706 - synapse.util.httpresourcetree - 56 - INFO - sentinel - Attaching FilePath('/usr/local/lib/python3.12/site-packages/synapse/static') to path b'/_matrix/static'
2025-03-26 18:04:58,706 - synapse.util.httpresourcetree - 56 - INFO - sentinel - Attaching <synapse.rest.media.media_repository_resource.MediaRepositoryResource object at 0x7f979ec52600> to path b'/_matrix/media/r0'
2025-03-26 18:04:58,706 - synapse.util.httpresourcetree - 56 - INFO - sentinel - Attaching <synapse.rest.media.media_repository_resource.MediaRepositoryResource object at 0x7f979ec52600> to path b'/_matrix/media/v3'
2025-03-26 18:04:58,706 - synapse.util.httpresourcetree - 56 - INFO - sentinel - Attaching <synapse.rest.media.media_repository_resource.MediaRepositoryResource object at 0x7f979ec52600> to path b'/_matrix/media/v1'
2025-03-26 18:04:58,706 - synapse.util.httpresourcetree - 56 - INFO - sentinel - Attaching <synapse.federation.transport.server.TransportLayerServer object at 0x7f979ec50ef0> to path b'/_matrix/federation'
2025-03-26 18:04:58,706 - synapse.util.httpresourcetree - 56 - INFO - sentinel - Attaching <synapse.rest.key.v2.KeyResource object at 0x7f979ec64800> to path b'/_matrix/key'
2025-03-26 18:04:58,706 - twisted - 279 - INFO - sentinel - SynapseSite starting on 8008
2025-03-26 18:04:58,709 - synapse.app - 56 - WARNING - sentinel - Failed to listen on 0.0.0.0, continuing because listening on [::]
2025-03-26 18:04:58,709 - synapse.app._base - 439 - INFO - sentinel - Synapse now listening on TCP port 8008
2025-03-26 18:04:58,711 - synapse.app.homeserver - 223 - INFO - sentinel - Scheduling stats reporting for 3 hour intervals
2025-03-26 18:04:58,805 - synapse.storage.background_updates - 410 - INFO - background_updates-0 - Starting background schema updates for database master
2025-03-26 18:04:58,805 - synapse.handlers.deactivate_account - 255 - INFO - user_parter_loop-0 - User parter finished: stopping
2025-03-26 18:04:58,824 - synapse.push.pusherpool - 372 - INFO - start_pushers-0 - Started pushers
2025-03-26 18:04:59,826 - synapse.storage.background_updates - 578 - INFO - background_updates-0 - Starting update batch on background update 'threads_backfill'
2025-03-26 18:04:59,840 - synapse.storage.background_updates - 621 - INFO - background_updates-0 - Running background update 'threads_backfill'. Processed 0 items in 11ms. (total_rate=None/ms, current_rate=None/ms, total_updated=0, batch_size=100)
2025-03-26 18:05:00,844 - synapse.storage.background_updates - 578 - INFO - background_updates-0 - Starting update batch on background update 'device_lists_changes_in_room_by_room_index'
2025-03-26 18:05:00,847 - synapse.storage.background_updates - 870 - INFO - background_updates-0 - Adding index device_lists_changes_in_room_by_room_idx to device_lists_changes_in_room
2025-03-26 18:05:00,876 - synapse.storage.background_updates - 621 - INFO - background_updates-0 - Running background update 'device_lists_changes_in_room_by_room_index'. Processed 1 items in 29ms. (total_rate=0.034482758620689655/ms, current_rate=0.034482758620689655/ms, total_updated=1, batch_size=100)
2025-03-26 18:05:01,879 - synapse.storage.background_updates - 578 - INFO - background_updates-0 - Starting update batch on background update 'populate_stats_process_rooms'
2025-03-26 18:05:01,891 - synapse.storage.background_updates - 621 - INFO - background_updates-0 - Running background update 'populate_stats_process_rooms'. Processed 1 items in 9ms. (total_rate=0.1111111111111111/ms, current_rate=0.11111111111111112/ms, total_updated=1, batch_size=100)
2025-03-26 18:05:02,894 - synapse.storage.background_updates - 578 - INFO - background_updates-0 - Starting update batch on background update 'populate_stats_process_users'
2025-03-26 18:05:02,909 - synapse.storage.background_updates - 621 - INFO - background_updates-0 - Running background update 'populate_stats_process_users'. Processed 1 items in 12ms. (total_rate=0.08333333333333333/ms, current_rate=0.08333333333333333/ms, total_updated=1, batch_size=100)
2025-03-26 18:05:02,912 - synapse.storage.background_updates - 546 - INFO - background_updates-0 - Not starting on bg update populate_user_directory_cleanup until populate_user_directory_process_users is done
2025-03-26 18:05:03,918 - synapse.storage.background_updates - 578 - INFO - background_updates-0 - Starting update batch on background update 'populate_user_directory_createtables'
2025-03-26 18:05:03,995 - synapse.storage.background_updates - 621 - INFO - background_updates-0 - Running background update 'populate_user_directory_createtables'. Processed 1 items in 75ms. (total_rate=0.013333333333333334/ms, current_rate=0.013333333333333334/ms, total_updated=1, batch_size=100)
2025-03-26 18:05:03,996 - synapse.storage.background_updates - 546 - INFO - background_updates-0 - Not starting on bg update populate_user_directory_cleanup until populate_user_directory_process_users is done
2025-03-26 18:05:04,998 - synapse.storage.background_updates - 578 - INFO - background_updates-0 - Starting update batch on background update 'populate_user_directory_process_rooms'
2025-03-26 18:05:05,123 - synapse.storage.background_updates - 621 - INFO - background_updates-0 - Running background update 'populate_user_directory_process_rooms'. Processed 1 items in 123ms. (total_rate=0.008130081300813009/ms, current_rate=0.008130081300813007/ms, total_updated=1, batch_size=100)
2025-03-26 18:05:05,125 - synapse.storage.background_updates - 546 - INFO - background_updates-0 - Not starting on bg update populate_user_directory_cleanup until populate_user_directory_process_users is done
2025-03-26 18:05:06,126 - synapse.storage.background_updates - 578 - INFO - background_updates-0 - Starting update batch on background update 'populate_user_directory_process_users'
2025-03-26 18:05:06,136 - synapse.storage.background_updates - 621 - INFO - background_updates-0 - Running background update 'populate_user_directory_process_users'. Processed 1 items in 8ms. (total_rate=0.125/ms, current_rate=0.125/ms, total_updated=1, batch_size=100)
2025-03-26 18:05:07,138 - synapse.storage.background_updates - 578 - INFO - background_updates-0 - Starting update batch on background update 'populate_user_directory_cleanup'
2025-03-26 18:05:07,160 - synapse.storage.background_updates - 621 - INFO - background_updates-0 - Running background update 'populate_user_directory_cleanup'. Processed 1 items in 20ms. (total_rate=0.05/ms, current_rate=0.05/ms, total_updated=1, batch_size=100)
2025-03-26 18:05:08,162 - synapse.storage.background_updates - 578 - INFO - background_updates-0 - Starting update batch on background update 'events_jump_to_date_index'
2025-03-26 18:05:08,164 - synapse.storage.background_updates - 870 - INFO - background_updates-0 - Adding index events_jump_to_date_idx to events
2025-03-26 18:05:08,195 - synapse.storage.background_updates - 621 - INFO - background_updates-0 - Running background update 'events_jump_to_date_index'. Processed 1 items in 31ms. (total_rate=0.03225806451612903/ms, current_rate=0.03225806451612903/ms, total_updated=1, batch_size=100)
2025-03-26 18:05:09,202 - synapse.storage.background_updates - 578 - INFO - background_updates-0 - Starting update batch on background update 'set_device_id_for_pushers'
2025-03-26 18:05:09,214 - synapse.storage.background_updates - 621 - INFO - background_updates-0 - Running background update 'set_device_id_for_pushers'. Processed 0 items in 10ms. (total_rate=None/ms, current_rate=None/ms, total_updated=0, batch_size=100)
2025-03-26 18:05:10,217 - synapse.storage.background_updates - 578 - INFO - background_updates-0 - Starting update batch on background update 'room_membership_user_room_index'
2025-03-26 18:05:10,218 - synapse.storage.background_updates - 870 - INFO - background_updates-0 - Adding index room_membership_user_room_idx to room_memberships
2025-03-26 18:05:10,245 - synapse.storage.background_updates - 621 - INFO - background_updates-0 - Running background update 'room_membership_user_room_index'. Processed 1 items in 27ms. (total_rate=0.037037037037037035/ms, current_rate=0.037037037037037035/ms, total_updated=1, batch_size=100)
2025-03-26 18:05:11,247 - synapse.storage.background_updates - 578 - INFO - background_updates-0 - Starting update batch on background update 'delete_e2e_backup_keys_for_deactivated_users'
2025-03-26 18:05:11,257 - synapse.storage.background_updates - 621 - INFO - background_updates-0 - Running background update 'delete_e2e_backup_keys_for_deactivated_users'. Processed 0 items in 8ms. (total_rate=None/ms, current_rate=None/ms, total_updated=0, batch_size=100)
2025-03-26 18:05:12,259 - synapse.storage.background_updates - 578 - INFO - background_updates-0 - Starting update batch on background update 'profiles_full_user_id_key_idx'
2025-03-26 18:05:12,261 - synapse.storage.background_updates - 870 - INFO - background_updates-0 - Adding index profiles_full_user_id_key to profiles
2025-03-26 18:05:12,284 - synapse.storage.background_updates - 621 - INFO - background_updates-0 - Running background update 'profiles_full_user_id_key_idx'. Processed 1 items in 23ms. (total_rate=0.043478260869565216/ms, current_rate=0.043478260869565216/ms, total_updated=1, batch_size=100)
2025-03-26 18:05:13,289 - synapse.storage.background_updates - 578 - INFO - background_updates-0 - Starting update batch on background update 'full_users_filters_unique_idx'
2025-03-26 18:05:13,290 - synapse.storage.background_updates - 870 - INFO - background_updates-0 - Adding index full_users_unique_idx to user_filters
2025-03-26 18:05:13,317 - synapse.storage.background_updates - 621 - INFO - background_updates-0 - Running background update 'full_users_filters_unique_idx'. Processed 1 items in 27ms. (total_rate=0.037037037037037035/ms, current_rate=0.037037037037037035/ms, total_updated=1, batch_size=100)
2025-03-26 18:05:14,320 - synapse.storage.background_updates - 578 - INFO - background_updates-0 - Starting update batch on background update 'populate_full_user_id_profiles'
2025-03-26 18:05:14,343 - synapse.storage.background_updates - 621 - INFO - background_updates-0 - Running background update 'populate_full_user_id_profiles'. Processed 1 items in 22ms. (total_rate=0.045454545454545456/ms, current_rate=0.045454545454545456/ms, total_updated=1, batch_size=100)
2025-03-26 18:05:15,345 - synapse.storage.background_updates - 578 - INFO - background_updates-0 - Starting update batch on background update 'populate_full_user_id_user_filters'
2025-03-26 18:05:15,362 - synapse.storage.background_updates - 621 - INFO - background_updates-0 - Running background update 'populate_full_user_id_user_filters'. Processed 1 items in 15ms. (total_rate=0.06666666666666667/ms, current_rate=0.06666666666666667/ms, total_updated=1, batch_size=100)
2025-03-26 18:05:16,365 - synapse.storage.background_updates - 578 - INFO - background_updates-0 - Starting update batch on background update 'event_push_actions_staging_thread_id'
2025-03-26 18:05:16,368 - synapse.storage.background_updates - 746 - INFO - background_updates-0 - Validating constraint event_push_actions_staging_thread_id to event_push_actions_staging
2025-03-26 18:05:16,380 - synapse.storage.background_updates - 621 - INFO - background_updates-0 - Running background update 'event_push_actions_staging_thread_id'. Processed 1 items in 12ms. (total_rate=0.08333333333333333/ms, current_rate=0.08333333333333333/ms, total_updated=1, batch_size=100)
2025-03-26 18:05:17,384 - synapse.storage.background_updates - 578 - INFO - background_updates-0 - Starting update batch on background update 'event_push_actions_thread_id'
2025-03-26 18:05:17,386 - synapse.storage.background_updates - 746 - INFO - background_updates-0 - Validating constraint event_push_actions_thread_id to event_push_actions
2025-03-26 18:05:17,396 - synapse.storage.background_updates - 621 - INFO - background_updates-0 - Running background update 'event_push_actions_thread_id'. Processed 1 items in 10ms. (total_rate=0.1/ms, current_rate=0.1/ms, total_updated=1, batch_size=100)
2025-03-26 18:05:17,402 - synapse.storage.background_updates - 546 - INFO - background_updates-0 - Not starting on bg update event_push_drop_null_thread_id_indexes until event_push_summary_thread_id is done
2025-03-26 18:05:18,404 - synapse.storage.background_updates - 578 - INFO - background_updates-0 - Starting update batch on background update 'event_push_summary_thread_id'
2025-03-26 18:05:18,406 - synapse.storage.background_updates - 746 - INFO - background_updates-0 - Validating constraint event_push_summary_thread_id to event_push_summary
2025-03-26 18:05:18,421 - synapse.storage.background_updates - 621 - INFO - background_updates-0 - Running background update 'event_push_summary_thread_id'. Processed 1 items in 15ms. (total_rate=0.06666666666666667/ms, current_rate=0.06666666666666667/ms, total_updated=1, batch_size=100)
2025-03-26 18:05:19,423 - synapse.storage.background_updates - 578 - INFO - background_updates-0 - Starting update batch on background update 'event_push_drop_null_thread_id_indexes'
2025-03-26 18:05:19,435 - synapse.storage.background_updates - 621 - INFO - background_updates-0 - Running background update 'event_push_drop_null_thread_id_indexes'. Processed 0 items in 9ms. (total_rate=None/ms, current_rate=None/ms, total_updated=0, batch_size=100)
2025-03-26 18:05:20,438 - synapse.storage.background_updates - 578 - INFO - background_updates-0 - Starting update batch on background update 'current_state_events_stream_ordering_idx'
2025-03-26 18:05:20,441 - synapse.storage.background_updates - 870 - INFO - background_updates-0 - Adding index current_state_events_stream_ordering_idx to current_state_events
2025-03-26 18:05:20,470 - synapse.storage.background_updates - 621 - INFO - background_updates-0 - Running background update 'current_state_events_stream_ordering_idx'. Processed 1 items in 29ms. (total_rate=0.034482758620689655/ms, current_rate=0.034482758620689655/ms, total_updated=1, batch_size=100)
2025-03-26 18:05:21,473 - synapse.storage.background_updates - 578 - INFO - background_updates-0 - Starting update batch on background update 'local_current_membership_stream_ordering_idx'
2025-03-26 18:05:21,474 - synapse.storage.background_updates - 870 - INFO - background_updates-0 - Adding index local_current_membership_stream_ordering_idx to local_current_membership
2025-03-26 18:05:21,498 - synapse.storage.background_updates - 621 - INFO - background_updates-0 - Running background update 'local_current_membership_stream_ordering_idx'. Processed 1 items in 23ms. (total_rate=0.043478260869565216/ms, current_rate=0.043478260869565216/ms, total_updated=1, batch_size=100)
2025-03-26 18:05:22,500 - synapse.storage.background_updates - 578 - INFO - background_updates-0 - Starting update batch on background update 'room_memberships_stream_ordering_idx'
2025-03-26 18:05:22,502 - synapse.storage.background_updates - 870 - INFO - background_updates-0 - Adding index room_memberships_stream_ordering_idx to room_memberships
2025-03-26 18:05:22,538 - synapse.storage.background_updates - 621 - INFO - background_updates-0 - Running background update 'room_memberships_stream_ordering_idx'. Processed 1 items in 36ms. (total_rate=0.027777777777777776/ms, current_rate=0.02777777777777778/ms, total_updated=1, batch_size=100)
2025-03-26 18:05:23,540 - synapse.storage.background_updates - 578 - INFO - background_updates-0 - Starting update batch on background update 'event_forward_extremities_event_id_foreign_key_constraint_update'
2025-03-26 18:05:23,553 - synapse.storage.background_updates - 621 - INFO - background_updates-0 - Running background update 'event_forward_extremities_event_id_foreign_key_constraint_update'. Processed 100 items in 11ms. (total_rate=9.090909090909092/ms, current_rate=9.09090909090909/ms, total_updated=100, batch_size=100)
2025-03-26 18:05:24,555 - synapse.storage.background_updates - 578 - INFO - background_updates-0 - Starting update batch on background update 'e2e_room_keys_index_room_id'
2025-03-26 18:05:24,557 - synapse.storage.background_updates - 870 - INFO - background_updates-0 - Adding index e2e_room_keys_room_id to e2e_room_keys
2025-03-26 18:05:24,584 - synapse.storage.background_updates - 621 - INFO - background_updates-0 - Running background update 'e2e_room_keys_index_room_id'. Processed 1 items in 27ms. (total_rate=0.037037037037037035/ms, current_rate=0.037037037037037035/ms, total_updated=1, batch_size=100)
2025-03-26 18:05:25,587 - synapse.storage.background_updates - 578 - INFO - background_updates-0 - Starting update batch on background update 'room_account_data_index_room_id'
2025-03-26 18:05:25,590 - synapse.storage.background_updates - 870 - INFO - background_updates-0 - Adding index room_account_data_room_id to room_account_data
2025-03-26 18:05:25,621 - synapse.storage.background_updates - 621 - INFO - background_updates-0 - Running background update 'room_account_data_index_room_id'. Processed 1 items in 31ms. (total_rate=0.03225806451612903/ms, current_rate=0.03225806451612903/ms, total_updated=1, batch_size=100)
2025-03-26 18:05:26,624 - synapse.storage.background_updates - 578 - INFO - background_updates-0 - Starting update batch on background update 'event_push_summary_index_room_id'
2025-03-26 18:05:26,626 - synapse.storage.background_updates - 870 - INFO - background_updates-0 - Adding index event_push_summary_index_room_id to event_push_summary
2025-03-26 18:05:26,649 - synapse.storage.background_updates - 621 - INFO - background_updates-0 - Running background update 'event_push_summary_index_room_id'. Processed 1 items in 23ms. (total_rate=0.043478260869565216/ms, current_rate=0.043478260869565216/ms, total_updated=1, batch_size=100)
2025-03-26 18:05:27,652 - synapse.storage.background_updates - 578 - INFO - background_updates-0 - Starting update batch on background update 'event_auth_chain_links_origin_index'
2025-03-26 18:05:27,660 - synapse.storage.background_updates - 870 - INFO - background_updates-0 - Adding index event_auth_chain_links_origin_index to event_auth_chain_links
2025-03-26 18:05:27,690 - synapse.storage.background_updates - 621 - INFO - background_updates-0 - Running background update 'event_auth_chain_links_origin_index'. Processed 1 items in 30ms. (total_rate=0.03333333333333333/ms, current_rate=0.03333333333333333/ms, total_updated=1, batch_size=100)
2025-03-26 18:05:28,627 - synapse.storage.databases.main.event_push_actions - 1396 - INFO - rotate_notifs-0 - Rotating notifications
2025-03-26 18:05:28,631 - synapse.storage.databases.main.event_push_actions - 1599 - INFO - rotate_notifs-0 - Rotating notifications up to: 1
2025-03-26 18:05:28,635 - synapse.storage.databases.main.event_push_actions - 1685 - INFO - rotate_notifs-0 - Rotating notifications, handling 0 rows
2025-03-26 18:05:28,646 - synapse.storage.databases.main.event_push_actions - 1770 - INFO - rotate_notifs-0 - Rotating notifications, deleted 0 push actions
2025-03-26 18:05:28,686 - synapse.util.caches.lrucache - 217 - INFO - LruCache._expire_old_entries-0 - Dropped 0 items from caches
2025-03-26 18:05:28,693 - synapse.storage.background_updates - 578 - INFO - background_updates-0 - Starting update batch on background update 'access_tokens_refresh_token_id_idx'
2025-03-26 18:05:28,696 - synapse.storage.background_updates - 870 - INFO - background_updates-0 - Adding index access_tokens_refresh_token_id_idx to access_tokens
2025-03-26 18:05:28,727 - synapse.storage.background_updates - 621 - INFO - background_updates-0 - Running background update 'access_tokens_refresh_token_id_idx'. Processed 1 items in 31ms. (total_rate=0.03225806451612903/ms, current_rate=0.03225806451612903/ms, total_updated=1, batch_size=100)
2025-03-26 18:05:29,739 - synapse.storage.background_updates - 578 - INFO - background_updates-0 - Starting update batch on background update 'cleanup_device_federation_outbox'
2025-03-26 18:05:29,750 - synapse.storage.background_updates - 621 - INFO - background_updates-0 - Running background update 'cleanup_device_federation_outbox'. Processed 100 items in 8ms. (total_rate=12.5/ms, current_rate=12.5/ms, total_updated=100, batch_size=100)
2025-03-26 18:05:30,753 - synapse.storage.background_updates - 578 - INFO - background_updates-0 - Starting update batch on background update 'receipts_room_id_event_id_index'
2025-03-26 18:05:30,755 - synapse.storage.background_updates - 870 - INFO - background_updates-0 - Adding index receipts_linearized_event_id to receipts_linearized
2025-03-26 18:05:30,785 - synapse.storage.background_updates - 621 - INFO - background_updates-0 - Running background update 'receipts_room_id_event_id_index'. Processed 1 items in 30ms. (total_rate=0.03333333333333333/ms, current_rate=0.03333333333333333/ms, total_updated=1, batch_size=100)
2025-03-26 18:05:31,787 - synapse.storage.background_updates - 578 - INFO - background_updates-0 - Starting update batch on background update 'current_state_events_members_room_index'
2025-03-26 18:05:31,788 - synapse.storage.background_updates - 870 - INFO - background_updates-0 - Adding index current_state_events_members_room_index to current_state_events
2025-03-26 18:05:31,811 - synapse.storage.background_updates - 621 - INFO - background_updates-0 - Running background update 'current_state_events_members_room_index'. Processed 1 items in 23ms. (total_rate=0.043478260869565216/ms, current_rate=0.043478260869565216/ms, total_updated=1, batch_size=100)
2025-03-26 18:05:31,812 - synapse.storage.background_updates - 546 - INFO - background_updates-0 - Not starting on bg update sliding_sync_joined_rooms_bg_update until sliding_sync_prefill_joined_rooms_to_recalculate_table_bg_update is done
2025-03-26 18:05:32,813 - synapse.storage.background_updates - 578 - INFO - background_updates-0 - Starting update batch on background update 'sliding_sync_membership_snapshots_bg_update'
2025-03-26 18:05:32,842 - synapse.storage.background_updates - 621 - INFO - background_updates-0 - Running background update 'sliding_sync_membership_snapshots_bg_update'. Processed 0 items in 19ms. (total_rate=None/ms, current_rate=None/ms, total_updated=0, batch_size=100)
2025-03-26 18:05:33,843 - synapse.storage.background_updates - 578 - INFO - background_updates-0 - Starting update batch on background update 'sliding_sync_membership_snapshots_bg_update'
2025-03-26 18:05:33,854 - synapse.storage.background_updates - 621 - INFO - background_updates-0 - Running background update 'sliding_sync_membership_snapshots_bg_update'. Processed 0 items in 9ms. (total_rate=None/ms, current_rate=None/ms, total_updated=0, batch_size=100)
2025-03-26 18:05:33,856 - synapse.storage.background_updates - 546 - INFO - background_updates-0 - Not starting on bg update sliding_sync_joined_rooms_bg_update until sliding_sync_prefill_joined_rooms_to_recalculate_table_bg_update is done
2025-03-26 18:05:34,858 - synapse.storage.background_updates - 578 - INFO - background_updates-0 - Starting update batch on background update 'sliding_sync_prefill_joined_rooms_to_recalculate_table_bg_update'
2025-03-26 18:05:34,868 - synapse.storage.background_updates - 621 - INFO - background_updates-0 - Running background update 'sliding_sync_prefill_joined_rooms_to_recalculate_table_bg_update'. Processed 0 items in 9ms. (total_rate=None/ms, current_rate=None/ms, total_updated=0, batch_size=100)
2025-03-26 18:05:35,871 - synapse.storage.background_updates - 578 - INFO - background_updates-0 - Starting update batch on background update 'sliding_sync_joined_rooms_bg_update'
2025-03-26 18:05:35,883 - synapse.storage.background_updates - 621 - INFO - background_updates-0 - Running background update 'sliding_sync_joined_rooms_bg_update'. Processed 0 items in 10ms. (total_rate=None/ms, current_rate=None/ms, total_updated=0, batch_size=100)
2025-03-26 18:05:36,887 - synapse.storage.background_updates - 578 - INFO - background_updates-0 - Starting update batch on background update 'sliding_sync_membership_snapshots_fix_forgotten_column_bg_update'
2025-03-26 18:05:36,894 - synapse.storage.background_updates - 621 - INFO - background_updates-0 - Running background update 'sliding_sync_membership_snapshots_fix_forgotten_column_bg_update'. Processed 0 items in 6ms. (total_rate=None/ms, current_rate=None/ms, total_updated=0, batch_size=100)
2025-03-26 18:05:37,896 - synapse.storage.background_updates - 578 - INFO - background_updates-0 - Starting update batch on background update 'add_otk_ts_added_index'
2025-03-26 18:05:37,899 - synapse.storage.background_updates - 870 - INFO - background_updates-0 - Adding index e2e_one_time_keys_json_user_id_device_id_algorithm_ts_added_idx to e2e_one_time_keys_json
2025-03-26 18:05:37,929 - synapse.storage.background_updates - 621 - INFO - background_updates-0 - Running background update 'add_otk_ts_added_index'. Processed 1 items in 30ms. (total_rate=0.03333333333333333/ms, current_rate=0.03333333333333333/ms, total_updated=1, batch_size=100)
2025-03-26 18:05:38,931 - synapse.storage.background_updates - 578 - INFO - background_updates-0 - Starting update batch on background update 'current_state_delta_stream_room_index'
2025-03-26 18:05:38,939 - synapse.storage.background_updates - 870 - INFO - background_updates-0 - Adding index current_state_delta_stream_room_idx to current_state_delta_stream
2025-03-26 18:05:38,968 - synapse.storage.background_updates - 621 - INFO - background_updates-0 - Running background update 'current_state_delta_stream_room_index'. Processed 1 items in 29ms. (total_rate=0.034482758620689655/ms, current_rate=0.034482758620689655/ms, total_updated=1, batch_size=100)
2025-03-26 18:05:39,971 - synapse.storage.background_updates - 578 - INFO - background_updates-0 - Starting update batch on background update 'sliding_sync_connection_room_configs_required_state_id_idx'
2025-03-26 18:05:39,972 - synapse.storage.background_updates - 870 - INFO - background_updates-0 - Adding index sliding_sync_connection_room_configs_required_state_id_idx to sliding_sync_connection_room_configs
2025-03-26 18:05:39,994 - synapse.storage.background_updates - 621 - INFO - background_updates-0 - Running background update 'sliding_sync_connection_room_configs_required_state_id_idx'. Processed 1 items in 22ms. (total_rate=0.045454545454545456/ms, current_rate=0.045454545454545456/ms, total_updated=1, batch_size=100)
2025-03-26 18:05:40,995 - synapse.storage.background_updates - 578 - INFO - background_updates-0 - Starting update batch on background update 'events_received_ts_index'
2025-03-26 18:05:40,997 - synapse.storage.background_updates - 870 - INFO - background_updates-0 - Adding index received_ts_idx to events
2025-03-26 18:05:41,024 - synapse.storage.background_updates - 621 - INFO - background_updates-0 - Running background update 'events_received_ts_index'. Processed 1 items in 27ms. (total_rate=0.037037037037037035/ms, current_rate=0.037037037037037035/ms, total_updated=1, batch_size=100)
2025-03-26 18:05:41,026 - synapse.storage.background_updates - 428 - INFO - background_updates-0 - No more background updates to do. Unscheduling background update task.
2025-03-26 18:05:58,622 - synapse.storage.databases.main.event_push_actions - 1396 - INFO - rotate_notifs-1 - Rotating notifications
2025-03-26 18:05:58,624 - synapse.storage.databases.main.event_push_actions - 1599 - INFO - rotate_notifs-1 - Rotating notifications up to: 1
2025-03-26 18:05:58,625 - synapse.storage.databases.main.event_push_actions - 1685 - INFO - rotate_notifs-1 - Rotating notifications, handling 0 rows
2025-03-26 18:05:58,632 - synapse.storage.databases.main.event_push_actions - 1770 - INFO - rotate_notifs-1 - Rotating notifications, deleted 0 push actions
2025-03-26 18:05:58,663 - synapse.util.task_scheduler - 383 - INFO - task-delete_old_otks-0-delete_old_otks_task - Task complete: 0.005sec (0.000sec, 0.000sec) (0.000sec/0.004sec/2) [0 dbevts] None, None
2025-03-26 18:05:58,686 - synapse.util.caches.lrucache - 217 - INFO - LruCache._expire_old_entries-1 - Dropped 0 items from caches
2025-03-26 18:06:28,630 - synapse.storage.databases.main.event_push_actions - 1396 - INFO - rotate_notifs-2 - Rotating notifications
2025-03-26 18:06:28,633 - synapse.storage.databases.main.event_push_actions - 1599 - INFO - rotate_notifs-2 - Rotating notifications up to: 1
2025-03-26 18:06:28,637 - synapse.storage.databases.main.event_push_actions - 1685 - INFO - rotate_notifs-2 - Rotating notifications, handling 0 rows
2025-03-26 18:06:28,647 - synapse.storage.databases.main.event_push_actions - 1770 - INFO - rotate_notifs-2 - Rotating notifications, deleted 0 push actions
2025-03-26 18:06:28,687 - synapse.util.caches.lrucache - 217 - INFO - LruCache._expire_old_entries-2 - Dropped 0 items from caches
2025-03-26 18:06:58,626 - synapse.storage.databases.main.event_push_actions - 1396 - INFO - rotate_notifs-3 - Rotating notifications
2025-03-26 18:06:58,627 - synapse.storage.databases.main.event_push_actions - 1599 - INFO - rotate_notifs-3 - Rotating notifications up to: 1
2025-03-26 18:06:58,629 - synapse.storage.databases.main.event_push_actions - 1685 - INFO - rotate_notifs-3 - Rotating notifications, handling 0 rows
2025-03-26 18:06:58,635 - synapse.storage.databases.main.event_push_actions - 1770 - INFO - rotate_notifs-3 - Rotating notifications, deleted 0 push actions
2025-03-26 18:06:58,687 - synapse.util.caches.lrucache - 217 - INFO - LruCache._expire_old_entries-3 - Dropped 0 items from caches
2025-03-26 18:07:28,623 - synapse.storage.databases.main.event_push_actions - 1396 - INFO - rotate_notifs-4 - Rotating notifications
2025-03-26 18:07:28,624 - synapse.storage.databases.main.event_push_actions - 1599 - INFO - rotate_notifs-4 - Rotating notifications up to: 1
2025-03-26 18:07:28,626 - synapse.storage.databases.main.event_push_actions - 1685 - INFO - rotate_notifs-4 - Rotating notifications, handling 0 rows
2025-03-26 18:07:28,632 - synapse.storage.databases.main.event_push_actions - 1770 - INFO - rotate_notifs-4 - Rotating notifications, deleted 0 push actions
2025-03-26 18:07:28,686 - synapse.util.caches.lrucache - 217 - INFO - LruCache._expire_old_entries-4 - Dropped 0 items from caches
2025-03-26 18:07:58,624 - synapse.storage.databases.main.event_push_actions - 1396 - INFO - rotate_notifs-5 - Rotating notifications
2025-03-26 18:07:58,625 - synapse.storage.databases.main.event_push_actions - 1599 - INFO - rotate_notifs-5 - Rotating notifications up to: 1
2025-03-26 18:07:58,627 - synapse.storage.databases.main.event_push_actions - 1685 - INFO - rotate_notifs-5 - Rotating notifications, handling 0 rows
2025-03-26 18:07:58,633 - synapse.storage.databases.main.event_push_actions - 1770 - INFO - rotate_notifs-5 - Rotating notifications, deleted 0 push actions
2025-03-26 18:07:58,686 - synapse.util.caches.lrucache - 217 - INFO - LruCache._expire_old_entries-5 - Dropped 0 items from caches
2025-03-26 18:08:28,628 - synapse.storage.databases.main.event_push_actions - 1396 - INFO - rotate_notifs-6 - Rotating notifications
2025-03-26 18:08:28,630 - synapse.storage.databases.main.event_push_actions - 1599 - INFO - rotate_notifs-6 - Rotating notifications up to: 1
2025-03-26 18:08:28,634 - synapse.storage.databases.main.event_push_actions - 1685 - INFO - rotate_notifs-6 - Rotating notifications, handling 0 rows
2025-03-26 18:08:28,644 - synapse.storage.databases.main.event_push_actions - 1770 - INFO - rotate_notifs-6 - Rotating notifications, deleted 0 push actions
2025-03-26 18:08:28,686 - synapse.util.caches.lrucache - 217 - INFO - LruCache._expire_old_entries-6 - Dropped 0 items from caches
2025-03-26 18:08:58,623 - synapse.storage.databases.main.event_push_actions - 1396 - INFO - rotate_notifs-7 - Rotating notifications
2025-03-26 18:08:58,625 - synapse.storage.databases.main.event_push_actions - 1599 - INFO - rotate_notifs-7 - Rotating notifications up to: 1
2025-03-26 18:08:58,627 - synapse.storage.databases.main.event_push_actions - 1685 - INFO - rotate_notifs-7 - Rotating notifications, handling 0 rows
2025-03-26 18:08:58,633 - synapse.storage.databases.main.event_push_actions - 1770 - INFO - rotate_notifs-7 - Rotating notifications, deleted 0 push actions
2025-03-26 18:08:58,687 - synapse.util.caches.lrucache - 217 - INFO - LruCache._expire_old_entries-7 - Dropped 0 items from caches
2025-03-26 18:09:28,624 - synapse.storage.databases.main.event_push_actions - 1396 - INFO - rotate_notifs-8 - Rotating notifications
2025-03-26 18:09:28,625 - synapse.storage.databases.main.event_push_actions - 1599 - INFO - rotate_notifs-8 - Rotating notifications up to: 1
2025-03-26 18:09:28,626 - synapse.storage.databases.main.event_push_actions - 1685 - INFO - rotate_notifs-8 - Rotating notifications, handling 0 rows
2025-03-26 18:09:28,632 - synapse.storage.databases.main.event_push_actions - 1770 - INFO - rotate_notifs-8 - Rotating notifications, deleted 0 push actions
2025-03-26 18:09:28,687 - synapse.util.caches.lrucache - 217 - INFO - LruCache._expire_old_entries-8 - Dropped 0 items from caches
2025-03-26 18:09:58,626 - synapse.storage.databases.main.event_push_actions - 1396 - INFO - rotate_notifs-9 - Rotating notifications
2025-03-26 18:09:58,627 - synapse.storage.databases.main.event_push_actions - 1599 - INFO - rotate_notifs-9 - Rotating notifications up to: 1
2025-03-26 18:09:58,629 - synapse.storage.databases.main.event_push_actions - 1685 - INFO - rotate_notifs-9 - Rotating notifications, handling 0 rows
2025-03-26 18:09:58,636 - synapse.storage.databases.main.event_push_actions - 1770 - INFO - rotate_notifs-9 - Rotating notifications, deleted 0 push actions
2025-03-26 18:09:58,686 - synapse.util.caches.lrucache - 217 - INFO - LruCache._expire_old_entries-9 - Dropped 0 items from caches
2025-03-26 18:09:58,712 - synapse.app.homeserver - 71 - INFO - phone_stats_home-0 - Gathering stats for reporting
2025-03-26 18:09:58,713 - synapse.storage.databases.main.metrics - 399 - INFO - generate_user_daily_visits-0 - Calling _generate_user_daily_visits
2025-03-26 18:09:58,743 - synapse.app.homeserver - 159 - INFO - phone_stats_home-0 - Reporting stats to https://matrix.org/report-usage-stats/push: {'memory_rss': 232768, 'cpu_average': 0, 'homeserver': 'matrix', 'server_context': None, 'timestamp': 1743012598, 'uptime_seconds': 304, 'python_version': '3.12.9', 'total_users': 0, 'total_nonbridged_users': 0, 'daily_user_type_native': 0, 'daily_user_type_guest': 0, 'daily_user_type_bridged': 0, 'total_room_count': 0, 'daily_active_users': 0, 'monthly_active_users': 0, 'daily_active_e2ee_rooms': 0, 'daily_e2ee_messages': 0, 'daily_sent_e2ee_messages': 0, 'daily_active_rooms': 0, 'daily_messages': 0, 'daily_sent_messages': 0, 'r30v2_users_ios': 0, 'r30v2_users_android': 0, 'r30v2_users_web': 0, 'r30v2_users_electron': 0, 'r30v2_users_all': 0, 'cache_factor': 0.5, 'event_cache_size': 10240, 'database_engine': 'psycopg2', 'database_server_version': '15.12', 'log_level': 'INFO'}
2025-03-26 18:09:59,165 - synapse.http.client - 451 - INFO - phone_stats_home-0 - Error sending request to  PUT https://matrix.org/report-usage-stats/push: RequestTransmissionFailed [<twisted.python.failure.Failure OpenSSL.SSL.Error: [('system library', '', ''), ('system library', '', ''), ('system library', '', ''), ('system library', '', ''), ('system library', '', ''), ('SSL routines', '', 'certificate verify failed')]>]
2025-03-26 18:09:59,165 - synapse.app.homeserver - 167 - WARNING - phone_stats_home-0 - Error reporting stats: [<twisted.python.failure.Failure OpenSSL.SSL.Error: [('system library', '', ''), ('system library', '', ''), ('system library', '', ''), ('system library', '', ''), ('system library', '', ''), ('SSL routines', '', 'certificate verify failed')]>]
2025-03-26 18:10:28,626 - synapse.storage.databases.main.event_push_actions - 1396 - INFO - rotate_notifs-10 - Rotating notifications
2025-03-26 18:10:28,628 - synapse.storage.databases.main.event_push_actions - 1599 - INFO - rotate_notifs-10 - Rotating notifications up to: 1
2025-03-26 18:10:28,631 - synapse.storage.databases.main.event_push_actions - 1685 - INFO - rotate_notifs-10 - Rotating notifications, handling 0 rows
2025-03-26 18:10:28,640 - synapse.storage.databases.main.event_push_actions - 1770 - INFO - rotate_notifs-10 - Rotating notifications, deleted 0 push actions
2025-03-26 18:10:28,687 - synapse.util.caches.lrucache - 217 - INFO - LruCache._expire_old_entries-10 - Dropped 0 items from caches
2025-03-26 18:10:58,622 - synapse.storage.databases.main.event_push_actions - 1396 - INFO - rotate_notifs-11 - Rotating notifications
2025-03-26 18:10:58,623 - synapse.storage.databases.main.event_push_actions - 1599 - INFO - rotate_notifs-11 - Rotating notifications up to: 1
2025-03-26 18:10:58,624 - synapse.storage.databases.main.event_push_actions - 1685 - INFO - rotate_notifs-11 - Rotating notifications, handling 0 rows
2025-03-26 18:10:58,630 - synapse.storage.databases.main.event_push_actions - 1770 - INFO - rotate_notifs-11 - Rotating notifications, deleted 0 push actions
2025-03-26 18:10:58,686 - synapse.util.caches.lrucache - 217 - INFO - LruCache._expire_old_entries-11 - Dropped 0 items from caches
2025-03-26 18:11:28,624 - synapse.storage.databases.main.event_push_actions - 1396 - INFO - rotate_notifs-12 - Rotating notifications
2025-03-26 18:11:28,626 - synapse.storage.databases.main.event_push_actions - 1599 - INFO - rotate_notifs-12 - Rotating notifications up to: 1
2025-03-26 18:11:28,629 - synapse.storage.databases.main.event_push_actions - 1685 - INFO - rotate_notifs-12 - Rotating notifications, handling 0 rows
2025-03-26 18:11:28,637 - synapse.storage.databases.main.event_push_actions - 1770 - INFO - rotate_notifs-12 - Rotating notifications, deleted 0 push actions
2025-03-26 18:11:28,686 - synapse.util.caches.lrucache - 217 - INFO - LruCache._expire_old_entries-12 - Dropped 0 items from caches
2025-03-26 18:11:58,624 - synapse.storage.databases.main.event_push_actions - 1396 - INFO - rotate_notifs-13 - Rotating notifications
2025-03-26 18:11:58,625 - synapse.storage.databases.main.event_push_actions - 1599 - INFO - rotate_notifs-13 - Rotating notifications up to: 1
2025-03-26 18:11:58,627 - synapse.storage.databases.main.event_push_actions - 1685 - INFO - rotate_notifs-13 - Rotating notifications, handling 0 rows
2025-03-26 18:11:58,634 - synapse.storage.databases.main.event_push_actions - 1770 - INFO - rotate_notifs-13 - Rotating notifications, deleted 0 push actions
2025-03-26 18:11:58,687 - synapse.util.caches.lrucache - 217 - INFO - LruCache._expire_old_entries-13 - Dropped 0 items from caches
2025-03-26 18:12:28,625 - synapse.storage.databases.main.event_push_actions - 1396 - INFO - rotate_notifs-14 - Rotating notifications
2025-03-26 18:12:28,628 - synapse.storage.databases.main.event_push_actions - 1599 - INFO - rotate_notifs-14 - Rotating notifications up to: 1
2025-03-26 18:12:28,631 - synapse.storage.databases.main.event_push_actions - 1685 - INFO - rotate_notifs-14 - Rotating notifications, handling 0 rows
2025-03-26 18:12:28,640 - synapse.storage.databases.main.event_push_actions - 1770 - INFO - rotate_notifs-14 - Rotating notifications, deleted 0 push actions
2025-03-26 18:12:28,686 - synapse.util.caches.lrucache - 217 - INFO - LruCache._expire_old_entries-14 - Dropped 0 items from caches
2025-03-26 18:12:58,624 - synapse.storage.databases.main.event_push_actions - 1396 - INFO - rotate_notifs-15 - Rotating notifications
2025-03-26 18:12:58,626 - synapse.storage.databases.main.event_push_actions - 1599 - INFO - rotate_notifs-15 - Rotating notifications up to: 1
2025-03-26 18:12:58,627 - synapse.storage.databases.main.event_push_actions - 1685 - INFO - rotate_notifs-15 - Rotating notifications, handling 0 rows
2025-03-26 18:12:58,634 - synapse.storage.databases.main.event_push_actions - 1770 - INFO - rotate_notifs-15 - Rotating notifications, deleted 0 push actions
2025-03-26 18:12:58,686 - synapse.util.caches.lrucache - 217 - INFO - LruCache._expire_old_entries-15 - Dropped 0 items from caches
2025-03-26 18:13:28,624 - synapse.storage.databases.main.event_push_actions - 1396 - INFO - rotate_notifs-16 - Rotating notifications
2025-03-26 18:13:28,626 - synapse.storage.databases.main.event_push_actions - 1599 - INFO - rotate_notifs-16 - Rotating notifications up to: 1
2025-03-26 18:13:28,628 - synapse.storage.databases.main.event_push_actions - 1685 - INFO - rotate_notifs-16 - Rotating notifications, handling 0 rows
2025-03-26 18:13:28,635 - synapse.storage.databases.main.event_push_actions - 1770 - INFO - rotate_notifs-16 - Rotating notifications, deleted 0 push actions
2025-03-26 18:13:28,686 - synapse.util.caches.lrucache - 217 - INFO - LruCache._expire_old_entries-16 - Dropped 0 items from caches
2025-03-26 18:13:58,624 - synapse.storage.databases.main.event_push_actions - 1396 - INFO - rotate_notifs-17 - Rotating notifications
2025-03-26 18:13:58,625 - synapse.storage.databases.main.event_push_actions - 1599 - INFO - rotate_notifs-17 - Rotating notifications up to: 1
2025-03-26 18:13:58,627 - synapse.storage.databases.main.event_push_actions - 1685 - INFO - rotate_notifs-17 - Rotating notifications, handling 0 rows
2025-03-26 18:13:58,635 - synapse.storage.databases.main.event_push_actions - 1770 - INFO - rotate_notifs-17 - Rotating notifications, deleted 0 push actions
2025-03-26 18:13:58,686 - synapse.util.caches.lrucache - 217 - INFO - LruCache._expire_old_entries-17 - Dropped 0 items from caches
2025-03-26 18:14:28,622 - synapse.storage.databases.main.event_push_actions - 1396 - INFO - rotate_notifs-18 - Rotating notifications
2025-03-26 18:14:28,623 - synapse.storage.databases.main.event_push_actions - 1599 - INFO - rotate_notifs-18 - Rotating notifications up to: 1
2025-03-26 18:14:28,625 - synapse.storage.databases.main.event_push_actions - 1685 - INFO - rotate_notifs-18 - Rotating notifications, handling 0 rows
2025-03-26 18:14:28,631 - synapse.storage.databases.main.event_push_actions - 1770 - INFO - rotate_notifs-18 - Rotating notifications, deleted 0 push actions
2025-03-26 18:14:28,687 - synapse.util.caches.lrucache - 217 - INFO - LruCache._expire_old_entries-18 - Dropped 0 items from caches
2025-03-26 18:14:54,346 - twisted - 279 - INFO - sentinel - Received SIGTERM, shutting down.
2025-03-26 18:14:54,346 - synapse.storage.databases.main.lock - 113 - INFO - LockStore._on_shutdown-0 - Dropping held locks due to shutdown
2025-03-26 18:14:54,347 - synapse.storage.databases.main.lock - 124 - INFO - LockStore._on_shutdown-0 - Dropped locks due to shutdown
2025-03-26 18:14:54,347 - synapse.handlers.presence - 891 - INFO - presence.on_shutdown-0 - Performing _on_shutdown. Persisting 0 unpersisted changes
2025-03-26 18:14:54,347 - synapse.handlers.presence - 903 - INFO - presence.on_shutdown-0 - Finished _on_shutdown
2025-03-26 18:14:54,347 - synapse.app._base - 509 - INFO - sentinel - Shutting down...
2025-03-26 18:14:54,347 - twisted - 279 - INFO - sentinel - (TCP Port 8008 Closed)
2025-03-26 18:14:54,352 - twisted - 279 - INFO - sentinel - Main loop terminated.
2025-03-26 18:15:38,824 - root - 352 - WARNING - main - ***** STARTING SERVER *****
2025-03-26 18:15:38,824 - root - 353 - WARNING - main - Server /usr/local/lib/python3.12/site-packages/synapse/app/homeserver.py version 1.127.0
2025-03-26 18:15:38,825 - root - 358 - WARNING - main - Copyright (c) 2023 New Vector, Inc
2025-03-26 18:15:38,825 - root - 359 - WARNING - main - Licensed under the AGPL 3.0 license. Website: https://github.com/element-hq/synapse
2025-03-26 18:15:38,825 - root - 362 - INFO - main - Server hostname: matrix
2025-03-26 18:15:38,826 - root - 363 - INFO - main - Public Base URL: https://matrix/
2025-03-26 18:15:38,826 - root - 364 - INFO - main - Instance name: master
2025-03-26 18:15:38,826 - root - 365 - INFO - main - Twisted reactor: EPollReactor
2025-03-26 18:15:38,827 - synapse.app.homeserver - 370 - INFO - main - Setting up server
2025-03-26 18:15:38,827 - synapse.server - 357 - INFO - main - Setting up.
2025-03-26 18:15:38,840 - synapse.storage.databases - 77 - INFO - main - [database config 'master']: Checking database server
2025-03-26 18:15:38,845 - synapse.storage.databases - 80 - INFO - main - [database config 'master']: Preparing for databases ['main', 'state']
2025-03-26 18:15:38,845 - synapse.storage.prepare_database - 135 - INFO - main - ['main', 'state']: Checking existing schema version
2025-03-26 18:15:38,909 - synapse.storage.prepare_database - 165 - INFO - main - ['main', 'state']: Initialising new database
2025-03-26 18:15:41,928 - synapse.storage.prepare_database - 433 - INFO - main - Applying schema deltas for v73
2025-03-26 18:15:41,930 - synapse.storage.prepare_database - 541 - INFO - main - Applying schema 73/01event_failed_pull_attempts.sql
2025-03-26 18:15:41,949 - synapse.storage.prepare_database - 541 - INFO - main - Applying schema 73/02add_pusher_enabled.sql
2025-03-26 18:15:41,953 - synapse.storage.prepare_database - 541 - INFO - main - Applying schema 73/02room_id_indexes_for_purging.sql
2025-03-26 18:15:41,977 - synapse.storage.prepare_database - 541 - INFO - main - Applying schema 73/03pusher_device_id.sql
2025-03-26 18:15:41,983 - synapse.storage.prepare_database - 541 - INFO - main - Applying schema 73/03users_approved_column.sql
2025-03-26 18:15:41,989 - synapse.storage.prepare_database - 541 - INFO - main - Applying schema 73/04partial_join_details.sql
2025-03-26 18:15:41,995 - synapse.storage.prepare_database - 541 - INFO - main - Applying schema 73/04pending_device_list_updates.sql
2025-03-26 18:15:42,026 - synapse.storage.prepare_database - 549 - INFO - main - Applying engine-specific schema 73/05old_push_actions.sql.postgres
2025-03-26 18:15:42,032 - synapse.storage.prepare_database - 541 - INFO - main - Applying schema 73/06thread_notifications_thread_id_idx.sql
2025-03-26 18:15:42,038 - synapse.storage.prepare_database - 549 - INFO - main - Applying engine-specific schema 73/08thread_receipts_non_null.sql.postgres
2025-03-26 18:15:42,043 - synapse.storage.prepare_database - 541 - INFO - main - Applying schema 73/09partial_joined_via_destination.sql
2025-03-26 18:15:42,048 - synapse.storage.prepare_database - 541 - INFO - main - Applying schema 73/09threads_table.sql
2025-03-26 18:15:42,084 - synapse.storage.prepare_database - 524 - INFO - main - Running 73/10_update_sqlite_fts4_tokenizer.py:run_create
2025-03-26 18:15:42,085 - synapse.storage.prepare_database - 541 - INFO - main - Applying schema 73/10login_tokens.sql
2025-03-26 18:15:42,129 - synapse.storage.prepare_database - 549 - INFO - main - Applying engine-specific schema 73/11event_search_room_id_n_distinct.sql.postgres
2025-03-26 18:15:42,135 - synapse.storage.prepare_database - 541 - INFO - main - Applying schema 73/12refactor_device_list_outbound_pokes.sql
2025-03-26 18:15:42,165 - synapse.storage.prepare_database - 541 - INFO - main - Applying schema 73/13add_device_lists_index.sql
2025-03-26 18:15:42,171 - synapse.storage.prepare_database - 541 - INFO - main - Applying schema 73/20_un_partial_stated_room_stream.sql
2025-03-26 18:15:42,205 - synapse.storage.prepare_database - 549 - INFO - main - Applying engine-specific schema 73/21_un_partial_stated_room_stream_seq.sql.postgres
2025-03-26 18:15:42,211 - synapse.storage.prepare_database - 541 - INFO - main - Applying schema 73/22_rebuild_user_dir_stats.sql
2025-03-26 18:15:42,218 - synapse.storage.prepare_database - 541 - INFO - main - Applying schema 73/22_un_partial_stated_event_stream.sql
2025-03-26 18:15:42,256 - synapse.storage.prepare_database - 541 - INFO - main - Applying schema 73/23_fix_thread_index.sql
2025-03-26 18:15:42,263 - synapse.storage.prepare_database - 549 - INFO - main - Applying engine-specific schema 73/23_un_partial_stated_room_stream_seq.sql.postgres
2025-03-26 18:15:42,271 - synapse.storage.prepare_database - 541 - INFO - main - Applying schema 73/24_events_jump_to_date_index.sql
2025-03-26 18:15:42,276 - synapse.storage.prepare_database - 541 - INFO - main - Applying schema 73/25drop_presence.sql
2025-03-26 18:15:42,281 - synapse.storage.prepare_database - 433 - INFO - main - Applying schema deltas for v74
2025-03-26 18:15:42,283 - synapse.storage.prepare_database - 541 - INFO - main - Applying schema 74/01_user_directory_stale_remote_users.sql
2025-03-26 18:15:42,329 - synapse.storage.prepare_database - 541 - INFO - main - Applying schema 74/02_set_device_id_for_pushers_bg_update.sql
2025-03-26 18:15:42,338 - synapse.storage.prepare_database - 549 - INFO - main - Applying engine-specific schema 74/03_membership_tables_event_stream_ordering.sql.postgres
2025-03-26 18:15:42,344 - synapse.storage.prepare_database - 541 - INFO - main - Applying schema 74/03_room_membership_index.sql
2025-03-26 18:15:42,350 - synapse.storage.prepare_database - 541 - INFO - main - Applying schema 74/04_delete_e2e_backup_keys_for_deactivated_users.sql
2025-03-26 18:15:42,356 - synapse.storage.prepare_database - 524 - INFO - main - Running 74/04_membership_tables_event_stream_ordering_triggers.py:run_create
2025-03-26 18:15:42,358 - synapse.storage.prepare_database - 541 - INFO - main - Applying schema 74/05_events_txn_id_device_id.sql
2025-03-26 18:15:42,411 - synapse.storage.prepare_database - 549 - INFO - main - Applying engine-specific schema 74/90COMMENTS_destinations.sql.postgres
2025-03-26 18:15:42,418 - synapse.storage.prepare_database - 433 - INFO - main - Applying schema deltas for v75
2025-03-26 18:15:42,419 - synapse.storage.prepare_database - 433 - INFO - main - Applying schema deltas for v76
2025-03-26 18:15:42,420 - synapse.storage.prepare_database - 541 - INFO - main - Applying schema 76/01_add_profiles_full_user_id_column.sql
2025-03-26 18:15:42,425 - synapse.storage.prepare_database - 541 - INFO - main - Applying schema 76/02_add_user_filters_full_user_id_column.sql
2025-03-26 18:15:42,430 - synapse.storage.prepare_database - 541 - INFO - main - Applying schema 76/03_per_user_experimental_features.sql
2025-03-26 18:15:42,453 - synapse.storage.prepare_database - 541 - INFO - main - Applying schema 76/04_add_room_forgetter.sql
2025-03-26 18:15:42,469 - synapse.storage.prepare_database - 433 - INFO - main - Applying schema deltas for v77
2025-03-26 18:15:42,471 - synapse.storage.prepare_database - 549 - INFO - main - Applying engine-specific schema 77/01_add_profiles_not_valid_check.sql.postgres
2025-03-26 18:15:42,476 - synapse.storage.prepare_database - 549 - INFO - main - Applying engine-specific schema 77/02_add_user_filters_not_valid_check.sql.postgres
2025-03-26 18:15:42,482 - synapse.storage.prepare_database - 541 - INFO - main - Applying schema 77/03bg_populate_full_user_id_profiles.sql
2025-03-26 18:15:42,487 - synapse.storage.prepare_database - 541 - INFO - main - Applying schema 77/04bg_populate_full_user_id_user_filters.sql
2025-03-26 18:15:42,493 - synapse.storage.prepare_database - 541 - INFO - main - Applying schema 77/05thread_notifications_backfill.sql
2025-03-26 18:15:42,502 - synapse.storage.prepare_database - 549 - INFO - main - Applying engine-specific schema 77/06thread_notifications_not_null_event_push_actions.sql.postgres
2025-03-26 18:15:42,506 - synapse.storage.prepare_database - 549 - INFO - main - Applying engine-specific schema 77/06thread_notifications_not_null_event_push_actions_staging.sql.postgres
2025-03-26 18:15:42,512 - synapse.storage.prepare_database - 549 - INFO - main - Applying engine-specific schema 77/06thread_notifications_not_null_event_push_summary.sql.postgres
2025-03-26 18:15:42,517 - synapse.storage.prepare_database - 541 - INFO - main - Applying schema 77/14bg_indices_event_stream_ordering.sql
2025-03-26 18:15:42,525 - synapse.storage.prepare_database - 433 - INFO - main - Applying schema deltas for v78
2025-03-26 18:15:42,528 - synapse.storage.prepare_database - 524 - INFO - main - Running 78/03event_extremities_constraints.py:run_create
2025-03-26 18:15:42,530 - synapse.storage.prepare_database - 524 - INFO - main - Running 78/04_add_full_user_id_index_user_filters.py:run_create
2025-03-26 18:15:42,531 - synapse.storage.prepare_database - 433 - INFO - main - Applying schema deltas for v79
2025-03-26 18:15:42,531 - synapse.storage.prepare_database - 549 - INFO - main - Applying engine-specific schema 79/03_read_write_locks_triggers.sql.postgres
2025-03-26 18:15:42,580 - synapse.storage.prepare_database - 524 - INFO - main - Running 79/04_mitigate_stream_ordering_update_race.py:run_create
2025-03-26 18:15:42,581 - synapse.storage.prepare_database - 549 - INFO - main - Applying engine-specific schema 79/05_read_write_locks_triggers.sql.postgres
2025-03-26 18:15:42,586 - synapse.storage.prepare_database - 433 - INFO - main - Applying schema deltas for v80
2025-03-26 18:15:42,586 - synapse.storage.prepare_database - 541 - INFO - main - Applying schema 80/01_users_alter_locked.sql
2025-03-26 18:15:42,591 - synapse.storage.prepare_database - 549 - INFO - main - Applying engine-specific schema 80/02_read_write_locks_unlogged.sql.postgres
2025-03-26 18:15:42,661 - synapse.storage.prepare_database - 541 - INFO - main - Applying schema 80/02_scheduled_tasks.sql
2025-03-26 18:15:42,686 - synapse.storage.prepare_database - 549 - INFO - main - Applying engine-specific schema 80/03_read_write_locks_triggers.sql.postgres
2025-03-26 18:15:42,691 - synapse.storage.prepare_database - 549 - INFO - main - Applying engine-specific schema 80/04_read_write_locks_deadlock.sql.postgres
2025-03-26 18:15:42,695 - synapse.storage.prepare_database - 433 - INFO - main - Applying schema deltas for v81
2025-03-26 18:15:42,696 - synapse.storage.prepare_database - 433 - INFO - main - Applying schema deltas for v82
2025-03-26 18:15:42,697 - synapse.storage.prepare_database - 541 - INFO - main - Applying schema 82/02_scheduled_tasks_index.sql
2025-03-26 18:15:42,708 - synapse.storage.prepare_database - 541 - INFO - main - Applying schema 82/04_add_indices_for_purging_rooms.sql
2025-03-26 18:15:42,711 - synapse.storage.prepare_database - 541 - INFO - main - Applying schema 82/05gaps.sql
2025-03-26 18:15:42,729 - synapse.storage.prepare_database - 433 - INFO - main - Applying schema deltas for v83
2025-03-26 18:15:42,730 - synapse.storage.prepare_database - 541 - INFO - main - Applying schema 83/01_drop_old_tables.sql
2025-03-26 18:15:42,737 - synapse.storage.prepare_database - 541 - INFO - main - Applying schema 83/05_cross_signing_key_update_grant.sql
2025-03-26 18:15:42,743 - synapse.storage.prepare_database - 541 - INFO - main - Applying schema 83/06_event_push_summary_room.sql
2025-03-26 18:15:42,748 - synapse.storage.prepare_database - 433 - INFO - main - Applying schema deltas for v84
2025-03-26 18:15:42,749 - synapse.storage.prepare_database - 549 - INFO - main - Applying engine-specific schema 84/01_auth_links_stats.sql.postgres
2025-03-26 18:15:42,753 - synapse.storage.prepare_database - 541 - INFO - main - Applying schema 84/02_auth_links_index.sql
2025-03-26 18:15:42,758 - synapse.storage.prepare_database - 549 - INFO - main - Applying engine-specific schema 84/03_auth_links_analyze.sql.postgres
2025-03-26 18:15:42,763 - synapse.storage.prepare_database - 541 - INFO - main - Applying schema 84/04_access_token_index.sql
2025-03-26 18:15:42,768 - synapse.storage.prepare_database - 433 - INFO - main - Applying schema deltas for v85
2025-03-26 18:15:42,769 - synapse.storage.prepare_database - 541 - INFO - main - Applying schema 85/01_add_suspended.sql
2025-03-26 18:15:42,774 - synapse.storage.prepare_database - 541 - INFO - main - Applying schema 85/02_add_instance_names.sql
2025-03-26 18:15:42,780 - synapse.storage.prepare_database - 549 - INFO - main - Applying engine-specific schema 85/03_new_sequences.sql.postgres
2025-03-26 18:15:42,789 - synapse.storage.prepare_database - 541 - INFO - main - Applying schema 85/04_cleanup_device_federation_outbox.sql
2025-03-26 18:15:42,794 - synapse.storage.prepare_database - 541 - INFO - main - Applying schema 85/05_add_instance_names_converted_pos.sql
2025-03-26 18:15:42,799 - synapse.storage.prepare_database - 541 - INFO - main - Applying schema 85/06_add_room_reports.sql
2025-03-26 18:15:42,827 - synapse.storage.prepare_database - 433 - INFO - main - Applying schema deltas for v86
2025-03-26 18:15:42,828 - synapse.storage.prepare_database - 541 - INFO - main - Applying schema 86/01_authenticate_media.sql
2025-03-26 18:15:42,833 - synapse.storage.prepare_database - 541 - INFO - main - Applying schema 86/02_receipts_event_id_index.sql
2025-03-26 18:15:42,837 - synapse.storage.prepare_database - 433 - INFO - main - Applying schema deltas for v87
2025-03-26 18:15:42,839 - synapse.storage.prepare_database - 541 - INFO - main - Applying schema 87/01_sliding_sync_memberships.sql
2025-03-26 18:15:42,912 - synapse.storage.prepare_database - 541 - INFO - main - Applying schema 87/02_per_connection_state.sql
2025-03-26 18:15:43,046 - synapse.storage.prepare_database - 541 - INFO - main - Applying schema 87/03_current_state_index.sql
2025-03-26 18:15:43,052 - synapse.storage.prepare_database - 433 - INFO - main - Applying schema deltas for v88
2025-03-26 18:15:43,054 - synapse.storage.prepare_database - 541 - INFO - main - Applying schema 88/01_add_delayed_events.sql
2025-03-26 18:15:43,114 - synapse.storage.prepare_database - 541 - INFO - main - Applying schema 88/01_custom_profile_fields.sql
2025-03-26 18:15:43,119 - synapse.storage.prepare_database - 541 - INFO - main - Applying schema 88/02_fix_sliding_sync_membership_snapshots_forgotten_column.sql
2025-03-26 18:15:43,124 - synapse.storage.prepare_database - 541 - INFO - main - Applying schema 88/03_add_otk_ts_added_index.sql
2025-03-26 18:15:43,128 - synapse.storage.prepare_database - 541 - INFO - main - Applying schema 88/04_current_state_delta_index.sql
2025-03-26 18:15:43,133 - synapse.storage.prepare_database - 549 - INFO - main - Applying engine-specific schema 88/05_drop_old_otks.sql.postgres
2025-03-26 18:15:43,137 - synapse.storage.prepare_database - 541 - INFO - main - Applying schema 88/05_sliding_sync_room_config_index.sql
2025-03-26 18:15:43,141 - synapse.storage.prepare_database - 541 - INFO - main - Applying schema 88/06_events_received_ts_index.sql
2025-03-26 18:15:43,145 - synapse.storage.prepare_database - 433 - INFO - main - Applying schema deltas for v89
2025-03-26 18:15:43,146 - synapse.storage.prepare_database - 541 - INFO - main - Applying schema 89/01_state_groups_deletion.sql
2025-03-26 18:15:43,199 - synapse.storage.prepare_database - 568 - INFO - main - Schema now up to date
2025-03-26 18:15:43,205 - synapse.storage.databases - 95 - INFO - main - [database config 'master']: Starting 'main' database
2025-03-26 18:15:43,232 - synapse.storage.util.id_generators - 98 - INFO - main - Initialising stream generator for push_rules(id): 1
2025-03-26 18:15:43,233 - synapse.storage.util.id_generators - 98 - INFO - main - Initialising stream generator for push_rules_enable(id): 1
2025-03-26 18:15:43,238 - synapse.storage.databases.main.event_push_actions - 1242 - INFO - main - Searching for stream ordering 1 month ago
2025-03-26 18:15:43,239 - synapse.storage.databases.main.event_push_actions - 1246 - INFO - main - Found stream ordering 1 month ago: it's 0
2025-03-26 18:15:43,240 - synapse.storage.databases.main.event_push_actions - 1249 - INFO - main - Searching for stream ordering 1 day ago
2025-03-26 18:15:43,240 - synapse.storage.databases.main.event_push_actions - 1253 - INFO - main - Found stream ordering 1 day ago: it's 0
2025-03-26 18:15:43,243 - synapse.storage.util.id_generators - 98 - INFO - main - Initialising stream generator for access_tokens(id): 1
2025-03-26 18:15:43,244 - synapse.storage.util.id_generators - 98 - INFO - main - Initialising stream generator for refresh_tokens(id): 1
2025-03-26 18:15:43,246 - synapse.storage.util.id_generators - 98 - INFO - main - Initialising stream generator for event_reports(id): 1
2025-03-26 18:15:43,246 - synapse.storage.util.id_generators - 98 - INFO - main - Initialising stream generator for room_reports(id): 1
2025-03-26 18:15:43,257 - synapse.storage.databases - 112 - INFO - main - [database config 'master']: Starting 'state' database
2025-03-26 18:15:43,258 - synapse.storage.databases - 128 - INFO - main - [database config 'master']: prepared
2025-03-26 18:15:43,259 - synapse.server - 360 - INFO - main - Finished setting up.
2025-03-26 18:15:43,284 - synapse.push.pusher - 45 - INFO - main - email enable notifs: False
2025-03-26 18:15:43,286 - synapse.federation.federation_server - 1397 - INFO - main - Registering federation EDU handler for 'm.device_list_update'
2025-03-26 18:15:43,287 - synapse.federation.federation_server - 1417 - INFO - main - Registering federation query handler for 'profile'
2025-03-26 18:15:43,288 - synapse.federation.federation_server - 1397 - INFO - main - Registering federation EDU handler for 'm.presence'
2025-03-26 18:15:43,289 - synapse.federation.federation_server - 1397 - INFO - main - Registering federation EDU handler for 'm.typing'
2025-03-26 18:15:43,290 - synapse.federation.federation_server - 1417 - INFO - main - Registering federation query handler for 'directory'
2025-03-26 18:15:43,291 - synapse.federation.federation_server - 1397 - INFO - main - Registering federation EDU handler for 'm.signing_key_update'
2025-03-26 18:15:43,291 - synapse.federation.federation_server - 1397 - INFO - main - Registering federation EDU handler for 'org.matrix.signing_key_update'
2025-03-26 18:15:43,291 - synapse.federation.federation_server - 1417 - INFO - main - Registering federation query handler for 'client_keys'
2025-03-26 18:15:43,292 - twisted - 279 - INFO - main - Redirected stdout/stderr to logs
2025-03-26 18:15:43,293 - synapse.app.homeserver - 180 - INFO - sentinel - Running
2025-03-26 18:15:43,296 - synapse.app.homeserver - 36 - INFO - sentinel - Set file limit to: 1048576
2025-03-26 18:15:43,308 - synapse.handlers.deactivate_account - 245 - INFO - user_parter_loop-0 - Starting user parter
2025-03-26 18:15:43,333 - synapse.util.caches.lrucache - 230 - INFO - sentinel - Expiring LRU caches after 1800 seconds
2025-03-26 18:15:43,341 - synapse.federation.federation_server - 1397 - INFO - sentinel - Registering federation EDU handler for 'm.receipt'
2025-03-26 18:15:43,342 - synapse.federation.federation_server - 1397 - INFO - sentinel - Registering federation EDU handler for 'm.direct_to_device'
2025-03-26 18:15:43,347 - synapse.util.httpresourcetree - 56 - INFO - sentinel - Attaching <synapse.rest.health.HealthResource object at 0x7efe4c904200> to path b'/health'
2025-03-26 18:15:43,347 - synapse.util.httpresourcetree - 56 - INFO - sentinel - Attaching <synapse.rest.ClientRestResource object at 0x7efe4c748b90> to path b'/_matrix/client'
2025-03-26 18:15:43,347 - synapse.util.httpresourcetree - 56 - INFO - sentinel - Attaching <twisted.web.resource.Resource object at 0x7efe4d936780> to path b'/.well-known'
2025-03-26 18:15:43,347 - synapse.util.httpresourcetree - 56 - INFO - sentinel - Attaching <synapse.rest.admin.AdminRestResource object at 0x7efe4c780620> to path b'/_synapse/admin'
2025-03-26 18:15:43,347 - synapse.util.httpresourcetree - 56 - INFO - sentinel - Attaching <synapse.rest.synapse.client.pick_idp.PickIdpResource object at 0x7efe4c780920> to path b'/_synapse/client/pick_idp'
2025-03-26 18:15:43,347 - synapse.util.httpresourcetree - 56 - INFO - sentinel - Attaching <twisted.web.resource.Resource object at 0x7efe4c780c50> to path b'/_synapse/client/pick_username'
2025-03-26 18:15:43,353 - synapse.util.httpresourcetree - 56 - INFO - sentinel - Attaching <synapse.rest.synapse.client.new_user_consent.NewUserConsentResource object at 0x7efe4c768fe0> to path b'/_synapse/client/new_user_consent'
2025-03-26 18:15:43,353 - synapse.util.httpresourcetree - 56 - INFO - sentinel - Attaching <synapse.rest.synapse.client.sso_register.SsoRegisterResource object at 0x7efe4b109f10> to path b'/_synapse/client/sso_register'
2025-03-26 18:15:43,353 - synapse.util.httpresourcetree - 56 - INFO - sentinel - Attaching <synapse.rest.synapse.client.unsubscribe.UnsubscribeResource object at 0x7efe4b10a120> to path b'/_synapse/client/unsubscribe'
2025-03-26 18:15:43,353 - synapse.util.httpresourcetree - 56 - INFO - sentinel - Attaching FilePath('/usr/local/lib/python3.12/site-packages/synapse/static') to path b'/_matrix/static'
2025-03-26 18:15:43,353 - synapse.util.httpresourcetree - 56 - INFO - sentinel - Attaching <synapse.rest.media.media_repository_resource.MediaRepositoryResource object at 0x7efe4c780bc0> to path b'/_matrix/media/r0'
2025-03-26 18:15:43,353 - synapse.util.httpresourcetree - 56 - INFO - sentinel - Attaching <synapse.rest.media.media_repository_resource.MediaRepositoryResource object at 0x7efe4c780bc0> to path b'/_matrix/media/v3'
2025-03-26 18:15:43,353 - synapse.util.httpresourcetree - 56 - INFO - sentinel - Attaching <synapse.rest.media.media_repository_resource.MediaRepositoryResource object at 0x7efe4c780bc0> to path b'/_matrix/media/v1'
2025-03-26 18:15:43,353 - synapse.util.httpresourcetree - 56 - INFO - sentinel - Attaching <synapse.federation.transport.server.TransportLayerServer object at 0x7efe4c780da0> to path b'/_matrix/federation'
2025-03-26 18:15:43,353 - synapse.util.httpresourcetree - 56 - INFO - sentinel - Attaching <synapse.rest.key.v2.KeyResource object at 0x7efe4b10a4b0> to path b'/_matrix/key'
2025-03-26 18:15:43,354 - twisted - 279 - INFO - sentinel - SynapseSite starting on 8008
2025-03-26 18:15:43,357 - synapse.app - 56 - WARNING - sentinel - Failed to listen on 0.0.0.0, continuing because listening on [::]
2025-03-26 18:15:43,357 - synapse.app._base - 439 - INFO - sentinel - Synapse now listening on TCP port 8008
2025-03-26 18:15:43,358 - synapse.app.homeserver - 223 - INFO - sentinel - Scheduling stats reporting for 3 hour intervals
2025-03-26 18:15:43,434 - synapse.storage.background_updates - 410 - INFO - background_updates-0 - Starting background schema updates for database master
2025-03-26 18:15:43,439 - synapse.handlers.deactivate_account - 255 - INFO - user_parter_loop-0 - User parter finished: stopping
2025-03-26 18:15:43,451 - synapse.push.pusherpool - 372 - INFO - start_pushers-0 - Started pushers
2025-03-26 18:15:44,453 - synapse.storage.background_updates - 578 - INFO - background_updates-0 - Starting update batch on background update 'threads_backfill'
2025-03-26 18:15:44,461 - synapse.storage.background_updates - 621 - INFO - background_updates-0 - Running background update 'threads_backfill'. Processed 0 items in 7ms. (total_rate=None/ms, current_rate=None/ms, total_updated=0, batch_size=100)
2025-03-26 18:15:45,463 - synapse.storage.background_updates - 578 - INFO - background_updates-0 - Starting update batch on background update 'device_lists_changes_in_room_by_room_index'
2025-03-26 18:15:45,467 - synapse.storage.background_updates - 870 - INFO - background_updates-0 - Adding index device_lists_changes_in_room_by_room_idx to device_lists_changes_in_room
2025-03-26 18:15:45,496 - synapse.storage.background_updates - 621 - INFO - background_updates-0 - Running background update 'device_lists_changes_in_room_by_room_index'. Processed 1 items in 28ms. (total_rate=0.03571428571428571/ms, current_rate=0.03571428571428571/ms, total_updated=1, batch_size=100)
2025-03-26 18:15:46,500 - synapse.storage.background_updates - 578 - INFO - background_updates-0 - Starting update batch on background update 'populate_stats_process_rooms'
2025-03-26 18:15:46,508 - synapse.storage.background_updates - 621 - INFO - background_updates-0 - Running background update 'populate_stats_process_rooms'. Processed 1 items in 7ms. (total_rate=0.14285714285714285/ms, current_rate=0.14285714285714285/ms, total_updated=1, batch_size=100)
2025-03-26 18:15:47,510 - synapse.storage.background_updates - 578 - INFO - background_updates-0 - Starting update batch on background update 'populate_stats_process_users'
2025-03-26 18:15:47,522 - synapse.storage.background_updates - 621 - INFO - background_updates-0 - Running background update 'populate_stats_process_users'. Processed 1 items in 9ms. (total_rate=0.1111111111111111/ms, current_rate=0.11111111111111112/ms, total_updated=1, batch_size=100)
2025-03-26 18:15:47,524 - synapse.storage.background_updates - 546 - INFO - background_updates-0 - Not starting on bg update populate_user_directory_cleanup until populate_user_directory_process_users is done
2025-03-26 18:15:48,529 - synapse.storage.background_updates - 578 - INFO - background_updates-0 - Starting update batch on background update 'populate_user_directory_createtables'
2025-03-26 18:15:48,589 - synapse.storage.background_updates - 621 - INFO - background_updates-0 - Running background update 'populate_user_directory_createtables'. Processed 1 items in 59ms. (total_rate=0.01694915254237288/ms, current_rate=0.01694915254237288/ms, total_updated=1, batch_size=100)
2025-03-26 18:15:48,590 - synapse.storage.background_updates - 546 - INFO - background_updates-0 - Not starting on bg update populate_user_directory_cleanup until populate_user_directory_process_users is done
2025-03-26 18:15:49,591 - synapse.storage.background_updates - 578 - INFO - background_updates-0 - Starting update batch on background update 'populate_user_directory_process_rooms'
2025-03-26 18:15:49,696 - synapse.storage.background_updates - 621 - INFO - background_updates-0 - Running background update 'populate_user_directory_process_rooms'. Processed 1 items in 103ms. (total_rate=0.009708737864077669/ms, current_rate=0.009708737864077669/ms, total_updated=1, batch_size=100)
2025-03-26 18:15:49,698 - synapse.storage.background_updates - 546 - INFO - background_updates-0 - Not starting on bg update populate_user_directory_cleanup until populate_user_directory_process_users is done
2025-03-26 18:15:50,699 - synapse.storage.background_updates - 578 - INFO - background_updates-0 - Starting update batch on background update 'populate_user_directory_process_users'
2025-03-26 18:15:50,712 - synapse.storage.background_updates - 621 - INFO - background_updates-0 - Running background update 'populate_user_directory_process_users'. Processed 1 items in 10ms. (total_rate=0.1/ms, current_rate=0.1/ms, total_updated=1, batch_size=100)
2025-03-26 18:15:51,716 - synapse.storage.background_updates - 578 - INFO - background_updates-0 - Starting update batch on background update 'populate_user_directory_cleanup'
2025-03-26 18:15:51,738 - synapse.storage.background_updates - 621 - INFO - background_updates-0 - Running background update 'populate_user_directory_cleanup'. Processed 1 items in 20ms. (total_rate=0.05/ms, current_rate=0.05/ms, total_updated=1, batch_size=100)
2025-03-26 18:15:52,740 - synapse.storage.background_updates - 578 - INFO - background_updates-0 - Starting update batch on background update 'events_jump_to_date_index'
2025-03-26 18:15:52,742 - synapse.storage.background_updates - 870 - INFO - background_updates-0 - Adding index events_jump_to_date_idx to events
2025-03-26 18:15:52,767 - synapse.storage.background_updates - 621 - INFO - background_updates-0 - Running background update 'events_jump_to_date_index'. Processed 1 items in 25ms. (total_rate=0.04/ms, current_rate=0.04/ms, total_updated=1, batch_size=100)
2025-03-26 18:15:53,774 - synapse.storage.background_updates - 578 - INFO - background_updates-0 - Starting update batch on background update 'set_device_id_for_pushers'
2025-03-26 18:15:53,781 - synapse.storage.background_updates - 621 - INFO - background_updates-0 - Running background update 'set_device_id_for_pushers'. Processed 0 items in 6ms. (total_rate=None/ms, current_rate=None/ms, total_updated=0, batch_size=100)
2025-03-26 18:15:54,783 - synapse.storage.background_updates - 578 - INFO - background_updates-0 - Starting update batch on background update 'room_membership_user_room_index'
2025-03-26 18:15:54,785 - synapse.storage.background_updates - 870 - INFO - background_updates-0 - Adding index room_membership_user_room_idx to room_memberships
2025-03-26 18:15:54,811 - synapse.storage.background_updates - 621 - INFO - background_updates-0 - Running background update 'room_membership_user_room_index'. Processed 1 items in 26ms. (total_rate=0.038461538461538464/ms, current_rate=0.038461538461538464/ms, total_updated=1, batch_size=100)
2025-03-26 18:15:55,053 - twisted - 279 - INFO - sentinel - Received SIGTERM, shutting down.
2025-03-26 18:15:55,054 - synapse.storage.databases.main.lock - 113 - INFO - LockStore._on_shutdown-0 - Dropping held locks due to shutdown
2025-03-26 18:15:55,054 - synapse.storage.databases.main.lock - 124 - INFO - LockStore._on_shutdown-0 - Dropped locks due to shutdown
2025-03-26 18:15:55,054 - synapse.handlers.presence - 891 - INFO - presence.on_shutdown-0 - Performing _on_shutdown. Persisting 0 unpersisted changes
2025-03-26 18:15:55,054 - synapse.handlers.presence - 903 - INFO - presence.on_shutdown-0 - Finished _on_shutdown
2025-03-26 18:15:55,054 - synapse.app._base - 509 - INFO - sentinel - Shutting down...
2025-03-26 18:15:55,054 - twisted - 279 - INFO - sentinel - (TCP Port 8008 Closed)
2025-03-26 18:15:55,060 - twisted - 279 - INFO - sentinel - Main loop terminated.
2025-03-26 18:17:34,969 - root - 352 - WARNING - main - ***** STARTING SERVER *****
2025-03-26 18:17:34,970 - root - 353 - WARNING - main - Server /usr/local/lib/python3.12/site-packages/synapse/app/homeserver.py version 1.127.0
2025-03-26 18:17:34,970 - root - 358 - WARNING - main - Copyright (c) 2023 New Vector, Inc
2025-03-26 18:17:34,971 - root - 359 - WARNING - main - Licensed under the AGPL 3.0 license. Website: https://github.com/element-hq/synapse
2025-03-26 18:17:34,972 - root - 362 - INFO - main - Server hostname: matrix.localhost
2025-03-26 18:17:34,972 - root - 363 - INFO - main - Public Base URL: https://matrix.localhost/
2025-03-26 18:17:34,973 - root - 364 - INFO - main - Instance name: master
2025-03-26 18:17:34,973 - root - 365 - INFO - main - Twisted reactor: EPollReactor
2025-03-26 18:17:34,974 - synapse.app.homeserver - 370 - INFO - main - Setting up server
2025-03-26 18:17:34,975 - synapse.server - 357 - INFO - main - Setting up.
2025-03-26 18:17:34,994 - synapse.storage.databases - 77 - INFO - main - [database config 'master']: Checking database server
2025-03-26 18:17:35,000 - synapse.storage.databases - 80 - INFO - main - [database config 'master']: Preparing for databases ['main', 'state']
2025-03-26 18:17:35,001 - synapse.storage.prepare_database - 135 - INFO - main - ['main', 'state']: Checking existing schema version
2025-03-26 18:17:35,066 - synapse.storage.prepare_database - 165 - INFO - main - ['main', 'state']: Initialising new database
2025-03-26 18:17:38,332 - synapse.storage.prepare_database - 433 - INFO - main - Applying schema deltas for v73
2025-03-26 18:17:38,334 - synapse.storage.prepare_database - 541 - INFO - main - Applying schema 73/01event_failed_pull_attempts.sql
2025-03-26 18:17:38,353 - synapse.storage.prepare_database - 541 - INFO - main - Applying schema 73/02add_pusher_enabled.sql
2025-03-26 18:17:38,357 - synapse.storage.prepare_database - 541 - INFO - main - Applying schema 73/02room_id_indexes_for_purging.sql
2025-03-26 18:17:38,382 - synapse.storage.prepare_database - 541 - INFO - main - Applying schema 73/03pusher_device_id.sql
2025-03-26 18:17:38,386 - synapse.storage.prepare_database - 541 - INFO - main - Applying schema 73/03users_approved_column.sql
2025-03-26 18:17:38,390 - synapse.storage.prepare_database - 541 - INFO - main - Applying schema 73/04partial_join_details.sql
2025-03-26 18:17:38,395 - synapse.storage.prepare_database - 541 - INFO - main - Applying schema 73/04pending_device_list_updates.sql
2025-03-26 18:17:38,420 - synapse.storage.prepare_database - 549 - INFO - main - Applying engine-specific schema 73/05old_push_actions.sql.postgres
2025-03-26 18:17:38,425 - synapse.storage.prepare_database - 541 - INFO - main - Applying schema 73/06thread_notifications_thread_id_idx.sql
2025-03-26 18:17:38,429 - synapse.storage.prepare_database - 549 - INFO - main - Applying engine-specific schema 73/08thread_receipts_non_null.sql.postgres
2025-03-26 18:17:38,434 - synapse.storage.prepare_database - 541 - INFO - main - Applying schema 73/09partial_joined_via_destination.sql
2025-03-26 18:17:38,438 - synapse.storage.prepare_database - 541 - INFO - main - Applying schema 73/09threads_table.sql
2025-03-26 18:17:38,461 - synapse.storage.prepare_database - 524 - INFO - main - Running 73/10_update_sqlite_fts4_tokenizer.py:run_create
2025-03-26 18:17:38,462 - synapse.storage.prepare_database - 541 - INFO - main - Applying schema 73/10login_tokens.sql
2025-03-26 18:17:38,493 - synapse.storage.prepare_database - 549 - INFO - main - Applying engine-specific schema 73/11event_search_room_id_n_distinct.sql.postgres
2025-03-26 18:17:38,498 - synapse.storage.prepare_database - 541 - INFO - main - Applying schema 73/12refactor_device_list_outbound_pokes.sql
2025-03-26 18:17:38,523 - synapse.storage.prepare_database - 541 - INFO - main - Applying schema 73/13add_device_lists_index.sql
2025-03-26 18:17:38,528 - synapse.storage.prepare_database - 541 - INFO - main - Applying schema 73/20_un_partial_stated_room_stream.sql
2025-03-26 18:17:38,562 - synapse.storage.prepare_database - 549 - INFO - main - Applying engine-specific schema 73/21_un_partial_stated_room_stream_seq.sql.postgres
2025-03-26 18:17:38,569 - synapse.storage.prepare_database - 541 - INFO - main - Applying schema 73/22_rebuild_user_dir_stats.sql
2025-03-26 18:17:38,575 - synapse.storage.prepare_database - 541 - INFO - main - Applying schema 73/22_un_partial_stated_event_stream.sql
2025-03-26 18:17:38,606 - synapse.storage.prepare_database - 541 - INFO - main - Applying schema 73/23_fix_thread_index.sql
2025-03-26 18:17:38,611 - synapse.storage.prepare_database - 549 - INFO - main - Applying engine-specific schema 73/23_un_partial_stated_room_stream_seq.sql.postgres
2025-03-26 18:17:38,618 - synapse.storage.prepare_database - 541 - INFO - main - Applying schema 73/24_events_jump_to_date_index.sql
2025-03-26 18:17:38,624 - synapse.storage.prepare_database - 541 - INFO - main - Applying schema 73/25drop_presence.sql
2025-03-26 18:17:38,630 - synapse.storage.prepare_database - 433 - INFO - main - Applying schema deltas for v74
2025-03-26 18:17:38,633 - synapse.storage.prepare_database - 541 - INFO - main - Applying schema 74/01_user_directory_stale_remote_users.sql
2025-03-26 18:17:38,672 - synapse.storage.prepare_database - 541 - INFO - main - Applying schema 74/02_set_device_id_for_pushers_bg_update.sql
2025-03-26 18:17:38,678 - synapse.storage.prepare_database - 549 - INFO - main - Applying engine-specific schema 74/03_membership_tables_event_stream_ordering.sql.postgres
2025-03-26 18:17:38,686 - synapse.storage.prepare_database - 541 - INFO - main - Applying schema 74/03_room_membership_index.sql
2025-03-26 18:17:38,692 - synapse.storage.prepare_database - 541 - INFO - main - Applying schema 74/04_delete_e2e_backup_keys_for_deactivated_users.sql
2025-03-26 18:17:38,698 - synapse.storage.prepare_database - 524 - INFO - main - Running 74/04_membership_tables_event_stream_ordering_triggers.py:run_create
2025-03-26 18:17:38,703 - synapse.storage.prepare_database - 541 - INFO - main - Applying schema 74/05_events_txn_id_device_id.sql
2025-03-26 18:17:38,745 - synapse.storage.prepare_database - 549 - INFO - main - Applying engine-specific schema 74/90COMMENTS_destinations.sql.postgres
2025-03-26 18:17:38,751 - synapse.storage.prepare_database - 433 - INFO - main - Applying schema deltas for v75
2025-03-26 18:17:38,753 - synapse.storage.prepare_database - 433 - INFO - main - Applying schema deltas for v76
2025-03-26 18:17:38,755 - synapse.storage.prepare_database - 541 - INFO - main - Applying schema 76/01_add_profiles_full_user_id_column.sql
2025-03-26 18:17:38,761 - synapse.storage.prepare_database - 541 - INFO - main - Applying schema 76/02_add_user_filters_full_user_id_column.sql
2025-03-26 18:17:38,767 - synapse.storage.prepare_database - 541 - INFO - main - Applying schema 76/03_per_user_experimental_features.sql
2025-03-26 18:17:38,791 - synapse.storage.prepare_database - 541 - INFO - main - Applying schema 76/04_add_room_forgetter.sql
2025-03-26 18:17:38,807 - synapse.storage.prepare_database - 433 - INFO - main - Applying schema deltas for v77
2025-03-26 18:17:38,809 - synapse.storage.prepare_database - 549 - INFO - main - Applying engine-specific schema 77/01_add_profiles_not_valid_check.sql.postgres
2025-03-26 18:17:38,815 - synapse.storage.prepare_database - 549 - INFO - main - Applying engine-specific schema 77/02_add_user_filters_not_valid_check.sql.postgres
2025-03-26 18:17:38,821 - synapse.storage.prepare_database - 541 - INFO - main - Applying schema 77/03bg_populate_full_user_id_profiles.sql
2025-03-26 18:17:38,826 - synapse.storage.prepare_database - 541 - INFO - main - Applying schema 77/04bg_populate_full_user_id_user_filters.sql
2025-03-26 18:17:38,831 - synapse.storage.prepare_database - 541 - INFO - main - Applying schema 77/05thread_notifications_backfill.sql
2025-03-26 18:17:38,839 - synapse.storage.prepare_database - 549 - INFO - main - Applying engine-specific schema 77/06thread_notifications_not_null_event_push_actions.sql.postgres
2025-03-26 18:17:38,844 - synapse.storage.prepare_database - 549 - INFO - main - Applying engine-specific schema 77/06thread_notifications_not_null_event_push_actions_staging.sql.postgres
2025-03-26 18:17:38,849 - synapse.storage.prepare_database - 549 - INFO - main - Applying engine-specific schema 77/06thread_notifications_not_null_event_push_summary.sql.postgres
2025-03-26 18:17:38,854 - synapse.storage.prepare_database - 541 - INFO - main - Applying schema 77/14bg_indices_event_stream_ordering.sql
2025-03-26 18:17:38,858 - synapse.storage.prepare_database - 433 - INFO - main - Applying schema deltas for v78
2025-03-26 18:17:38,862 - synapse.storage.prepare_database - 524 - INFO - main - Running 78/03event_extremities_constraints.py:run_create
2025-03-26 18:17:38,864 - synapse.storage.prepare_database - 524 - INFO - main - Running 78/04_add_full_user_id_index_user_filters.py:run_create
2025-03-26 18:17:38,865 - synapse.storage.prepare_database - 433 - INFO - main - Applying schema deltas for v79
2025-03-26 18:17:38,866 - synapse.storage.prepare_database - 549 - INFO - main - Applying engine-specific schema 79/03_read_write_locks_triggers.sql.postgres
2025-03-26 18:17:38,923 - synapse.storage.prepare_database - 524 - INFO - main - Running 79/04_mitigate_stream_ordering_update_race.py:run_create
2025-03-26 18:17:38,925 - synapse.storage.prepare_database - 549 - INFO - main - Applying engine-specific schema 79/05_read_write_locks_triggers.sql.postgres
2025-03-26 18:17:38,933 - synapse.storage.prepare_database - 433 - INFO - main - Applying schema deltas for v80
2025-03-26 18:17:38,935 - synapse.storage.prepare_database - 541 - INFO - main - Applying schema 80/01_users_alter_locked.sql
2025-03-26 18:17:38,942 - synapse.storage.prepare_database - 549 - INFO - main - Applying engine-specific schema 80/02_read_write_locks_unlogged.sql.postgres
2025-03-26 18:17:39,032 - synapse.storage.prepare_database - 541 - INFO - main - Applying schema 80/02_scheduled_tasks.sql
2025-03-26 18:17:39,064 - synapse.storage.prepare_database - 549 - INFO - main - Applying engine-specific schema 80/03_read_write_locks_triggers.sql.postgres
2025-03-26 18:17:39,070 - synapse.storage.prepare_database - 549 - INFO - main - Applying engine-specific schema 80/04_read_write_locks_deadlock.sql.postgres
2025-03-26 18:17:39,075 - synapse.storage.prepare_database - 433 - INFO - main - Applying schema deltas for v81
2025-03-26 18:17:39,076 - synapse.storage.prepare_database - 433 - INFO - main - Applying schema deltas for v82
2025-03-26 18:17:39,078 - synapse.storage.prepare_database - 541 - INFO - main - Applying schema 82/02_scheduled_tasks_index.sql
2025-03-26 18:17:39,091 - synapse.storage.prepare_database - 541 - INFO - main - Applying schema 82/04_add_indices_for_purging_rooms.sql
2025-03-26 18:17:39,096 - synapse.storage.prepare_database - 541 - INFO - main - Applying schema 82/05gaps.sql
2025-03-26 18:17:39,118 - synapse.storage.prepare_database - 433 - INFO - main - Applying schema deltas for v83
2025-03-26 18:17:39,120 - synapse.storage.prepare_database - 541 - INFO - main - Applying schema 83/01_drop_old_tables.sql
2025-03-26 18:17:39,131 - synapse.storage.prepare_database - 541 - INFO - main - Applying schema 83/05_cross_signing_key_update_grant.sql
2025-03-26 18:17:39,137 - synapse.storage.prepare_database - 541 - INFO - main - Applying schema 83/06_event_push_summary_room.sql
2025-03-26 18:17:39,142 - synapse.storage.prepare_database - 433 - INFO - main - Applying schema deltas for v84
2025-03-26 18:17:39,143 - synapse.storage.prepare_database - 549 - INFO - main - Applying engine-specific schema 84/01_auth_links_stats.sql.postgres
2025-03-26 18:17:39,147 - synapse.storage.prepare_database - 541 - INFO - main - Applying schema 84/02_auth_links_index.sql
2025-03-26 18:17:39,151 - synapse.storage.prepare_database - 549 - INFO - main - Applying engine-specific schema 84/03_auth_links_analyze.sql.postgres
2025-03-26 18:17:39,156 - synapse.storage.prepare_database - 541 - INFO - main - Applying schema 84/04_access_token_index.sql
2025-03-26 18:17:39,160 - synapse.storage.prepare_database - 433 - INFO - main - Applying schema deltas for v85
2025-03-26 18:17:39,161 - synapse.storage.prepare_database - 541 - INFO - main - Applying schema 85/01_add_suspended.sql
2025-03-26 18:17:39,165 - synapse.storage.prepare_database - 541 - INFO - main - Applying schema 85/02_add_instance_names.sql
2025-03-26 18:17:39,170 - synapse.storage.prepare_database - 549 - INFO - main - Applying engine-specific schema 85/03_new_sequences.sql.postgres
2025-03-26 18:17:39,176 - synapse.storage.prepare_database - 541 - INFO - main - Applying schema 85/04_cleanup_device_federation_outbox.sql
2025-03-26 18:17:39,181 - synapse.storage.prepare_database - 541 - INFO - main - Applying schema 85/05_add_instance_names_converted_pos.sql
2025-03-26 18:17:39,185 - synapse.storage.prepare_database - 541 - INFO - main - Applying schema 85/06_add_room_reports.sql
2025-03-26 18:17:39,205 - synapse.storage.prepare_database - 433 - INFO - main - Applying schema deltas for v86
2025-03-26 18:17:39,207 - synapse.storage.prepare_database - 541 - INFO - main - Applying schema 86/01_authenticate_media.sql
2025-03-26 18:17:39,212 - synapse.storage.prepare_database - 541 - INFO - main - Applying schema 86/02_receipts_event_id_index.sql
2025-03-26 18:17:39,217 - synapse.storage.prepare_database - 433 - INFO - main - Applying schema deltas for v87
2025-03-26 18:17:39,218 - synapse.storage.prepare_database - 541 - INFO - main - Applying schema 87/01_sliding_sync_memberships.sql
2025-03-26 18:17:39,308 - synapse.storage.prepare_database - 541 - INFO - main - Applying schema 87/02_per_connection_state.sql
2025-03-26 18:17:39,445 - synapse.storage.prepare_database - 541 - INFO - main - Applying schema 87/03_current_state_index.sql
2025-03-26 18:17:39,453 - synapse.storage.prepare_database - 433 - INFO - main - Applying schema deltas for v88
2025-03-26 18:17:39,455 - synapse.storage.prepare_database - 541 - INFO - main - Applying schema 88/01_add_delayed_events.sql
2025-03-26 18:17:39,507 - synapse.storage.prepare_database - 541 - INFO - main - Applying schema 88/01_custom_profile_fields.sql
2025-03-26 18:17:39,512 - synapse.storage.prepare_database - 541 - INFO - main - Applying schema 88/02_fix_sliding_sync_membership_snapshots_forgotten_column.sql
2025-03-26 18:17:39,516 - synapse.storage.prepare_database - 541 - INFO - main - Applying schema 88/03_add_otk_ts_added_index.sql
2025-03-26 18:17:39,520 - synapse.storage.prepare_database - 541 - INFO - main - Applying schema 88/04_current_state_delta_index.sql
2025-03-26 18:17:39,524 - synapse.storage.prepare_database - 549 - INFO - main - Applying engine-specific schema 88/05_drop_old_otks.sql.postgres
2025-03-26 18:17:39,529 - synapse.storage.prepare_database - 541 - INFO - main - Applying schema 88/05_sliding_sync_room_config_index.sql
2025-03-26 18:17:39,533 - synapse.storage.prepare_database - 541 - INFO - main - Applying schema 88/06_events_received_ts_index.sql
2025-03-26 18:17:39,537 - synapse.storage.prepare_database - 433 - INFO - main - Applying schema deltas for v89
2025-03-26 18:17:39,538 - synapse.storage.prepare_database - 541 - INFO - main - Applying schema 89/01_state_groups_deletion.sql
2025-03-26 18:17:39,584 - synapse.storage.prepare_database - 568 - INFO - main - Schema now up to date
2025-03-26 18:17:39,588 - synapse.storage.databases - 95 - INFO - main - [database config 'master']: Starting 'main' database
2025-03-26 18:17:39,611 - synapse.storage.util.id_generators - 98 - INFO - main - Initialising stream generator for push_rules(id): 1
2025-03-26 18:17:39,612 - synapse.storage.util.id_generators - 98 - INFO - main - Initialising stream generator for push_rules_enable(id): 1
2025-03-26 18:17:39,618 - synapse.storage.databases.main.event_push_actions - 1242 - INFO - main - Searching for stream ordering 1 month ago
2025-03-26 18:17:39,618 - synapse.storage.databases.main.event_push_actions - 1246 - INFO - main - Found stream ordering 1 month ago: it's 0
2025-03-26 18:17:39,619 - synapse.storage.databases.main.event_push_actions - 1249 - INFO - main - Searching for stream ordering 1 day ago
2025-03-26 18:17:39,619 - synapse.storage.databases.main.event_push_actions - 1253 - INFO - main - Found stream ordering 1 day ago: it's 0
2025-03-26 18:17:39,623 - synapse.storage.util.id_generators - 98 - INFO - main - Initialising stream generator for access_tokens(id): 1
2025-03-26 18:17:39,623 - synapse.storage.util.id_generators - 98 - INFO - main - Initialising stream generator for refresh_tokens(id): 1
2025-03-26 18:17:39,625 - synapse.storage.util.id_generators - 98 - INFO - main - Initialising stream generator for event_reports(id): 1
2025-03-26 18:17:39,626 - synapse.storage.util.id_generators - 98 - INFO - main - Initialising stream generator for room_reports(id): 1
2025-03-26 18:17:39,635 - synapse.storage.databases - 112 - INFO - main - [database config 'master']: Starting 'state' database
2025-03-26 18:17:39,638 - synapse.storage.databases - 128 - INFO - main - [database config 'master']: prepared
2025-03-26 18:17:39,638 - synapse.server - 360 - INFO - main - Finished setting up.
2025-03-26 18:17:39,659 - synapse.push.pusher - 45 - INFO - main - email enable notifs: False
2025-03-26 18:17:39,662 - synapse.federation.federation_server - 1397 - INFO - main - Registering federation EDU handler for 'm.device_list_update'
2025-03-26 18:17:39,663 - synapse.federation.federation_server - 1417 - INFO - main - Registering federation query handler for 'profile'
2025-03-26 18:17:39,664 - synapse.federation.federation_server - 1397 - INFO - main - Registering federation EDU handler for 'm.presence'
2025-03-26 18:17:39,665 - synapse.federation.federation_server - 1397 - INFO - main - Registering federation EDU handler for 'm.typing'
2025-03-26 18:17:39,666 - synapse.federation.federation_server - 1417 - INFO - main - Registering federation query handler for 'directory'
2025-03-26 18:17:39,667 - synapse.federation.federation_server - 1397 - INFO - main - Registering federation EDU handler for 'm.signing_key_update'
2025-03-26 18:17:39,667 - synapse.federation.federation_server - 1397 - INFO - main - Registering federation EDU handler for 'org.matrix.signing_key_update'
2025-03-26 18:17:39,668 - synapse.federation.federation_server - 1417 - INFO - main - Registering federation query handler for 'client_keys'
2025-03-26 18:17:39,668 - twisted - 279 - INFO - main - Redirected stdout/stderr to logs
2025-03-26 18:17:39,669 - synapse.app.homeserver - 180 - INFO - sentinel - Running
2025-03-26 18:17:39,671 - synapse.app.homeserver - 36 - INFO - sentinel - Set file limit to: 1048576
2025-03-26 18:17:39,672 - synapse.app.homeserver - 42 - WARNING - sentinel - Failed to set file or core limit: not allowed to raise maximum limit
2025-03-26 18:17:39,682 - synapse.handlers.deactivate_account - 245 - INFO - user_parter_loop-0 - Starting user parter
2025-03-26 18:17:39,694 - synapse.util.caches.lrucache - 230 - INFO - sentinel - Expiring LRU caches after 1800 seconds
2025-03-26 18:17:39,701 - synapse.federation.federation_server - 1397 - INFO - sentinel - Registering federation EDU handler for 'm.receipt'
2025-03-26 18:17:39,701 - synapse.federation.federation_server - 1397 - INFO - sentinel - Registering federation EDU handler for 'm.direct_to_device'
2025-03-26 18:17:39,706 - synapse.util.httpresourcetree - 56 - INFO - sentinel - Attaching <synapse.rest.health.HealthResource object at 0x7f2f6664cbf0> to path b'/health'
2025-03-26 18:17:39,706 - synapse.util.httpresourcetree - 56 - INFO - sentinel - Attaching <synapse.rest.ClientRestResource object at 0x7f2f6664cc80> to path b'/_matrix/client'
2025-03-26 18:17:39,706 - synapse.util.httpresourcetree - 56 - INFO - sentinel - Attaching <twisted.web.resource.Resource object at 0x7f2f66802d80> to path b'/.well-known'
2025-03-26 18:17:39,706 - synapse.util.httpresourcetree - 56 - INFO - sentinel - Attaching <synapse.rest.admin.AdminRestResource object at 0x7f2f6681f4a0> to path b'/_synapse/admin'
2025-03-26 18:17:39,707 - synapse.util.httpresourcetree - 56 - INFO - sentinel - Attaching <synapse.rest.synapse.client.pick_idp.PickIdpResource object at 0x7f2f66669730> to path b'/_synapse/client/pick_idp'
2025-03-26 18:17:39,707 - synapse.util.httpresourcetree - 56 - INFO - sentinel - Attaching <twisted.web.resource.Resource object at 0x7f2f65c65880> to path b'/_synapse/client/pick_username'
2025-03-26 18:17:39,711 - synapse.util.httpresourcetree - 56 - INFO - sentinel - Attaching <synapse.rest.synapse.client.new_user_consent.NewUserConsentResource object at 0x7f2f66661310> to path b'/_synapse/client/new_user_consent'
2025-03-26 18:17:39,711 - synapse.util.httpresourcetree - 56 - INFO - sentinel - Attaching <synapse.rest.synapse.client.sso_register.SsoRegisterResource object at 0x7f2f6664cd70> to path b'/_synapse/client/sso_register'
2025-03-26 18:17:39,711 - synapse.util.httpresourcetree - 56 - INFO - sentinel - Attaching <synapse.rest.synapse.client.unsubscribe.UnsubscribeResource object at 0x7f2f65c667e0> to path b'/_synapse/client/unsubscribe'
2025-03-26 18:17:39,711 - synapse.util.httpresourcetree - 56 - INFO - sentinel - Attaching FilePath('/usr/local/lib/python3.12/site-packages/synapse/static') to path b'/_matrix/static'
2025-03-26 18:17:39,711 - synapse.util.httpresourcetree - 56 - INFO - sentinel - Attaching <synapse.rest.media.media_repository_resource.MediaRepositoryResource object at 0x7f2f666285c0> to path b'/_matrix/media/r0'
2025-03-26 18:17:39,711 - synapse.util.httpresourcetree - 56 - INFO - sentinel - Attaching <synapse.rest.media.media_repository_resource.MediaRepositoryResource object at 0x7f2f666285c0> to path b'/_matrix/media/v3'
2025-03-26 18:17:39,711 - synapse.util.httpresourcetree - 56 - INFO - sentinel - Attaching <synapse.rest.media.media_repository_resource.MediaRepositoryResource object at 0x7f2f666285c0> to path b'/_matrix/media/v1'
2025-03-26 18:17:39,711 - synapse.util.httpresourcetree - 56 - INFO - sentinel - Attaching <synapse.federation.transport.server.TransportLayerServer object at 0x7f2f666628d0> to path b'/_matrix/federation'
2025-03-26 18:17:39,711 - synapse.util.httpresourcetree - 56 - INFO - sentinel - Attaching <synapse.rest.key.v2.KeyResource object at 0x7f2f65c65370> to path b'/_matrix/key'
2025-03-26 18:17:39,713 - twisted - 279 - INFO - sentinel - SynapseSite starting on 8008
2025-03-26 18:17:39,715 - synapse.app - 56 - WARNING - sentinel - Failed to listen on 0.0.0.0, continuing because listening on [::]
2025-03-26 18:17:39,715 - synapse.app._base - 439 - INFO - sentinel - Synapse now listening on TCP port 8008
2025-03-26 18:17:39,716 - synapse.app.homeserver - 223 - INFO - sentinel - Scheduling stats reporting for 3 hour intervals
2025-03-26 18:17:39,789 - synapse.storage.background_updates - 410 - INFO - background_updates-0 - Starting background schema updates for database master
2025-03-26 18:17:39,791 - synapse.handlers.deactivate_account - 255 - INFO - user_parter_loop-0 - User parter finished: stopping
2025-03-26 18:17:39,808 - synapse.push.pusherpool - 372 - INFO - start_pushers-0 - Started pushers
2025-03-26 18:17:40,810 - synapse.storage.background_updates - 578 - INFO - background_updates-0 - Starting update batch on background update 'threads_backfill'
2025-03-26 18:17:40,825 - synapse.storage.background_updates - 621 - INFO - background_updates-0 - Running background update 'threads_backfill'. Processed 0 items in 12ms. (total_rate=None/ms, current_rate=None/ms, total_updated=0, batch_size=100)
2025-03-26 18:17:41,829 - synapse.storage.background_updates - 578 - INFO - background_updates-0 - Starting update batch on background update 'device_lists_changes_in_room_by_room_index'
2025-03-26 18:17:41,830 - synapse.storage.background_updates - 870 - INFO - background_updates-0 - Adding index device_lists_changes_in_room_by_room_idx to device_lists_changes_in_room
2025-03-26 18:17:41,856 - synapse.storage.background_updates - 621 - INFO - background_updates-0 - Running background update 'device_lists_changes_in_room_by_room_index'. Processed 1 items in 26ms. (total_rate=0.038461538461538464/ms, current_rate=0.038461538461538464/ms, total_updated=1, batch_size=100)
2025-03-26 18:17:42,859 - synapse.storage.background_updates - 578 - INFO - background_updates-0 - Starting update batch on background update 'populate_stats_process_rooms'
2025-03-26 18:17:42,867 - synapse.storage.background_updates - 621 - INFO - background_updates-0 - Running background update 'populate_stats_process_rooms'. Processed 1 items in 6ms. (total_rate=0.16666666666666666/ms, current_rate=0.16666666666666666/ms, total_updated=1, batch_size=100)
2025-03-26 18:17:43,868 - synapse.storage.background_updates - 578 - INFO - background_updates-0 - Starting update batch on background update 'populate_stats_process_users'
2025-03-26 18:17:43,876 - synapse.storage.background_updates - 621 - INFO - background_updates-0 - Running background update 'populate_stats_process_users'. Processed 1 items in 6ms. (total_rate=0.16666666666666666/ms, current_rate=0.16666666666666666/ms, total_updated=1, batch_size=100)
2025-03-26 18:17:43,877 - synapse.storage.background_updates - 546 - INFO - background_updates-0 - Not starting on bg update populate_user_directory_cleanup until populate_user_directory_process_users is done
2025-03-26 18:17:44,881 - synapse.storage.background_updates - 578 - INFO - background_updates-0 - Starting update batch on background update 'populate_user_directory_createtables'
2025-03-26 18:17:44,940 - synapse.storage.background_updates - 621 - INFO - background_updates-0 - Running background update 'populate_user_directory_createtables'. Processed 1 items in 58ms. (total_rate=0.017241379310344827/ms, current_rate=0.017241379310344827/ms, total_updated=1, batch_size=100)
2025-03-26 18:17:44,942 - synapse.storage.background_updates - 546 - INFO - background_updates-0 - Not starting on bg update populate_user_directory_cleanup until populate_user_directory_process_users is done
2025-03-26 18:17:45,942 - synapse.storage.background_updates - 578 - INFO - background_updates-0 - Starting update batch on background update 'populate_user_directory_process_rooms'
2025-03-26 18:17:46,039 - synapse.storage.background_updates - 621 - INFO - background_updates-0 - Running background update 'populate_user_directory_process_rooms'. Processed 1 items in 95ms. (total_rate=0.010526315789473684/ms, current_rate=0.010526315789473684/ms, total_updated=1, batch_size=100)
2025-03-26 18:17:46,041 - synapse.storage.background_updates - 546 - INFO - background_updates-0 - Not starting on bg update populate_user_directory_cleanup until populate_user_directory_process_users is done
2025-03-26 18:17:47,041 - synapse.storage.background_updates - 578 - INFO - background_updates-0 - Starting update batch on background update 'populate_user_directory_process_users'
2025-03-26 18:17:47,050 - synapse.storage.background_updates - 621 - INFO - background_updates-0 - Running background update 'populate_user_directory_process_users'. Processed 1 items in 7ms. (total_rate=0.14285714285714285/ms, current_rate=0.14285714285714285/ms, total_updated=1, batch_size=100)
2025-03-26 18:17:48,052 - synapse.storage.background_updates - 578 - INFO - background_updates-0 - Starting update batch on background update 'populate_user_directory_cleanup'
2025-03-26 18:17:48,075 - synapse.storage.background_updates - 621 - INFO - background_updates-0 - Running background update 'populate_user_directory_cleanup'. Processed 1 items in 21ms. (total_rate=0.047619047619047616/ms, current_rate=0.047619047619047616/ms, total_updated=1, batch_size=100)
2025-03-26 18:17:49,079 - synapse.storage.background_updates - 578 - INFO - background_updates-0 - Starting update batch on background update 'events_jump_to_date_index'
2025-03-26 18:17:49,081 - synapse.storage.background_updates - 870 - INFO - background_updates-0 - Adding index events_jump_to_date_idx to events
2025-03-26 18:17:49,111 - synapse.storage.background_updates - 621 - INFO - background_updates-0 - Running background update 'events_jump_to_date_index'. Processed 1 items in 30ms. (total_rate=0.03333333333333333/ms, current_rate=0.03333333333333333/ms, total_updated=1, batch_size=100)
2025-03-26 18:17:50,119 - synapse.storage.background_updates - 578 - INFO - background_updates-0 - Starting update batch on background update 'set_device_id_for_pushers'
2025-03-26 18:17:50,128 - synapse.storage.background_updates - 621 - INFO - background_updates-0 - Running background update 'set_device_id_for_pushers'. Processed 0 items in 7ms. (total_rate=None/ms, current_rate=None/ms, total_updated=0, batch_size=100)
2025-03-26 18:17:51,131 - synapse.storage.background_updates - 578 - INFO - background_updates-0 - Starting update batch on background update 'room_membership_user_room_index'
2025-03-26 18:17:51,134 - synapse.storage.background_updates - 870 - INFO - background_updates-0 - Adding index room_membership_user_room_idx to room_memberships
2025-03-26 18:17:51,163 - synapse.storage.background_updates - 621 - INFO - background_updates-0 - Running background update 'room_membership_user_room_index'. Processed 1 items in 29ms. (total_rate=0.034482758620689655/ms, current_rate=0.034482758620689655/ms, total_updated=1, batch_size=100)
2025-03-26 18:17:52,166 - synapse.storage.background_updates - 578 - INFO - background_updates-0 - Starting update batch on background update 'delete_e2e_backup_keys_for_deactivated_users'
2025-03-26 18:17:52,174 - synapse.storage.background_updates - 621 - INFO - background_updates-0 - Running background update 'delete_e2e_backup_keys_for_deactivated_users'. Processed 0 items in 7ms. (total_rate=None/ms, current_rate=None/ms, total_updated=0, batch_size=100)
2025-03-26 18:17:53,176 - synapse.storage.background_updates - 578 - INFO - background_updates-0 - Starting update batch on background update 'profiles_full_user_id_key_idx'
2025-03-26 18:17:53,178 - synapse.storage.background_updates - 870 - INFO - background_updates-0 - Adding index profiles_full_user_id_key to profiles
2025-03-26 18:17:53,205 - synapse.storage.background_updates - 621 - INFO - background_updates-0 - Running background update 'profiles_full_user_id_key_idx'. Processed 1 items in 27ms. (total_rate=0.037037037037037035/ms, current_rate=0.037037037037037035/ms, total_updated=1, batch_size=100)
2025-03-26 18:17:54,212 - synapse.storage.background_updates - 578 - INFO - background_updates-0 - Starting update batch on background update 'full_users_filters_unique_idx'
2025-03-26 18:17:54,215 - synapse.storage.background_updates - 870 - INFO - background_updates-0 - Adding index full_users_unique_idx to user_filters
2025-03-26 18:17:54,246 - synapse.storage.background_updates - 621 - INFO - background_updates-0 - Running background update 'full_users_filters_unique_idx'. Processed 1 items in 31ms. (total_rate=0.03225806451612903/ms, current_rate=0.03225806451612903/ms, total_updated=1, batch_size=100)
2025-03-26 18:17:55,249 - synapse.storage.background_updates - 578 - INFO - background_updates-0 - Starting update batch on background update 'populate_full_user_id_profiles'
2025-03-26 18:17:55,262 - synapse.storage.background_updates - 621 - INFO - background_updates-0 - Running background update 'populate_full_user_id_profiles'. Processed 1 items in 11ms. (total_rate=0.09090909090909091/ms, current_rate=0.09090909090909091/ms, total_updated=1, batch_size=100)
2025-03-26 18:17:56,265 - synapse.storage.background_updates - 578 - INFO - background_updates-0 - Starting update batch on background update 'populate_full_user_id_user_filters'
2025-03-26 18:17:56,279 - synapse.storage.background_updates - 621 - INFO - background_updates-0 - Running background update 'populate_full_user_id_user_filters'. Processed 1 items in 12ms. (total_rate=0.08333333333333333/ms, current_rate=0.08333333333333333/ms, total_updated=1, batch_size=100)
2025-03-26 18:17:57,282 - synapse.storage.background_updates - 578 - INFO - background_updates-0 - Starting update batch on background update 'event_push_actions_staging_thread_id'
2025-03-26 18:17:57,284 - synapse.storage.background_updates - 746 - INFO - background_updates-0 - Validating constraint event_push_actions_staging_thread_id to event_push_actions_staging
2025-03-26 18:17:57,297 - synapse.storage.background_updates - 621 - INFO - background_updates-0 - Running background update 'event_push_actions_staging_thread_id'. Processed 1 items in 13ms. (total_rate=0.07692307692307693/ms, current_rate=0.07692307692307693/ms, total_updated=1, batch_size=100)
2025-03-26 18:17:58,300 - synapse.storage.background_updates - 578 - INFO - background_updates-0 - Starting update batch on background update 'event_push_actions_thread_id'
2025-03-26 18:17:58,303 - synapse.storage.background_updates - 746 - INFO - background_updates-0 - Validating constraint event_push_actions_thread_id to event_push_actions
2025-03-26 18:17:58,316 - synapse.storage.background_updates - 621 - INFO - background_updates-0 - Running background update 'event_push_actions_thread_id'. Processed 1 items in 12ms. (total_rate=0.08333333333333333/ms, current_rate=0.08333333333333333/ms, total_updated=1, batch_size=100)
2025-03-26 18:17:58,322 - synapse.storage.background_updates - 546 - INFO - background_updates-0 - Not starting on bg update event_push_drop_null_thread_id_indexes until event_push_summary_thread_id is done
2025-03-26 18:17:59,323 - synapse.storage.background_updates - 578 - INFO - background_updates-0 - Starting update batch on background update 'event_push_summary_thread_id'
2025-03-26 18:17:59,325 - synapse.storage.background_updates - 746 - INFO - background_updates-0 - Validating constraint event_push_summary_thread_id to event_push_summary
2025-03-26 18:17:59,337 - synapse.storage.background_updates - 621 - INFO - background_updates-0 - Running background update 'event_push_summary_thread_id'. Processed 1 items in 12ms. (total_rate=0.08333333333333333/ms, current_rate=0.08333333333333333/ms, total_updated=1, batch_size=100)
2025-03-26 18:18:00,339 - synapse.storage.background_updates - 578 - INFO - background_updates-0 - Starting update batch on background update 'event_push_drop_null_thread_id_indexes'
2025-03-26 18:18:00,350 - synapse.storage.background_updates - 621 - INFO - background_updates-0 - Running background update 'event_push_drop_null_thread_id_indexes'. Processed 0 items in 8ms. (total_rate=None/ms, current_rate=None/ms, total_updated=0, batch_size=100)
2025-03-26 18:18:01,353 - synapse.storage.background_updates - 578 - INFO - background_updates-0 - Starting update batch on background update 'current_state_events_stream_ordering_idx'
2025-03-26 18:18:01,355 - synapse.storage.background_updates - 870 - INFO - background_updates-0 - Adding index current_state_events_stream_ordering_idx to current_state_events
2025-03-26 18:18:01,385 - synapse.storage.background_updates - 621 - INFO - background_updates-0 - Running background update 'current_state_events_stream_ordering_idx'. Processed 1 items in 30ms. (total_rate=0.03333333333333333/ms, current_rate=0.03333333333333333/ms, total_updated=1, batch_size=100)
2025-03-26 18:18:02,388 - synapse.storage.background_updates - 578 - INFO - background_updates-0 - Starting update batch on background update 'local_current_membership_stream_ordering_idx'
2025-03-26 18:18:02,389 - synapse.storage.background_updates - 870 - INFO - background_updates-0 - Adding index local_current_membership_stream_ordering_idx to local_current_membership
2025-03-26 18:18:02,413 - synapse.storage.background_updates - 621 - INFO - background_updates-0 - Running background update 'local_current_membership_stream_ordering_idx'. Processed 1 items in 24ms. (total_rate=0.041666666666666664/ms, current_rate=0.041666666666666664/ms, total_updated=1, batch_size=100)
2025-03-26 18:18:03,414 - synapse.storage.background_updates - 578 - INFO - background_updates-0 - Starting update batch on background update 'room_memberships_stream_ordering_idx'
2025-03-26 18:18:03,417 - synapse.storage.background_updates - 870 - INFO - background_updates-0 - Adding index room_memberships_stream_ordering_idx to room_memberships
2025-03-26 18:18:03,454 - synapse.storage.background_updates - 621 - INFO - background_updates-0 - Running background update 'room_memberships_stream_ordering_idx'. Processed 1 items in 37ms. (total_rate=0.02702702702702703/ms, current_rate=0.02702702702702703/ms, total_updated=1, batch_size=100)
2025-03-26 18:18:04,456 - synapse.storage.background_updates - 578 - INFO - background_updates-0 - Starting update batch on background update 'event_forward_extremities_event_id_foreign_key_constraint_update'
2025-03-26 18:18:04,468 - synapse.storage.background_updates - 621 - INFO - background_updates-0 - Running background update 'event_forward_extremities_event_id_foreign_key_constraint_update'. Processed 100 items in 11ms. (total_rate=9.090909090909092/ms, current_rate=9.09090909090909/ms, total_updated=100, batch_size=100)
2025-03-26 18:18:05,470 - synapse.storage.background_updates - 578 - INFO - background_updates-0 - Starting update batch on background update 'e2e_room_keys_index_room_id'
2025-03-26 18:18:05,472 - synapse.storage.background_updates - 870 - INFO - background_updates-0 - Adding index e2e_room_keys_room_id to e2e_room_keys
2025-03-26 18:18:05,502 - synapse.storage.background_updates - 621 - INFO - background_updates-0 - Running background update 'e2e_room_keys_index_room_id'. Processed 1 items in 30ms. (total_rate=0.03333333333333333/ms, current_rate=0.03333333333333333/ms, total_updated=1, batch_size=100)
2025-03-26 18:18:06,506 - synapse.storage.background_updates - 578 - INFO - background_updates-0 - Starting update batch on background update 'room_account_data_index_room_id'
2025-03-26 18:18:06,508 - synapse.storage.background_updates - 870 - INFO - background_updates-0 - Adding index room_account_data_room_id to room_account_data
2025-03-26 18:18:06,535 - synapse.storage.background_updates - 621 - INFO - background_updates-0 - Running background update 'room_account_data_index_room_id'. Processed 1 items in 27ms. (total_rate=0.037037037037037035/ms, current_rate=0.037037037037037035/ms, total_updated=1, batch_size=100)
2025-03-26 18:18:07,539 - synapse.storage.background_updates - 578 - INFO - background_updates-0 - Starting update batch on background update 'event_push_summary_index_room_id'
2025-03-26 18:18:07,541 - synapse.storage.background_updates - 870 - INFO - background_updates-0 - Adding index event_push_summary_index_room_id to event_push_summary
2025-03-26 18:18:07,571 - synapse.storage.background_updates - 621 - INFO - background_updates-0 - Running background update 'event_push_summary_index_room_id'. Processed 1 items in 30ms. (total_rate=0.03333333333333333/ms, current_rate=0.03333333333333333/ms, total_updated=1, batch_size=100)
2025-03-26 18:18:08,575 - synapse.storage.background_updates - 578 - INFO - background_updates-0 - Starting update batch on background update 'event_auth_chain_links_origin_index'
2025-03-26 18:18:08,582 - synapse.storage.background_updates - 870 - INFO - background_updates-0 - Adding index event_auth_chain_links_origin_index to event_auth_chain_links
2025-03-26 18:18:08,611 - synapse.storage.background_updates - 621 - INFO - background_updates-0 - Running background update 'event_auth_chain_links_origin_index'. Processed 1 items in 29ms. (total_rate=0.034482758620689655/ms, current_rate=0.034482758620689655/ms, total_updated=1, batch_size=100)
2025-03-26 18:18:09,615 - synapse.storage.background_updates - 578 - INFO - background_updates-0 - Starting update batch on background update 'access_tokens_refresh_token_id_idx'
2025-03-26 18:18:09,617 - synapse.storage.background_updates - 870 - INFO - background_updates-0 - Adding index access_tokens_refresh_token_id_idx to access_tokens
2025-03-26 18:18:09,630 - synapse.storage.databases.main.event_push_actions - 1396 - INFO - rotate_notifs-0 - Rotating notifications
2025-03-26 18:18:09,633 - synapse.storage.databases.main.event_push_actions - 1599 - INFO - rotate_notifs-0 - Rotating notifications up to: 1
2025-03-26 18:18:09,636 - synapse.storage.databases.main.event_push_actions - 1685 - INFO - rotate_notifs-0 - Rotating notifications, handling 0 rows
2025-03-26 18:18:09,645 - synapse.storage.databases.main.event_push_actions - 1770 - INFO - rotate_notifs-0 - Rotating notifications, deleted 0 push actions
2025-03-26 18:18:09,650 - synapse.storage.background_updates - 621 - INFO - background_updates-0 - Running background update 'access_tokens_refresh_token_id_idx'. Processed 1 items in 33ms. (total_rate=0.030303030303030304/ms, current_rate=0.030303030303030304/ms, total_updated=1, batch_size=100)
2025-03-26 18:18:09,695 - synapse.util.caches.lrucache - 217 - INFO - LruCache._expire_old_entries-0 - Dropped 0 items from caches
2025-03-26 18:18:10,651 - synapse.storage.background_updates - 578 - INFO - background_updates-0 - Starting update batch on background update 'cleanup_device_federation_outbox'
2025-03-26 18:18:10,663 - synapse.storage.background_updates - 621 - INFO - background_updates-0 - Running background update 'cleanup_device_federation_outbox'. Processed 100 items in 9ms. (total_rate=11.11111111111111/ms, current_rate=11.11111111111111/ms, total_updated=100, batch_size=100)
2025-03-26 18:18:11,666 - synapse.storage.background_updates - 578 - INFO - background_updates-0 - Starting update batch on background update 'receipts_room_id_event_id_index'
2025-03-26 18:18:11,668 - synapse.storage.background_updates - 870 - INFO - background_updates-0 - Adding index receipts_linearized_event_id to receipts_linearized
2025-03-26 18:18:11,700 - synapse.storage.background_updates - 621 - INFO - background_updates-0 - Running background update 'receipts_room_id_event_id_index'. Processed 1 items in 32ms. (total_rate=0.03125/ms, current_rate=0.03125/ms, total_updated=1, batch_size=100)
2025-03-26 18:18:12,703 - synapse.storage.background_updates - 578 - INFO - background_updates-0 - Starting update batch on background update 'current_state_events_members_room_index'
2025-03-26 18:18:12,704 - synapse.storage.background_updates - 870 - INFO - background_updates-0 - Adding index current_state_events_members_room_index to current_state_events
2025-03-26 18:18:12,731 - synapse.storage.background_updates - 621 - INFO - background_updates-0 - Running background update 'current_state_events_members_room_index'. Processed 1 items in 27ms. (total_rate=0.037037037037037035/ms, current_rate=0.037037037037037035/ms, total_updated=1, batch_size=100)
2025-03-26 18:18:12,732 - synapse.storage.background_updates - 546 - INFO - background_updates-0 - Not starting on bg update sliding_sync_joined_rooms_bg_update until sliding_sync_prefill_joined_rooms_to_recalculate_table_bg_update is done
2025-03-26 18:18:13,733 - synapse.storage.background_updates - 578 - INFO - background_updates-0 - Starting update batch on background update 'sliding_sync_membership_snapshots_bg_update'
2025-03-26 18:18:13,761 - synapse.storage.background_updates - 621 - INFO - background_updates-0 - Running background update 'sliding_sync_membership_snapshots_bg_update'. Processed 0 items in 20ms. (total_rate=None/ms, current_rate=None/ms, total_updated=0, batch_size=100)
2025-03-26 18:18:14,762 - synapse.storage.background_updates - 578 - INFO - background_updates-0 - Starting update batch on background update 'sliding_sync_membership_snapshots_bg_update'
2025-03-26 18:18:14,777 - synapse.storage.background_updates - 621 - INFO - background_updates-0 - Running background update 'sliding_sync_membership_snapshots_bg_update'. Processed 0 items in 11ms. (total_rate=None/ms, current_rate=None/ms, total_updated=0, batch_size=100)
2025-03-26 18:18:14,779 - synapse.storage.background_updates - 546 - INFO - background_updates-0 - Not starting on bg update sliding_sync_joined_rooms_bg_update until sliding_sync_prefill_joined_rooms_to_recalculate_table_bg_update is done
2025-03-26 18:18:15,780 - synapse.storage.background_updates - 578 - INFO - background_updates-0 - Starting update batch on background update 'sliding_sync_prefill_joined_rooms_to_recalculate_table_bg_update'
2025-03-26 18:18:15,794 - synapse.storage.background_updates - 621 - INFO - background_updates-0 - Running background update 'sliding_sync_prefill_joined_rooms_to_recalculate_table_bg_update'. Processed 0 items in 11ms. (total_rate=None/ms, current_rate=None/ms, total_updated=0, batch_size=100)
2025-03-26 18:18:16,797 - synapse.storage.background_updates - 578 - INFO - background_updates-0 - Starting update batch on background update 'sliding_sync_joined_rooms_bg_update'
2025-03-26 18:18:16,809 - synapse.storage.background_updates - 621 - INFO - background_updates-0 - Running background update 'sliding_sync_joined_rooms_bg_update'. Processed 0 items in 9ms. (total_rate=None/ms, current_rate=None/ms, total_updated=0, batch_size=100)
2025-03-26 18:18:17,812 - synapse.storage.background_updates - 578 - INFO - background_updates-0 - Starting update batch on background update 'sliding_sync_membership_snapshots_fix_forgotten_column_bg_update'
2025-03-26 18:18:17,824 - synapse.storage.background_updates - 621 - INFO - background_updates-0 - Running background update 'sliding_sync_membership_snapshots_fix_forgotten_column_bg_update'. Processed 0 items in 10ms. (total_rate=None/ms, current_rate=None/ms, total_updated=0, batch_size=100)
2025-03-26 18:18:18,827 - synapse.storage.background_updates - 578 - INFO - background_updates-0 - Starting update batch on background update 'add_otk_ts_added_index'
2025-03-26 18:18:18,830 - synapse.storage.background_updates - 870 - INFO - background_updates-0 - Adding index e2e_one_time_keys_json_user_id_device_id_algorithm_ts_added_idx to e2e_one_time_keys_json
2025-03-26 18:18:18,861 - synapse.storage.background_updates - 621 - INFO - background_updates-0 - Running background update 'add_otk_ts_added_index'. Processed 1 items in 31ms. (total_rate=0.03225806451612903/ms, current_rate=0.03225806451612903/ms, total_updated=1, batch_size=100)
2025-03-26 18:18:19,864 - synapse.storage.background_updates - 578 - INFO - background_updates-0 - Starting update batch on background update 'current_state_delta_stream_room_index'
2025-03-26 18:18:19,868 - synapse.storage.background_updates - 870 - INFO - background_updates-0 - Adding index current_state_delta_stream_room_idx to current_state_delta_stream
2025-03-26 18:18:19,893 - synapse.storage.background_updates - 621 - INFO - background_updates-0 - Running background update 'current_state_delta_stream_room_index'. Processed 1 items in 24ms. (total_rate=0.041666666666666664/ms, current_rate=0.041666666666666664/ms, total_updated=1, batch_size=100)
2025-03-26 18:18:20,895 - synapse.storage.background_updates - 578 - INFO - background_updates-0 - Starting update batch on background update 'sliding_sync_connection_room_configs_required_state_id_idx'
2025-03-26 18:18:20,897 - synapse.storage.background_updates - 870 - INFO - background_updates-0 - Adding index sliding_sync_connection_room_configs_required_state_id_idx to sliding_sync_connection_room_configs
2025-03-26 18:18:20,921 - synapse.storage.background_updates - 621 - INFO - background_updates-0 - Running background update 'sliding_sync_connection_room_configs_required_state_id_idx'. Processed 1 items in 24ms. (total_rate=0.041666666666666664/ms, current_rate=0.041666666666666664/ms, total_updated=1, batch_size=100)
2025-03-26 18:18:21,924 - synapse.storage.background_updates - 578 - INFO - background_updates-0 - Starting update batch on background update 'events_received_ts_index'
2025-03-26 18:18:21,925 - synapse.storage.background_updates - 870 - INFO - background_updates-0 - Adding index received_ts_idx to events
2025-03-26 18:18:21,951 - synapse.storage.background_updates - 621 - INFO - background_updates-0 - Running background update 'events_received_ts_index'. Processed 1 items in 26ms. (total_rate=0.038461538461538464/ms, current_rate=0.038461538461538464/ms, total_updated=1, batch_size=100)
2025-03-26 18:18:21,952 - synapse.storage.background_updates - 428 - INFO - background_updates-0 - No more background updates to do. Unscheduling background update task.
2025-03-26 18:18:34,727 - synapse.access.http.8008 - 508 - INFO - GET-0 - 10.89.0.1 - 8008 - {None} Processed request: 0.000sec/-0.000sec (0.000sec, 0.000sec) (0.000sec/0.000sec/0) 208B 302 "GET / HTTP/1.1" "Mozilla/5.0 (Windows NT 10.0; Win64; x64) AppleWebKit/537.36 (KHTML, like Gecko) Chrome/134.0.0.0 Safari/537.36" [0 dbevts]
2025-03-26 18:18:34,736 - synapse.access.http.8008 - 508 - INFO - GET-1 - 10.89.0.1 - 8008 - {None} Processed request: 0.001sec/-0.000sec (0.000sec, 0.000sec) (0.000sec/0.000sec/0) 210B 302 "GET /_matrix/static HTTP/1.1" "Mozilla/5.0 (Windows NT 10.0; Win64; x64) AppleWebKit/537.36 (KHTML, like Gecko) Chrome/134.0.0.0 Safari/537.36" [0 dbevts]
2025-03-26 18:18:34,744 - synapse.access.http.8008 - 508 - INFO - GET-2 - 10.89.0.1 - 8008 - {None} Processed request: 0.001sec/-0.000sec (0.000sec, 0.000sec) (0.000sec/0.000sec/0) 10145B 200 "GET /_matrix/static/ HTTP/1.1" "Mozilla/5.0 (Windows NT 10.0; Win64; x64) AppleWebKit/537.36 (KHTML, like Gecko) Chrome/134.0.0.0 Safari/537.36" [0 dbevts]
2025-03-26 18:18:39,629 - synapse.storage.databases.main.event_push_actions - 1396 - INFO - rotate_notifs-1 - Rotating notifications
2025-03-26 18:18:39,632 - synapse.storage.databases.main.event_push_actions - 1599 - INFO - rotate_notifs-1 - Rotating notifications up to: 1
2025-03-26 18:18:39,634 - synapse.storage.databases.main.event_push_actions - 1685 - INFO - rotate_notifs-1 - Rotating notifications, handling 0 rows
2025-03-26 18:18:39,645 - synapse.storage.databases.main.event_push_actions - 1770 - INFO - rotate_notifs-1 - Rotating notifications, deleted 0 push actions
2025-03-26 18:18:39,687 - synapse.util.task_scheduler - 383 - INFO - task-delete_old_otks-0-delete_old_otks_task - Task complete: 0.008sec (0.001sec, 0.000sec) (0.001sec/0.006sec/2) [0 dbevts] None, None
2025-03-26 18:18:39,695 - synapse.util.caches.lrucache - 217 - INFO - LruCache._expire_old_entries-1 - Dropped 0 items from caches
2025-03-26 18:19:09,632 - synapse.storage.databases.main.event_push_actions - 1396 - INFO - rotate_notifs-2 - Rotating notifications
2025-03-26 18:19:09,636 - synapse.storage.databases.main.event_push_actions - 1599 - INFO - rotate_notifs-2 - Rotating notifications up to: 1
2025-03-26 18:19:09,639 - synapse.storage.databases.main.event_push_actions - 1685 - INFO - rotate_notifs-2 - Rotating notifications, handling 0 rows
2025-03-26 18:19:09,649 - synapse.storage.databases.main.event_push_actions - 1770 - INFO - rotate_notifs-2 - Rotating notifications, deleted 0 push actions
2025-03-26 18:19:09,696 - synapse.util.caches.lrucache - 217 - INFO - LruCache._expire_old_entries-2 - Dropped 0 items from caches
2025-03-26 18:19:39,627 - synapse.storage.databases.main.event_push_actions - 1396 - INFO - rotate_notifs-3 - Rotating notifications
2025-03-26 18:19:39,628 - synapse.storage.databases.main.event_push_actions - 1599 - INFO - rotate_notifs-3 - Rotating notifications up to: 1
2025-03-26 18:19:39,629 - synapse.storage.databases.main.event_push_actions - 1685 - INFO - rotate_notifs-3 - Rotating notifications, handling 0 rows
2025-03-26 18:19:39,635 - synapse.storage.databases.main.event_push_actions - 1770 - INFO - rotate_notifs-3 - Rotating notifications, deleted 0 push actions
2025-03-26 18:19:39,696 - synapse.util.caches.lrucache - 217 - INFO - LruCache._expire_old_entries-3 - Dropped 0 items from caches
2025-03-26 18:20:09,632 - synapse.storage.databases.main.event_push_actions - 1396 - INFO - rotate_notifs-4 - Rotating notifications
2025-03-26 18:20:09,634 - synapse.storage.databases.main.event_push_actions - 1599 - INFO - rotate_notifs-4 - Rotating notifications up to: 1
2025-03-26 18:20:09,635 - synapse.storage.databases.main.event_push_actions - 1685 - INFO - rotate_notifs-4 - Rotating notifications, handling 0 rows
2025-03-26 18:20:09,643 - synapse.storage.databases.main.event_push_actions - 1770 - INFO - rotate_notifs-4 - Rotating notifications, deleted 0 push actions
2025-03-26 18:20:09,696 - synapse.util.caches.lrucache - 217 - INFO - LruCache._expire_old_entries-4 - Dropped 0 items from caches
2025-03-26 18:20:39,632 - synapse.storage.databases.main.event_push_actions - 1396 - INFO - rotate_notifs-5 - Rotating notifications
2025-03-26 18:20:39,634 - synapse.storage.databases.main.event_push_actions - 1599 - INFO - rotate_notifs-5 - Rotating notifications up to: 1
2025-03-26 18:20:39,637 - synapse.storage.databases.main.event_push_actions - 1685 - INFO - rotate_notifs-5 - Rotating notifications, handling 0 rows
2025-03-26 18:20:39,646 - synapse.storage.databases.main.event_push_actions - 1770 - INFO - rotate_notifs-5 - Rotating notifications, deleted 0 push actions
2025-03-26 18:20:39,696 - synapse.util.caches.lrucache - 217 - INFO - LruCache._expire_old_entries-5 - Dropped 0 items from caches
2025-03-26 18:21:09,629 - synapse.storage.databases.main.event_push_actions - 1396 - INFO - rotate_notifs-6 - Rotating notifications
2025-03-26 18:21:09,632 - synapse.storage.databases.main.event_push_actions - 1599 - INFO - rotate_notifs-6 - Rotating notifications up to: 1
2025-03-26 18:21:09,636 - synapse.storage.databases.main.event_push_actions - 1685 - INFO - rotate_notifs-6 - Rotating notifications, handling 0 rows
2025-03-26 18:21:09,646 - synapse.storage.databases.main.event_push_actions - 1770 - INFO - rotate_notifs-6 - Rotating notifications, deleted 0 push actions
2025-03-26 18:21:09,695 - synapse.util.caches.lrucache - 217 - INFO - LruCache._expire_old_entries-6 - Dropped 0 items from caches
2025-03-26 18:21:11,533 - synapse.access.http.8008 - 508 - INFO - GET-4 - 10.89.0.1 - 8008 - {None} Processed request: 0.002sec/0.001sec (0.001sec, 0.000sec) (0.000sec/0.000sec/0) 1036B 200 "GET /_matrix/client/versions HTTP/1.1" "Mozilla/5.0 (Windows NT 10.0; Win64; x64) AppleWebKit/537.36 (KHTML, like Gecko) Chrome/134.0.0.0 Safari/537.36" [0 dbevts]
2025-03-26 18:21:11,544 - synapse.http.server - 130 - INFO - GET-6 - <XForwardedForRequest at 0x7f2f65cc8200 method='GET' uri='/_matrix/client/unstable/org.matrix.msc2965/auth_metadata' clientproto='HTTP/1.1' site='8008'> SynapseError: 404 - Unrecognized request
2025-03-26 18:21:11,545 - synapse.access.http.8008 - 508 - INFO - GET-6 - 10.89.0.1 - 8008 - {None} Processed request: 0.001sec/0.001sec (0.001sec, 0.000sec) (0.000sec/0.000sec/0) 59B 404 "GET /_matrix/client/unstable/org.matrix.msc2965/auth_metadata HTTP/1.1" "Mozilla/5.0 (Windows NT 10.0; Win64; x64) AppleWebKit/537.36 (KHTML, like Gecko) Chrome/134.0.0.0 Safari/537.36" [0 dbevts]
2025-03-26 18:21:11,555 - synapse.http.server - 130 - INFO - GET-8 - <XForwardedForRequest at 0x7f2f65d32ab0 method='GET' uri='/_matrix/client/unstable/org.matrix.msc2965/auth_issuer' clientproto='HTTP/1.1' site='8008'> SynapseError: 404 - Unrecognized request
2025-03-26 18:21:11,556 - synapse.access.http.8008 - 508 - INFO - GET-8 - 10.89.0.1 - 8008 - {None} Processed request: 0.001sec/0.001sec (0.000sec, 0.000sec) (0.000sec/0.000sec/0) 59B 404 "GET /_matrix/client/unstable/org.matrix.msc2965/auth_issuer HTTP/1.1" "Mozilla/5.0 (Windows NT 10.0; Win64; x64) AppleWebKit/537.36 (KHTML, like Gecko) Chrome/134.0.0.0 Safari/537.36" [0 dbevts]
2025-03-26 18:21:11,570 - synapse.access.http.8008 - 508 - INFO - GET-9 - 10.89.0.1 - 8008 - {None} Processed request: 0.000sec/0.001sec (0.000sec, 0.000sec) (0.000sec/0.000sec/0) 1036B 200 "GET /_matrix/client/versions HTTP/1.1" "Mozilla/5.0 (Windows NT 10.0; Win64; x64) AppleWebKit/537.36 (KHTML, like Gecko) Chrome/134.0.0.0 Safari/537.36" [0 dbevts]
2025-03-26 18:21:12,686 - synapse.http.server - 130 - INFO - GET-11 - <XForwardedForRequest at 0x7f2f65d0a180 method='GET' uri='/_matrix/client/unstable/org.matrix.msc2965/auth_metadata' clientproto='HTTP/1.1' site='8008'> SynapseError: 404 - Unrecognized request
2025-03-26 18:21:12,687 - synapse.access.http.8008 - 508 - INFO - GET-11 - 10.89.0.1 - 8008 - {None} Processed request: 0.001sec/0.001sec (0.000sec, 0.000sec) (0.000sec/0.000sec/0) 59B 404 "GET /_matrix/client/unstable/org.matrix.msc2965/auth_metadata HTTP/1.1" "Mozilla/5.0 (Windows NT 10.0; Win64; x64) AppleWebKit/537.36 (KHTML, like Gecko) Chrome/134.0.0.0 Safari/537.36" [0 dbevts]
2025-03-26 18:21:12,701 - synapse.http.server - 130 - INFO - GET-13 - <XForwardedForRequest at 0x7f2f65d2fef0 method='GET' uri='/_matrix/client/unstable/org.matrix.msc2965/auth_issuer' clientproto='HTTP/1.1' site='8008'> SynapseError: 404 - Unrecognized request
2025-03-26 18:21:12,703 - synapse.access.http.8008 - 508 - INFO - GET-13 - 10.89.0.1 - 8008 - {None} Processed request: 0.001sec/0.001sec (0.000sec, 0.000sec) (0.000sec/0.000sec/0) 59B 404 "GET /_matrix/client/unstable/org.matrix.msc2965/auth_issuer HTTP/1.1" "Mozilla/5.0 (Windows NT 10.0; Win64; x64) AppleWebKit/537.36 (KHTML, like Gecko) Chrome/134.0.0.0 Safari/537.36" [0 dbevts]
2025-03-26 18:21:12,720 - synapse.access.http.8008 - 508 - INFO - GET-15 - 10.89.0.1 - 8008 - {None} Processed request: 0.000sec/0.001sec (0.000sec, 0.000sec) (0.000sec/0.000sec/0) 78B 200 "GET /_matrix/client/v3/login HTTP/1.1" "Mozilla/5.0 (Windows NT 10.0; Win64; x64) AppleWebKit/537.36 (KHTML, like Gecko) Chrome/134.0.0.0 Safari/537.36" [0 dbevts]
2025-03-26 18:21:39,626 - synapse.storage.databases.main.event_push_actions - 1396 - INFO - rotate_notifs-7 - Rotating notifications
2025-03-26 18:21:39,627 - synapse.storage.databases.main.event_push_actions - 1599 - INFO - rotate_notifs-7 - Rotating notifications up to: 1
2025-03-26 18:21:39,628 - synapse.storage.databases.main.event_push_actions - 1685 - INFO - rotate_notifs-7 - Rotating notifications, handling 0 rows
2025-03-26 18:21:39,634 - synapse.storage.databases.main.event_push_actions - 1770 - INFO - rotate_notifs-7 - Rotating notifications, deleted 0 push actions
2025-03-26 18:21:39,695 - synapse.util.caches.lrucache - 217 - INFO - LruCache._expire_old_entries-7 - Dropped 0 items from caches
2025-03-26 18:22:09,629 - synapse.storage.databases.main.event_push_actions - 1396 - INFO - rotate_notifs-8 - Rotating notifications
2025-03-26 18:22:09,632 - synapse.storage.databases.main.event_push_actions - 1599 - INFO - rotate_notifs-8 - Rotating notifications up to: 1
2025-03-26 18:22:09,634 - synapse.storage.databases.main.event_push_actions - 1685 - INFO - rotate_notifs-8 - Rotating notifications, handling 0 rows
2025-03-26 18:22:09,642 - synapse.storage.databases.main.event_push_actions - 1770 - INFO - rotate_notifs-8 - Rotating notifications, deleted 0 push actions
2025-03-26 18:22:09,696 - synapse.util.caches.lrucache - 217 - INFO - LruCache._expire_old_entries-8 - Dropped 0 items from caches
2025-03-26 18:22:12,721 - twisted - 279 - INFO - sentinel - Timing out client: IPv6Address(type='TCP', host='::ffff:10.89.0.206', port=39434, flowInfo=0, scopeID=0)
2025-03-26 18:22:39,627 - synapse.storage.databases.main.event_push_actions - 1396 - INFO - rotate_notifs-9 - Rotating notifications
2025-03-26 18:22:39,628 - synapse.storage.databases.main.event_push_actions - 1599 - INFO - rotate_notifs-9 - Rotating notifications up to: 1
2025-03-26 18:22:39,630 - synapse.storage.databases.main.event_push_actions - 1685 - INFO - rotate_notifs-9 - Rotating notifications, handling 0 rows
2025-03-26 18:22:39,637 - synapse.storage.databases.main.event_push_actions - 1770 - INFO - rotate_notifs-9 - Rotating notifications, deleted 0 push actions
2025-03-26 18:22:39,696 - synapse.util.caches.lrucache - 217 - INFO - LruCache._expire_old_entries-9 - Dropped 0 items from caches
2025-03-26 18:22:39,718 - synapse.app.homeserver - 71 - INFO - phone_stats_home-0 - Gathering stats for reporting
2025-03-26 18:22:39,719 - synapse.storage.databases.main.metrics - 399 - INFO - generate_user_daily_visits-0 - Calling _generate_user_daily_visits
2025-03-26 18:22:39,749 - synapse.app.homeserver - 159 - INFO - phone_stats_home-0 - Reporting stats to https://matrix.org/report-usage-stats/push: {'memory_rss': 230776, 'cpu_average': 0, 'homeserver': 'matrix.localhost', 'server_context': None, 'timestamp': 1743013359, 'uptime_seconds': 305, 'python_version': '3.12.9', 'total_users': 0, 'total_nonbridged_users': 0, 'daily_user_type_native': 0, 'daily_user_type_guest': 0, 'daily_user_type_bridged': 0, 'total_room_count': 0, 'daily_active_users': 0, 'monthly_active_users': 0, 'daily_active_e2ee_rooms': 0, 'daily_e2ee_messages': 0, 'daily_sent_e2ee_messages': 0, 'daily_active_rooms': 0, 'daily_messages': 0, 'daily_sent_messages': 0, 'r30v2_users_ios': 0, 'r30v2_users_android': 0, 'r30v2_users_web': 0, 'r30v2_users_electron': 0, 'r30v2_users_all': 0, 'cache_factor': 0.5, 'event_cache_size': 10240, 'database_engine': 'psycopg2', 'database_server_version': '15.12', 'log_level': 'INFO'}
2025-03-26 18:22:40,272 - synapse.http.client - 451 - INFO - phone_stats_home-0 - Error sending request to  PUT https://matrix.org/report-usage-stats/push: RequestTransmissionFailed [<twisted.python.failure.Failure OpenSSL.SSL.Error: [('system library', '', ''), ('system library', '', ''), ('system library', '', ''), ('system library', '', ''), ('system library', '', ''), ('SSL routines', '', 'certificate verify failed')]>]
2025-03-26 18:22:40,272 - synapse.app.homeserver - 167 - WARNING - phone_stats_home-0 - Error reporting stats: [<twisted.python.failure.Failure OpenSSL.SSL.Error: [('system library', '', ''), ('system library', '', ''), ('system library', '', ''), ('system library', '', ''), ('system library', '', ''), ('SSL routines', '', 'certificate verify failed')]>]
2025-03-26 18:23:09,627 - synapse.storage.databases.main.event_push_actions - 1396 - INFO - rotate_notifs-10 - Rotating notifications
2025-03-26 18:23:09,628 - synapse.storage.databases.main.event_push_actions - 1599 - INFO - rotate_notifs-10 - Rotating notifications up to: 1
2025-03-26 18:23:09,630 - synapse.storage.databases.main.event_push_actions - 1685 - INFO - rotate_notifs-10 - Rotating notifications, handling 0 rows
2025-03-26 18:23:09,636 - synapse.storage.databases.main.event_push_actions - 1770 - INFO - rotate_notifs-10 - Rotating notifications, deleted 0 push actions
2025-03-26 18:23:09,695 - synapse.util.caches.lrucache - 217 - INFO - LruCache._expire_old_entries-10 - Dropped 0 items from caches
2025-03-26 18:23:39,632 - synapse.storage.databases.main.event_push_actions - 1396 - INFO - rotate_notifs-11 - Rotating notifications
2025-03-26 18:23:39,634 - synapse.storage.databases.main.event_push_actions - 1599 - INFO - rotate_notifs-11 - Rotating notifications up to: 1
2025-03-26 18:23:39,637 - synapse.storage.databases.main.event_push_actions - 1685 - INFO - rotate_notifs-11 - Rotating notifications, handling 0 rows
2025-03-26 18:23:39,647 - synapse.storage.databases.main.event_push_actions - 1770 - INFO - rotate_notifs-11 - Rotating notifications, deleted 0 push actions
2025-03-26 18:23:39,695 - synapse.util.caches.lrucache - 217 - INFO - LruCache._expire_old_entries-11 - Dropped 0 items from caches
2025-03-26 18:24:09,626 - synapse.storage.databases.main.event_push_actions - 1396 - INFO - rotate_notifs-12 - Rotating notifications
2025-03-26 18:24:09,627 - synapse.storage.databases.main.event_push_actions - 1599 - INFO - rotate_notifs-12 - Rotating notifications up to: 1
2025-03-26 18:24:09,628 - synapse.storage.databases.main.event_push_actions - 1685 - INFO - rotate_notifs-12 - Rotating notifications, handling 0 rows
2025-03-26 18:24:09,633 - synapse.storage.databases.main.event_push_actions - 1770 - INFO - rotate_notifs-12 - Rotating notifications, deleted 0 push actions
2025-03-26 18:24:09,696 - synapse.util.caches.lrucache - 217 - INFO - LruCache._expire_old_entries-12 - Dropped 0 items from caches
2025-03-26 18:24:39,629 - synapse.storage.databases.main.event_push_actions - 1396 - INFO - rotate_notifs-13 - Rotating notifications
2025-03-26 18:24:39,630 - synapse.storage.databases.main.event_push_actions - 1599 - INFO - rotate_notifs-13 - Rotating notifications up to: 1
2025-03-26 18:24:39,633 - synapse.storage.databases.main.event_push_actions - 1685 - INFO - rotate_notifs-13 - Rotating notifications, handling 0 rows
2025-03-26 18:24:39,641 - synapse.storage.databases.main.event_push_actions - 1770 - INFO - rotate_notifs-13 - Rotating notifications, deleted 0 push actions
2025-03-26 18:24:39,696 - synapse.util.caches.lrucache - 217 - INFO - LruCache._expire_old_entries-13 - Dropped 0 items from caches
2025-03-26 18:25:09,629 - synapse.storage.databases.main.event_push_actions - 1396 - INFO - rotate_notifs-14 - Rotating notifications
2025-03-26 18:25:09,631 - synapse.storage.databases.main.event_push_actions - 1599 - INFO - rotate_notifs-14 - Rotating notifications up to: 1
2025-03-26 18:25:09,635 - synapse.storage.databases.main.event_push_actions - 1685 - INFO - rotate_notifs-14 - Rotating notifications, handling 0 rows
2025-03-26 18:25:09,643 - synapse.storage.databases.main.event_push_actions - 1770 - INFO - rotate_notifs-14 - Rotating notifications, deleted 0 push actions
2025-03-26 18:25:09,695 - synapse.util.caches.lrucache - 217 - INFO - LruCache._expire_old_entries-14 - Dropped 0 items from caches
2025-03-26 18:25:39,627 - synapse.storage.databases.main.event_push_actions - 1396 - INFO - rotate_notifs-15 - Rotating notifications
2025-03-26 18:25:39,628 - synapse.storage.databases.main.event_push_actions - 1599 - INFO - rotate_notifs-15 - Rotating notifications up to: 1
2025-03-26 18:25:39,629 - synapse.storage.databases.main.event_push_actions - 1685 - INFO - rotate_notifs-15 - Rotating notifications, handling 0 rows
2025-03-26 18:25:39,634 - synapse.storage.databases.main.event_push_actions - 1770 - INFO - rotate_notifs-15 - Rotating notifications, deleted 0 push actions
2025-03-26 18:25:39,696 - synapse.util.caches.lrucache - 217 - INFO - LruCache._expire_old_entries-15 - Dropped 0 items from caches
2025-03-26 18:26:09,627 - synapse.storage.databases.main.event_push_actions - 1396 - INFO - rotate_notifs-16 - Rotating notifications
2025-03-26 18:26:09,629 - synapse.storage.databases.main.event_push_actions - 1599 - INFO - rotate_notifs-16 - Rotating notifications up to: 1
2025-03-26 18:26:09,630 - synapse.storage.databases.main.event_push_actions - 1685 - INFO - rotate_notifs-16 - Rotating notifications, handling 0 rows
2025-03-26 18:26:09,637 - synapse.storage.databases.main.event_push_actions - 1770 - INFO - rotate_notifs-16 - Rotating notifications, deleted 0 push actions
2025-03-26 18:26:09,695 - synapse.util.caches.lrucache - 217 - INFO - LruCache._expire_old_entries-16 - Dropped 0 items from caches
2025-03-26 18:26:39,629 - synapse.storage.databases.main.event_push_actions - 1396 - INFO - rotate_notifs-17 - Rotating notifications
2025-03-26 18:26:39,630 - synapse.storage.databases.main.event_push_actions - 1599 - INFO - rotate_notifs-17 - Rotating notifications up to: 1
2025-03-26 18:26:39,631 - synapse.storage.databases.main.event_push_actions - 1685 - INFO - rotate_notifs-17 - Rotating notifications, handling 0 rows
2025-03-26 18:26:39,637 - synapse.storage.databases.main.event_push_actions - 1770 - INFO - rotate_notifs-17 - Rotating notifications, deleted 0 push actions
2025-03-26 18:26:39,696 - synapse.util.caches.lrucache - 217 - INFO - LruCache._expire_old_entries-17 - Dropped 0 items from caches
2025-03-26 18:26:52,213 - synapse.access.http.8008 - 508 - INFO - GET-16 - ::ffff:127.0.0.1 - 8008 - {None} Processed request: 0.000sec/0.000sec (0.000sec, 0.000sec) (0.000sec/0.000sec/0) 140B 200 "GET /_synapse/admin/v1/register HTTP/1.1" "python-requests/2.32.2" [0 dbevts]
2025-03-26 18:26:52,373 - synapse.metrics._gc - 127 - INFO - sentinel - Collecting gc 1
2025-03-26 18:26:52,483 - synapse.handlers.auth - 1004 - INFO - POST-17 - Logging in user @admincjw:matrix.localhost on device GTXVRZCRCB
2025-03-26 18:26:52,493 - synapse.access.http.8008 - 508 - INFO - POST-17 - ::ffff:127.0.0.1 - 8008 - {None} Processed request: 0.277sec/0.000sec (0.221sec, 0.001sec) (0.004sec/0.046sec/13) 159B 200 "POST /_synapse/admin/v1/register HTTP/1.1" "python-requests/2.32.2" [0 dbevts]
2025-03-26 18:27:09,034 - synapse.rest.client.login - 340 - INFO - POST-19 - Got login request with identifier: {'type': 'm.id.user', 'user': 'admincjw'}, medium: None, address: None, user: None
2025-03-26 18:27:09,266 - synapse.handlers.auth - 1004 - INFO - POST-19 - Logging in user @admincjw:matrix.localhost on device BPSDOUVDGT
2025-03-26 18:27:09,273 - synapse.access.http.8008 - 508 - INFO - POST-19 - 10.89.0.1 - 8008 - {None} Processed request: 0.239sec/0.001sec (0.201sec, 0.010sec) (0.002sec/0.020sec/7) 159B 200 "POST /_matrix/client/v3/login HTTP/1.1" "Mozilla/5.0 (Windows NT 10.0; Win64; x64) AppleWebKit/537.36 (KHTML, like Gecko) Chrome/134.0.0.0 Safari/537.36" [0 dbevts]
2025-03-26 18:27:09,471 - synapse.access.http.8008 - 508 - INFO - GET-21 - 10.89.0.1 - 8008 - {@admincjw:matrix.localhost} Processed request: 0.012sec/0.001sec (0.001sec, 0.000sec) (0.001sec/0.007sec/3) 2B 200 "GET /_matrix/client/v3/thirdparty/protocols HTTP/1.1" "Mozilla/5.0 (Windows NT 10.0; Win64; x64) AppleWebKit/537.36 (KHTML, like Gecko) Chrome/134.0.0.0 Safari/537.36" [0 dbevts]
2025-03-26 18:27:09,626 - synapse.storage.databases.main.event_push_actions - 1396 - INFO - rotate_notifs-18 - Rotating notifications
2025-03-26 18:27:09,627 - synapse.storage.databases.main.event_push_actions - 1599 - INFO - rotate_notifs-18 - Rotating notifications up to: 1
2025-03-26 18:27:09,629 - synapse.storage.databases.main.event_push_actions - 1685 - INFO - rotate_notifs-18 - Rotating notifications, handling 0 rows
2025-03-26 18:27:09,636 - synapse.storage.databases.main.event_push_actions - 1770 - INFO - rotate_notifs-18 - Rotating notifications, deleted 0 push actions
2025-03-26 18:27:09,695 - synapse.util.caches.lrucache - 217 - INFO - LruCache._expire_old_entries-18 - Dropped 0 items from caches
2025-03-26 18:27:10,434 - synapse.http.server - 130 - INFO - GET-23 - <XForwardedForRequest at 0x7f2f65cc45c0 method='GET' uri='/_matrix/client/v3/room_keys/version' clientproto='HTTP/1.1' site='8008'> SynapseError: 404 - No backup found
2025-03-26 18:27:10,435 - synapse.access.http.8008 - 508 - INFO - GET-23 - 10.89.0.1 - 8008 - {@admincjw:matrix.localhost} Processed request: 0.004sec/0.000sec (0.000sec, 0.000sec) (0.000sec/0.001sec/1) 51B 404 "GET /_matrix/client/v3/room_keys/version HTTP/1.1" "Mozilla/5.0 (Windows NT 10.0; Win64; x64) AppleWebKit/537.36 (KHTML, like Gecko) Chrome/134.0.0.0 Safari/537.36" [0 dbevts]
2025-03-26 18:27:10,469 - synapse.http.server - 130 - INFO - GET-25 - <XForwardedForRequest at 0x7f2f65cb68d0 method='GET' uri='/_matrix/client/unstable/org.matrix.msc3814.v1/dehydrated_device' clientproto='HTTP/1.1' site='8008'> SynapseError: 404 - Unrecognized request
2025-03-26 18:27:10,470 - synapse.access.http.8008 - 508 - INFO - GET-25 - 10.89.0.1 - 8008 - {None} Processed request: 0.001sec/0.000sec (0.000sec, 0.000sec) (0.000sec/0.000sec/0) 59B 404 "GET /_matrix/client/unstable/org.matrix.msc3814.v1/dehydrated_device HTTP/1.1" "Mozilla/5.0 (Windows NT 10.0; Win64; x64) AppleWebKit/537.36 (KHTML, like Gecko) Chrome/134.0.0.0 Safari/537.36" [0 dbevts]
2025-03-26 18:27:10,483 - synapse.access.http.8008 - 508 - INFO - GET-28 - 10.89.0.1 - 8008 - {@admincjw:matrix.localhost} Processed request: 0.003sec/0.000sec (0.001sec, 0.000sec) (0.000sec/0.001sec/1) 1036B 200 "GET /_matrix/client/versions HTTP/1.1" "Mozilla/5.0 (Windows NT 10.0; Win64; x64) AppleWebKit/537.36 (KHTML, like Gecko) Chrome/134.0.0.0 Safari/537.36" [0 dbevts]
2025-03-26 18:27:10,485 - synapse.access.http.8008 - 508 - INFO - GET-29 - 10.89.0.1 - 8008 - {@admincjw:matrix.localhost} Processed request: 0.000sec/0.000sec (0.000sec, 0.000sec) (0.000sec/0.000sec/0) 2B 200 "GET /_matrix/client/v3/voip/turnServer HTTP/1.1" "Mozilla/5.0 (Windows NT 10.0; Win64; x64) AppleWebKit/537.36 (KHTML, like Gecko) Chrome/134.0.0.0 Safari/537.36" [0 dbevts]
2025-03-26 18:27:10,497 - synapse.http.server - 130 - INFO - GET-36 - <XForwardedForRequest at 0x7f2f64f329f0 method='GET' uri='/.well-known/matrix/client' clientproto='HTTP/1.1' site='8008'> SynapseError: 404 - .well-known not available
2025-03-26 18:27:10,498 - synapse.access.http.8008 - 508 - INFO - GET-36 - 10.89.0.1 - 8008 - {None} Processed request: 0.000sec/0.001sec (0.000sec, 0.000sec) (0.000sec/0.000sec/0) 61B 404 "GET /.well-known/matrix/client HTTP/1.1" "Mozilla/5.0 (Windows NT 10.0; Win64; x64) AppleWebKit/537.36 (KHTML, like Gecko) Chrome/134.0.0.0 Safari/537.36" [0 dbevts]
2025-03-26 18:27:10,501 - synapse.access.http.8008 - 508 - INFO - GET-37 - 10.89.0.1 - 8008 - {@admincjw:matrix.localhost} Processed request: 0.000sec/0.001sec (0.000sec, 0.000sec) (0.000sec/0.000sec/0) 722B 200 "GET /_matrix/client/v3/capabilities HTTP/1.1" "Mozilla/5.0 (Windows NT 10.0; Win64; x64) AppleWebKit/537.36 (KHTML, like Gecko) Chrome/134.0.0.0 Safari/537.36" [0 dbevts]
2025-03-26 18:27:10,503 - synapse.http.server - 130 - INFO - GET-39 - <XForwardedForRequest at 0x7f2f64f3b740 method='GET' uri='/.well-known/matrix/client' clientproto='HTTP/1.1' site='8008'> SynapseError: 404 - .well-known not available
2025-03-26 18:27:10,509 - synapse.access.http.8008 - 508 - INFO - GET-39 - 10.89.0.1 - 8008 - {None} Processed request: 0.003sec/0.003sec (0.001sec, 0.000sec) (0.000sec/0.000sec/0) 61B 404 "GET /.well-known/matrix/client HTTP/1.1" "Mozilla/5.0 (Windows NT 10.0; Win64; x64) AppleWebKit/537.36 (KHTML, like Gecko) Chrome/134.0.0.0 Safari/537.36" [0 dbevts]
2025-03-26 18:27:10,510 - synapse.access.http.8008 - 508 - INFO - GET-35 - 10.89.0.1 - 8008 - {@admincjw:matrix.localhost} Processed request: 0.013sec/0.002sec (0.002sec, 0.000sec) (0.002sec/0.002sec/2) 4380B 200 "GET /_matrix/client/v3/pushrules/ HTTP/1.1" "Mozilla/5.0 (Windows NT 10.0; Win64; x64) AppleWebKit/537.36 (KHTML, like Gecko) Chrome/134.0.0.0 Safari/537.36" [0 dbevts]
2025-03-26 18:27:10,512 - synapse.access.http.8008 - 508 - INFO - POST-38 - 10.89.0.1 - 8008 - {@admincjw:matrix.localhost} Processed request: 0.010sec/0.000sec (0.001sec, 0.000sec) (0.001sec/0.003sec/3) 126B 200 "POST /_matrix/client/v3/keys/query HTTP/1.1" "Mozilla/5.0 (Windows NT 10.0; Win64; x64) AppleWebKit/537.36 (KHTML, like Gecko) Chrome/134.0.0.0 Safari/537.36" [0 dbevts]
2025-03-26 18:27:10,586 - synapse.access.http.8008 - 508 - INFO - POST-41 - 10.89.0.1 - 8008 - {@admincjw:matrix.localhost} Processed request: 0.011sec/0.001sec (0.001sec, 0.000sec) (0.000sec/0.006sec/1) 17B 200 "POST /_matrix/client/v3/user/%40admincjw%3Amatrix.localhost/filter HTTP/1.1" "Mozilla/5.0 (Windows NT 10.0; Win64; x64) AppleWebKit/537.36 (KHTML, like Gecko) Chrome/134.0.0.0 Safari/537.36" [0 dbevts]
2025-03-26 18:27:10,647 - synapse.access.http.8008 - 508 - INFO - GET-43 - 10.89.0.1 - 8008 - {@admincjw:matrix.localhost} Processed request: 0.048sec/0.001sec (0.007sec, 0.001sec) (0.004sec/0.025sec/16) 4789B 200 "GET /_matrix/client/v3/sync?filter=%7B%22room%22%3A%7B%22timeline%22%3A%7B%22unread_thread_notifications%22%3Atrue%2C%22limit%22%3A20%7D%2C%22state%22%3A%7B%22lazy_load_members%22%3Atrue%7D%7D%7D&timeout=0&org.matrix.msc4222.use_state_after=true&_cacheBuster=1743013630589 HTTP/1.1" "Mozilla/5.0 (Windows NT 10.0; Win64; x64) AppleWebKit/537.36 (KHTML, like Gecko) Chrome/134.0.0.0 Safari/537.36" [0 dbevts]
2025-03-26 18:27:10,733 - synapse.handlers.e2e_keys - 888 - INFO - POST-53 - Updating device_keys for device 'BPSDOUVDGT' for user @admincjw:matrix.localhost at 1743013630733
2025-03-26 18:27:10,741 - synapse.access.http.8008 - 508 - INFO - GET-51 - 10.89.0.1 - 8008 - {None} Processed request: 0.012sec/0.002sec (0.001sec, 0.000sec) (0.001sec/0.007sec/1) 26B 200 "GET /_matrix/client/v3/profile/%40admincjw%3Amatrix.localhost HTTP/1.1" "Mozilla/5.0 (Windows NT 10.0; Win64; x64) AppleWebKit/537.36 (KHTML, like Gecko) Chrome/134.0.0.0 Safari/537.36" [0 dbevts]
2025-03-26 18:27:10,750 - synapse.access.http.8008 - 508 - INFO - PUT-45 - 10.89.0.1 - 8008 - {@admincjw:matrix.localhost} Processed request: 0.036sec/0.001sec (0.002sec, 0.001sec) (0.004sec/0.024sec/3) 2B 200 "PUT /_matrix/client/v3/user/%40admincjw%3Amatrix.localhost/account_data/org.matrix.msc3890.local_notification_settings.BPSDOUVDGT HTTP/1.1" "Mozilla/5.0 (Windows NT 10.0; Win64; x64) AppleWebKit/537.36 (KHTML, like Gecko) Chrome/134.0.0.0 Safari/537.36" [0 dbevts]
2025-03-26 18:27:10,757 - synapse.access.http.8008 - 508 - INFO - GET-52 - 10.89.0.1 - 8008 - {@admincjw:matrix.localhost} Processed request: 0.028sec/0.001sec (0.004sec, 0.001sec) (0.004sec/0.012sec/6) 314B 200 "GET /_matrix/client/v3/sync?filter=0&timeout=30000&org.matrix.msc4222.use_state_after=true&since=s1_2_0_1_1_1_1_3_0_1 HTTP/1.1" "Mozilla/5.0 (Windows NT 10.0; Win64; x64) AppleWebKit/537.36 (KHTML, like Gecko) Chrome/134.0.0.0 Safari/537.36" [0 dbevts]
2025-03-26 18:27:10,760 - synapse.access.http.8008 - 508 - INFO - PUT-50 - 10.89.0.1 - 8008 - {@admincjw:matrix.localhost} Processed request: 0.034sec/0.000sec (0.002sec, 0.000sec) (0.005sec/0.023sec/3) 2B 200 "PUT /_matrix/client/v3/user/%40admincjw%3Amatrix.localhost/account_data/org.matrix.msc3890.local_notification_settings.BPSDOUVDGT HTTP/1.1" "Mozilla/5.0 (Windows NT 10.0; Win64; x64) AppleWebKit/537.36 (KHTML, like Gecko) Chrome/134.0.0.0 Safari/537.36" [0 dbevts]
2025-03-26 18:27:10,768 - synapse.handlers.e2e_keys - 925 - INFO - POST-53 - Adding one_time_keys dict_keys(['signed_curve25519:AAAAAAAAAA0', 'signed_curve25519:AAAAAAAAAA4', 'signed_curve25519:AAAAAAAAAA8', 'signed_curve25519:AAAAAAAAAAA', 'signed_curve25519:AAAAAAAAAAE', 'signed_curve25519:AAAAAAAAAAI', 'signed_curve25519:AAAAAAAAAAM', 'signed_curve25519:AAAAAAAAAAQ', 'signed_curve25519:AAAAAAAAAAU', 'signed_curve25519:AAAAAAAAAAY', 'signed_curve25519:AAAAAAAAAAc', 'signed_curve25519:AAAAAAAAAAg', 'signed_curve25519:AAAAAAAAAAk', 'signed_curve25519:AAAAAAAAAAo', 'signed_curve25519:AAAAAAAAAAs', 'signed_curve25519:AAAAAAAAAAw', 'signed_curve25519:AAAAAAAAAB0', 'signed_curve25519:AAAAAAAAAB4', 'signed_curve25519:AAAAAAAAAB8', 'signed_curve25519:AAAAAAAAABA', 'signed_curve25519:AAAAAAAAABE', 'signed_curve25519:AAAAAAAAABI', 'signed_curve25519:AAAAAAAAABM', 'signed_curve25519:AAAAAAAAABQ', 'signed_curve25519:AAAAAAAAABU', 'signed_curve25519:AAAAAAAAABY', 'signed_curve25519:AAAAAAAAABc', 'signed_curve25519:AAAAAAAAABg', 'signed_curve25519:AAAAAAAAABk', 'signed_curve25519:AAAAAAAAABo', 'signed_curve25519:AAAAAAAAABs', 'signed_curve25519:AAAAAAAAABw', 'signed_curve25519:AAAAAAAAAC0', 'signed_curve25519:AAAAAAAAAC4', 'signed_curve25519:AAAAAAAAAC8', 'signed_curve25519:AAAAAAAAACA', 'signed_curve25519:AAAAAAAAACE', 'signed_curve25519:AAAAAAAAACI', 'signed_curve25519:AAAAAAAAACM', 'signed_curve25519:AAAAAAAAACQ', 'signed_curve25519:AAAAAAAAACU', 'signed_curve25519:AAAAAAAAACY', 'signed_curve25519:AAAAAAAAACc', 'signed_curve25519:AAAAAAAAACg', 'signed_curve25519:AAAAAAAAACk', 'signed_curve25519:AAAAAAAAACo', 'signed_curve25519:AAAAAAAAACs', 'signed_curve25519:AAAAAAAAACw', 'signed_curve25519:AAAAAAAAADA', 'signed_curve25519:AAAAAAAAADE']) for device 'BPSDOUVDGT' for user '@admincjw:matrix.localhost' at 1743013630733
2025-03-26 18:27:10,783 - synapse.access.http.8008 - 508 - INFO - GET-55 - 10.89.0.1 - 8008 - {@admincjw:matrix.localhost} Processed request: 0.008sec/0.000sec (0.001sec, 0.001sec) (0.001sec/0.004sec/5) 373B 200 "GET /_matrix/client/v3/sync?filter=0&timeout=30000&org.matrix.msc4222.use_state_after=true&since=s1_2_0_1_2_1_1_3_0_1 HTTP/1.1" "Mozilla/5.0 (Windows NT 10.0; Win64; x64) AppleWebKit/537.36 (KHTML, like Gecko) Chrome/134.0.0.0 Safari/537.36" [0 dbevts]
2025-03-26 18:27:10,796 - synapse.access.http.8008 - 508 - INFO - POST-53 - 10.89.0.1 - 8008 - {@admincjw:matrix.localhost} Processed request: 0.064sec/0.000sec (0.006sec, 0.002sec) (0.006sec/0.047sec/10) 48B 200 "POST /_matrix/client/v3/keys/upload HTTP/1.1" "Mozilla/5.0 (Windows NT 10.0; Win64; x64) AppleWebKit/537.36 (KHTML, like Gecko) Chrome/134.0.0.0 Safari/537.36" [0 dbevts]
2025-03-26 18:27:10,860 - synapse.access.http.8008 - 508 - INFO - POST-59 - 10.89.0.1 - 8008 - {@admincjw:matrix.localhost} Processed request: 0.005sec/0.001sec (0.001sec, 0.000sec) (0.001sec/0.002sec/3) 646B 200 "POST /_matrix/client/v3/keys/query HTTP/1.1" "Mozilla/5.0 (Windows NT 10.0; Win64; x64) AppleWebKit/537.36 (KHTML, like Gecko) Chrome/134.0.0.0 Safari/537.36" [0 dbevts]
2025-03-26 18:27:10,943 - synapse.access.http.8008 - 508 - INFO - POST-61 - 10.89.0.1 - 8008 - {@admincjw:matrix.localhost} Processed request: 0.008sec/0.001sec (0.001sec, 0.001sec) (0.001sec/0.004sec/3) 646B 200 "POST /_matrix/client/v3/keys/query HTTP/1.1" "Mozilla/5.0 (Windows NT 10.0; Win64; x64) AppleWebKit/537.36 (KHTML, like Gecko) Chrome/134.0.0.0 Safari/537.36" [0 dbevts]
2025-03-26 18:27:10,972 - synapse.http.server - 130 - INFO - GET-65 - <XForwardedForRequest at 0x7f2f64134e90 method='GET' uri='/_matrix/client/v3/room_keys/version' clientproto='HTTP/1.1' site='8008'> SynapseError: 404 - No backup found
2025-03-26 18:27:10,973 - synapse.access.http.8008 - 508 - INFO - GET-65 - 10.89.0.1 - 8008 - {@admincjw:matrix.localhost} Processed request: 0.008sec/0.001sec (0.000sec, 0.001sec) (0.001sec/0.004sec/1) 51B 404 "GET /_matrix/client/v3/room_keys/version HTTP/1.1" "Mozilla/5.0 (Windows NT 10.0; Win64; x64) AppleWebKit/537.36 (KHTML, like Gecko) Chrome/134.0.0.0 Safari/537.36" [0 dbevts]
2025-03-26 18:27:11,018 - synapse.access.http.8008 - 508 - INFO - GET-58 - 10.89.0.1 - 8008 - {@admincjw:matrix.localhost} Processed request: 0.208sec/0.000sec (0.001sec, 0.000sec) (0.001sec/0.001sec/2) 282B 200 "GET /_matrix/client/v3/sync?filter=0&timeout=30000&org.matrix.msc4222.use_state_after=true&since=s1_2_0_1_3_1_1_4_0_1 HTTP/1.1" "Mozilla/5.0 (Windows NT 10.0; Win64; x64) AppleWebKit/537.36 (KHTML, like Gecko) Chrome/134.0.0.0 Safari/537.36" [0 dbevts]
2025-03-26 18:27:11,027 - synapse.access.http.8008 - 508 - INFO - POST-63 - 10.89.0.1 - 8008 - {@admincjw:matrix.localhost} Processed request: 0.081sec/0.000sec (0.008sec, 0.002sec) (0.005sec/0.056sec/16) 2B 200 "POST /_matrix/client/v3/keys/device_signing/upload HTTP/1.1" "Mozilla/5.0 (Windows NT 10.0; Win64; x64) AppleWebKit/537.36 (KHTML, like Gecko) Chrome/134.0.0.0 Safari/537.36" [0 dbevts]
2025-03-26 18:27:11,046 - synapse.access.http.8008 - 508 - INFO - GET-70 - 10.89.0.1 - 8008 - {@admincjw:matrix.localhost} Processed request: 0.004sec/0.001sec (0.002sec, 0.000sec) (0.000sec/0.001sec/1) 282B 200 "GET /_matrix/client/v3/sync?filter=0&timeout=30000&org.matrix.msc4222.use_state_after=true&since=s1_2_0_1_3_1_1_5_0_1 HTTP/1.1" "Mozilla/5.0 (Windows NT 10.0; Win64; x64) AppleWebKit/537.36 (KHTML, like Gecko) Chrome/134.0.0.0 Safari/537.36" [0 dbevts]
2025-03-26 18:27:11,055 - synapse.access.http.8008 - 508 - INFO - POST-71 - 10.89.0.1 - 8008 - {@admincjw:matrix.localhost} Processed request: 0.004sec/0.000sec (0.001sec, 0.000sec) (0.001sec/0.002sec/3) 1926B 200 "POST /_matrix/client/v3/keys/query HTTP/1.1" "Mozilla/5.0 (Windows NT 10.0; Win64; x64) AppleWebKit/537.36 (KHTML, like Gecko) Chrome/134.0.0.0 Safari/537.36" [0 dbevts]
2025-03-26 18:27:11,068 - synapse.access.http.8008 - 508 - INFO - POST-69 - 10.89.0.1 - 8008 - {@admincjw:matrix.localhost} Processed request: 0.028sec/0.001sec (0.002sec, 0.001sec) (0.002sec/0.019sec/7) 15B 200 "POST /_matrix/client/v3/keys/signatures/upload HTTP/1.1" "Mozilla/5.0 (Windows NT 10.0; Win64; x64) AppleWebKit/537.36 (KHTML, like Gecko) Chrome/134.0.0.0 Safari/537.36" [0 dbevts]
2025-03-26 18:27:11,078 - synapse.access.http.8008 - 508 - INFO - GET-73 - 10.89.0.1 - 8008 - {@admincjw:matrix.localhost} Processed request: 0.003sec/0.000sec (0.000sec, 0.000sec) (0.000sec/0.001sec/1) 282B 200 "GET /_matrix/client/v3/sync?filter=0&timeout=30000&org.matrix.msc4222.use_state_after=true&since=s1_2_0_1_3_1_1_7_0_1 HTTP/1.1" "Mozilla/5.0 (Windows NT 10.0; Win64; x64) AppleWebKit/537.36 (KHTML, like Gecko) Chrome/134.0.0.0 Safari/537.36" [0 dbevts]
2025-03-26 18:27:11,128 - synapse.http.server - 130 - INFO - GET-77 - <XForwardedForRequest at 0x7f2f64128680 method='GET' uri='/_matrix/client/v3/room_keys/version' clientproto='HTTP/1.1' site='8008'> SynapseError: 404 - No backup found
2025-03-26 18:27:11,130 - synapse.access.http.8008 - 508 - INFO - GET-77 - 10.89.0.1 - 8008 - {@admincjw:matrix.localhost} Processed request: 0.004sec/0.002sec (0.000sec, 0.000sec) (0.000sec/0.001sec/1) 51B 404 "GET /_matrix/client/v3/room_keys/version HTTP/1.1" "Mozilla/5.0 (Windows NT 10.0; Win64; x64) AppleWebKit/537.36 (KHTML, like Gecko) Chrome/134.0.0.0 Safari/537.36" [0 dbevts]
2025-03-26 18:27:11,133 - synapse.access.http.8008 - 508 - INFO - POST-76 - 10.89.0.1 - 8008 - {@admincjw:matrix.localhost} Processed request: 0.008sec/0.000sec (0.001sec, 0.000sec) (0.001sec/0.006sec/3) 2069B 200 "POST /_matrix/client/v3/keys/query HTTP/1.1" "Mozilla/5.0 (Windows NT 10.0; Win64; x64) AppleWebKit/537.36 (KHTML, like Gecko) Chrome/134.0.0.0 Safari/537.36" [0 dbevts]
2025-03-26 18:27:11,143 - synapse.http.server - 130 - INFO - GET-81 - <XForwardedForRequest at 0x7f2f66668c50 method='GET' uri='/_matrix/client/v3/room_keys/version' clientproto='HTTP/1.1' site='8008'> SynapseError: 404 - No backup found
2025-03-26 18:27:11,144 - synapse.access.http.8008 - 508 - INFO - GET-81 - 10.89.0.1 - 8008 - {@admincjw:matrix.localhost} Processed request: 0.003sec/0.000sec (0.000sec, 0.000sec) (0.000sec/0.001sec/1) 51B 404 "GET /_matrix/client/v3/room_keys/version HTTP/1.1" "Mozilla/5.0 (Windows NT 10.0; Win64; x64) AppleWebKit/537.36 (KHTML, like Gecko) Chrome/134.0.0.0 Safari/537.36" [0 dbevts]
2025-03-26 18:27:11,212 - synapse.access.http.8008 - 508 - INFO - POST-83 - 10.89.0.1 - 8008 - {@admincjw:matrix.localhost} Processed request: 0.008sec/0.001sec (0.001sec, 0.000sec) (0.001sec/0.004sec/3) 2069B 200 "POST /_matrix/client/v3/keys/query HTTP/1.1" "Mozilla/5.0 (Windows NT 10.0; Win64; x64) AppleWebKit/537.36 (KHTML, like Gecko) Chrome/134.0.0.0 Safari/537.36" [0 dbevts]
2025-03-26 18:27:11,222 - synapse.access.http.8008 - 508 - INFO - POST-85 - 10.89.0.1 - 8008 - {@admincjw:matrix.localhost} Processed request: 0.007sec/0.001sec (0.001sec, 0.000sec) (0.000sec/0.005sec/1) 15B 200 "POST /_matrix/client/v3/room_keys/version HTTP/1.1" "Mozilla/5.0 (Windows NT 10.0; Win64; x64) AppleWebKit/537.36 (KHTML, like Gecko) Chrome/134.0.0.0 Safari/537.36" [0 dbevts]
2025-03-26 18:27:11,261 - synapse.access.http.8008 - 508 - INFO - GET-87 - 10.89.0.1 - 8008 - {@admincjw:matrix.localhost} Processed request: 0.005sec/0.001sec (0.001sec, 0.000sec) (0.001sec/0.003sec/2) 461B 200 "GET /_matrix/client/v3/room_keys/version HTTP/1.1" "Mozilla/5.0 (Windows NT 10.0; Win64; x64) AppleWebKit/537.36 (KHTML, like Gecko) Chrome/134.0.0.0 Safari/537.36" [0 dbevts]
2025-03-26 18:27:16,735 - synapse.access.http.8008 - 508 - INFO - PUT-89 - 10.89.0.1 - 8008 - {@admincjw:matrix.localhost} Processed request: 0.013sec/0.001sec (0.001sec, 0.000sec) (0.001sec/0.009sec/3) 2B 200 "PUT /_matrix/client/v3/user/%40admincjw%3Amatrix.localhost/account_data/im.vector.analytics HTTP/1.1" "Mozilla/5.0 (Windows NT 10.0; Win64; x64) AppleWebKit/537.36 (KHTML, like Gecko) Chrome/134.0.0.0 Safari/537.36" [0 dbevts]
2025-03-26 18:27:16,741 - synapse.access.http.8008 - 508 - INFO - GET-79 - 10.89.0.1 - 8008 - {@admincjw:matrix.localhost} Processed request: 5.612sec/0.001sec (0.001sec, 0.000sec) (0.001sec/0.003sec/3) 330B 200 "GET /_matrix/client/v3/sync?filter=0&timeout=30000&org.matrix.msc4222.use_state_after=true&since=s1_2_0_1_3_1_1_8_0_1 HTTP/1.1" "Mozilla/5.0 (Windows NT 10.0; Win64; x64) AppleWebKit/537.36 (KHTML, like Gecko) Chrome/134.0.0.0 Safari/537.36" [0 dbevts]
2025-03-26 18:27:17,608 - synapse.access.http.8008 - 508 - INFO - PUT-93 - 10.89.0.1 - 8008 - {@admincjw:matrix.localhost} Processed request: 0.015sec/0.001sec (0.001sec, 0.001sec) (0.001sec/0.009sec/3) 2B 200 "PUT /_matrix/client/v3/user/%40admincjw%3Amatrix.localhost/account_data/im.vector.web.settings HTTP/1.1" "Mozilla/5.0 (Windows NT 10.0; Win64; x64) AppleWebKit/537.36 (KHTML, like Gecko) Chrome/134.0.0.0 Safari/537.36" [0 dbevts]
2025-03-26 18:27:17,618 - synapse.access.http.8008 - 508 - INFO - GET-91 - 10.89.0.1 - 8008 - {@admincjw:matrix.localhost} Processed request: 0.847sec/0.001sec (0.001sec, 0.001sec) (0.002sec/0.005sec/3) 355B 200 "GET /_matrix/client/v3/sync?filter=0&timeout=30000&org.matrix.msc4222.use_state_after=true&set_presence=online&since=s1_2_0_1_4_1_1_8_0_1 HTTP/1.1" "Mozilla/5.0 (Windows NT 10.0; Win64; x64) AppleWebKit/537.36 (KHTML, like Gecko) Chrome/134.0.0.0 Safari/537.36" [0 dbevts]
2025-03-26 18:27:20,170 - synapse.access.http.8008 - 508 - INFO - GET-97 - 10.89.0.1 - 8008 - {@admincjw:matrix.localhost} Processed request: 0.001sec/0.000sec (0.000sec, 0.000sec) (0.000sec/0.000sec/0) 2B 200 "GET /_matrix/client/v3/thirdparty/protocols HTTP/1.1" "Mozilla/5.0 (Windows NT 10.0; Win64; x64) AppleWebKit/537.36 (KHTML, like Gecko) Chrome/134.0.0.0 Safari/537.36" [0 dbevts]
2025-03-26 18:27:20,342 - synapse.handlers.room_list - 102 - INFO - POST-99 - Getting public room list: limit=50, since=None, search=True, network=ThirdPartyInstanceID(appservice_id=None, network_id=None)
2025-03-26 18:27:20,348 - synapse.access.http.8008 - 508 - INFO - POST-99 - 10.89.0.1 - 8008 - {@admincjw:matrix.localhost} Processed request: 0.005sec/0.001sec (0.000sec, 0.001sec) (0.001sec/0.003sec/2) 42B 200 "POST /_matrix/client/v3/publicRooms HTTP/1.1" "Mozilla/5.0 (Windows NT 10.0; Win64; x64) AppleWebKit/537.36 (KHTML, like Gecko) Chrome/134.0.0.0 Safari/537.36" [0 dbevts]
2025-03-26 18:27:39,621 - synapse.storage.databases.main.event_push_actions - 1242 - INFO - event_push_action_stream_orderings-0 - Searching for stream ordering 1 month ago
2025-03-26 18:27:39,622 - synapse.storage.databases.main.event_push_actions - 1246 - INFO - event_push_action_stream_orderings-0 - Found stream ordering 1 month ago: it's 0
2025-03-26 18:27:39,622 - synapse.storage.databases.main.event_push_actions - 1249 - INFO - event_push_action_stream_orderings-0 - Searching for stream ordering 1 day ago
2025-03-26 18:27:39,623 - synapse.storage.databases.main.event_push_actions - 1253 - INFO - event_push_action_stream_orderings-0 - Found stream ordering 1 day ago: it's 0
2025-03-26 18:27:39,628 - synapse.storage.databases.main.event_push_actions - 1396 - INFO - rotate_notifs-19 - Rotating notifications
2025-03-26 18:27:39,630 - synapse.storage.databases.main.event_push_actions - 1599 - INFO - rotate_notifs-19 - Rotating notifications up to: 1
2025-03-26 18:27:39,633 - synapse.storage.databases.main.event_push_actions - 1685 - INFO - rotate_notifs-19 - Rotating notifications, handling 0 rows
2025-03-26 18:27:39,640 - synapse.storage.databases.main.event_push_actions - 1770 - INFO - rotate_notifs-19 - Rotating notifications, deleted 0 push actions
2025-03-26 18:27:39,668 - synapse.handlers.presence - 914 - INFO - persist_presence_changes-8 - Persisting 1 unpersisted presence updates
2025-03-26 18:27:39,695 - synapse.util.caches.lrucache - 217 - INFO - LruCache._expire_old_entries-19 - Dropped 0 items from caches
2025-03-26 18:27:39,717 - synapse.storage.databases.main.metrics - 399 - INFO - generate_user_daily_visits-1 - Calling _generate_user_daily_visits
2025-03-26 18:27:47,660 - synapse.access.http.8008 - 508 - INFO - GET-95 - 10.89.0.1 - 8008 - {@admincjw:matrix.localhost} Processed request: 30.007sec/0.000sec (0.000sec, 0.000sec) (0.000sec/0.002sec/1) 388B 200 "GET /_matrix/client/v3/sync?filter=0&timeout=30000&org.matrix.msc4222.use_state_after=true&set_presence=online&since=s1_2_0_1_5_1_1_8_0_1 HTTP/1.1" "Mozilla/5.0 (Windows NT 10.0; Win64; x64) AppleWebKit/537.36 (KHTML, like Gecko) Chrome/134.0.0.0 Safari/537.36" [0 dbevts]
2025-03-26 18:28:09,628 - synapse.storage.databases.main.event_push_actions - 1396 - INFO - rotate_notifs-20 - Rotating notifications
2025-03-26 18:28:09,629 - synapse.storage.databases.main.event_push_actions - 1599 - INFO - rotate_notifs-20 - Rotating notifications up to: 1
2025-03-26 18:28:09,631 - synapse.storage.databases.main.event_push_actions - 1685 - INFO - rotate_notifs-20 - Rotating notifications, handling 0 rows
2025-03-26 18:28:09,638 - synapse.storage.databases.main.event_push_actions - 1770 - INFO - rotate_notifs-20 - Rotating notifications, deleted 0 push actions
2025-03-26 18:28:09,695 - synapse.util.caches.lrucache - 217 - INFO - LruCache._expire_old_entries-20 - Dropped 0 items from caches
2025-03-26 18:28:10,742 - twisted - 279 - INFO - sentinel - Timing out client: IPv6Address(type='TCP', host='::ffff:10.89.0.206', port=45970, flowInfo=0, scopeID=0)
2025-03-26 18:28:10,752 - twisted - 279 - INFO - sentinel - Timing out client: IPv6Address(type='TCP', host='::ffff:10.89.0.206', port=46174, flowInfo=0, scopeID=0)
2025-03-26 18:28:11,213 - twisted - 279 - INFO - sentinel - Timing out client: IPv6Address(type='TCP', host='::ffff:10.89.0.206', port=45960, flowInfo=0, scopeID=0)
2025-03-26 18:28:17,716 - synapse.access.http.8008 - 508 - INFO - GET-101 - 10.89.0.1 - 8008 - {@admincjw:matrix.localhost} Processed request: 30.002sec/0.001sec (0.000sec, 0.000sec) (0.000sec/0.000sec/0) 224B 200 "GET /_matrix/client/v3/sync?filter=0&timeout=30000&org.matrix.msc4222.use_state_after=true&set_presence=online&since=s1_3_0_1_5_1_1_8_0_1 HTTP/1.1" "Mozilla/5.0 (Windows NT 10.0; Win64; x64) AppleWebKit/537.36 (KHTML, like Gecko) Chrome/134.0.0.0 Safari/537.36" [0 dbevts]
2025-03-26 18:28:20,348 - twisted - 279 - INFO - sentinel - Timing out client: IPv6Address(type='TCP', host='::ffff:10.89.0.206', port=45952, flowInfo=0, scopeID=0)
2025-03-26 18:28:39,633 - synapse.storage.databases.main.event_push_actions - 1396 - INFO - rotate_notifs-21 - Rotating notifications
2025-03-26 18:28:39,635 - synapse.storage.databases.main.event_push_actions - 1599 - INFO - rotate_notifs-21 - Rotating notifications up to: 1
2025-03-26 18:28:39,638 - synapse.storage.databases.main.event_push_actions - 1685 - INFO - rotate_notifs-21 - Rotating notifications, handling 0 rows
2025-03-26 18:28:39,646 - synapse.storage.databases.main.event_push_actions - 1770 - INFO - rotate_notifs-21 - Rotating notifications, deleted 0 push actions
2025-03-26 18:28:39,668 - synapse.handlers.presence - 914 - INFO - persist_presence_changes-9 - Persisting 1 unpersisted presence updates
2025-03-26 18:28:39,695 - synapse.util.caches.lrucache - 217 - INFO - LruCache._expire_old_entries-21 - Dropped 0 items from caches
2025-03-26 18:28:47,749 - synapse.access.http.8008 - 508 - INFO - GET-103 - 10.89.0.1 - 8008 - {@admincjw:matrix.localhost} Processed request: 30.003sec/0.001sec (0.003sec, 0.000sec) (0.000sec/0.000sec/0) 224B 200 "GET /_matrix/client/v3/sync?filter=0&timeout=30000&org.matrix.msc4222.use_state_after=true&set_presence=online&since=s1_3_0_1_5_1_1_8_0_1 HTTP/1.1" "Mozilla/5.0 (Windows NT 10.0; Win64; x64) AppleWebKit/537.36 (KHTML, like Gecko) Chrome/134.0.0.0 Safari/537.36" [0 dbevts]
2025-03-26 18:28:47,800 - synapse.access.http.8008 - 508 - INFO - GET-105 - 10.89.0.1 - 8008 - {@admincjw:matrix.localhost} Processed request: 0.003sec/0.001sec (0.000sec, 0.000sec) (0.000sec/0.000sec/0) 384B 200 "GET /_matrix/client/v3/sync?filter=0&timeout=30000&org.matrix.msc4222.use_state_after=true&set_presence=online&since=s1_3_0_1_5_1_1_8_0_1 HTTP/1.1" "Mozilla/5.0 (Windows NT 10.0; Win64; x64) AppleWebKit/537.36 (KHTML, like Gecko) Chrome/134.0.0.0 Safari/537.36" [0 dbevts]
2025-03-26 18:29:09,629 - synapse.storage.databases.main.event_push_actions - 1396 - INFO - rotate_notifs-22 - Rotating notifications
2025-03-26 18:29:09,631 - synapse.storage.databases.main.event_push_actions - 1599 - INFO - rotate_notifs-22 - Rotating notifications up to: 1
2025-03-26 18:29:09,634 - synapse.storage.databases.main.event_push_actions - 1685 - INFO - rotate_notifs-22 - Rotating notifications, handling 0 rows
2025-03-26 18:29:09,644 - synapse.storage.databases.main.event_push_actions - 1770 - INFO - rotate_notifs-22 - Rotating notifications, deleted 0 push actions
2025-03-26 18:29:09,696 - synapse.util.caches.lrucache - 217 - INFO - LruCache._expire_old_entries-22 - Dropped 0 items from caches
2025-03-26 18:29:17,824 - synapse.access.http.8008 - 508 - INFO - GET-107 - 10.89.0.1 - 8008 - {@admincjw:matrix.localhost} Processed request: 30.002sec/0.001sec (0.000sec, 0.000sec) (0.000sec/0.000sec/0) 224B 200 "GET /_matrix/client/v3/sync?filter=0&timeout=30000&org.matrix.msc4222.use_state_after=true&set_presence=online&since=s1_4_0_1_5_1_1_8_0_1 HTTP/1.1" "Mozilla/5.0 (Windows NT 10.0; Win64; x64) AppleWebKit/537.36 (KHTML, like Gecko) Chrome/134.0.0.0 Safari/537.36" [0 dbevts]
2025-03-26 18:29:39,629 - synapse.storage.databases.main.event_push_actions - 1396 - INFO - rotate_notifs-23 - Rotating notifications
2025-03-26 18:29:39,631 - synapse.storage.databases.main.event_push_actions - 1599 - INFO - rotate_notifs-23 - Rotating notifications up to: 1
2025-03-26 18:29:39,632 - synapse.storage.databases.main.event_push_actions - 1685 - INFO - rotate_notifs-23 - Rotating notifications, handling 0 rows
2025-03-26 18:29:39,643 - synapse.storage.databases.main.event_push_actions - 1770 - INFO - rotate_notifs-23 - Rotating notifications, deleted 0 push actions
2025-03-26 18:29:39,668 - synapse.handlers.presence - 914 - INFO - persist_presence_changes-10 - Persisting 1 unpersisted presence updates
2025-03-26 18:29:39,695 - synapse.util.caches.lrucache - 217 - INFO - LruCache._expire_old_entries-23 - Dropped 0 items from caches
2025-03-26 18:29:47,871 - synapse.access.http.8008 - 508 - INFO - GET-109 - 10.89.0.1 - 8008 - {@admincjw:matrix.localhost} Processed request: 30.002sec/0.000sec (0.000sec, 0.000sec) (0.000sec/0.000sec/0) 224B 200 "GET /_matrix/client/v3/sync?filter=0&timeout=30000&org.matrix.msc4222.use_state_after=true&set_presence=online&since=s1_4_0_1_5_1_1_8_0_1 HTTP/1.1" "Mozilla/5.0 (Windows NT 10.0; Win64; x64) AppleWebKit/537.36 (KHTML, like Gecko) Chrome/134.0.0.0 Safari/537.36" [0 dbevts]
2025-03-26 18:29:47,905 - synapse.access.http.8008 - 508 - INFO - GET-111 - 10.89.0.1 - 8008 - {@admincjw:matrix.localhost} Processed request: 0.002sec/0.000sec (0.000sec, 0.000sec) (0.000sec/0.000sec/0) 384B 200 "GET /_matrix/client/v3/sync?filter=0&timeout=30000&org.matrix.msc4222.use_state_after=true&set_presence=online&since=s1_4_0_1_5_1_1_8_0_1 HTTP/1.1" "Mozilla/5.0 (Windows NT 10.0; Win64; x64) AppleWebKit/537.36 (KHTML, like Gecko) Chrome/134.0.0.0 Safari/537.36" [0 dbevts]
2025-03-26 18:30:09,629 - synapse.storage.databases.main.event_push_actions - 1396 - INFO - rotate_notifs-24 - Rotating notifications
2025-03-26 18:30:09,631 - synapse.storage.databases.main.event_push_actions - 1599 - INFO - rotate_notifs-24 - Rotating notifications up to: 1
2025-03-26 18:30:09,634 - synapse.storage.databases.main.event_push_actions - 1685 - INFO - rotate_notifs-24 - Rotating notifications, handling 0 rows
2025-03-26 18:30:09,644 - synapse.storage.databases.main.event_push_actions - 1770 - INFO - rotate_notifs-24 - Rotating notifications, deleted 0 push actions
2025-03-26 18:30:09,696 - synapse.util.caches.lrucache - 217 - INFO - LruCache._expire_old_entries-24 - Dropped 0 items from caches
2025-03-26 18:30:17,924 - synapse.access.http.8008 - 508 - INFO - GET-113 - 10.89.0.1 - 8008 - {@admincjw:matrix.localhost} Processed request: 30.003sec/0.000sec (0.001sec, 0.000sec) (0.000sec/0.000sec/0) 224B 200 "GET /_matrix/client/v3/sync?filter=0&timeout=30000&org.matrix.msc4222.use_state_after=true&set_presence=online&since=s1_5_0_1_5_1_1_8_0_1 HTTP/1.1" "Mozilla/5.0 (Windows NT 10.0; Win64; x64) AppleWebKit/537.36 (KHTML, like Gecko) Chrome/134.0.0.0 Safari/537.36" [0 dbevts]
2025-03-26 18:30:39,630 - synapse.storage.databases.main.event_push_actions - 1396 - INFO - rotate_notifs-25 - Rotating notifications
2025-03-26 18:30:39,632 - synapse.storage.databases.main.event_push_actions - 1599 - INFO - rotate_notifs-25 - Rotating notifications up to: 1
2025-03-26 18:30:39,635 - synapse.storage.databases.main.event_push_actions - 1685 - INFO - rotate_notifs-25 - Rotating notifications, handling 0 rows
2025-03-26 18:30:39,645 - synapse.storage.databases.main.event_push_actions - 1770 - INFO - rotate_notifs-25 - Rotating notifications, deleted 0 push actions
2025-03-26 18:30:39,669 - synapse.handlers.presence - 914 - INFO - persist_presence_changes-11 - Persisting 1 unpersisted presence updates
2025-03-26 18:30:39,695 - synapse.util.caches.lrucache - 217 - INFO - LruCache._expire_old_entries-25 - Dropped 0 items from caches
2025-03-26 18:30:47,955 - synapse.access.http.8008 - 508 - INFO - GET-115 - 10.89.0.1 - 8008 - {@admincjw:matrix.localhost} Processed request: 30.002sec/0.001sec (0.000sec, 0.000sec) (0.000sec/0.000sec/0) 224B 200 "GET /_matrix/client/v3/sync?filter=0&timeout=30000&org.matrix.msc4222.use_state_after=true&set_presence=online&since=s1_5_0_1_5_1_1_8_0_1 HTTP/1.1" "Mozilla/5.0 (Windows NT 10.0; Win64; x64) AppleWebKit/537.36 (KHTML, like Gecko) Chrome/134.0.0.0 Safari/537.36" [0 dbevts]
2025-03-26 18:30:47,984 - synapse.access.http.8008 - 508 - INFO - GET-117 - 10.89.0.1 - 8008 - {@admincjw:matrix.localhost} Processed request: 0.002sec/0.000sec (0.000sec, 0.000sec) (0.000sec/0.000sec/0) 384B 200 "GET /_matrix/client/v3/sync?filter=0&timeout=30000&org.matrix.msc4222.use_state_after=true&set_presence=online&since=s1_5_0_1_5_1_1_8_0_1 HTTP/1.1" "Mozilla/5.0 (Windows NT 10.0; Win64; x64) AppleWebKit/537.36 (KHTML, like Gecko) Chrome/134.0.0.0 Safari/537.36" [0 dbevts]
2025-03-26 18:31:09,626 - synapse.storage.databases.main.event_push_actions - 1396 - INFO - rotate_notifs-26 - Rotating notifications
2025-03-26 18:31:09,627 - synapse.storage.databases.main.event_push_actions - 1599 - INFO - rotate_notifs-26 - Rotating notifications up to: 1
2025-03-26 18:31:09,629 - synapse.storage.databases.main.event_push_actions - 1685 - INFO - rotate_notifs-26 - Rotating notifications, handling 0 rows
2025-03-26 18:31:09,634 - synapse.storage.databases.main.event_push_actions - 1770 - INFO - rotate_notifs-26 - Rotating notifications, deleted 0 push actions
2025-03-26 18:31:09,695 - synapse.util.caches.lrucache - 217 - INFO - LruCache._expire_old_entries-26 - Dropped 0 items from caches
2025-03-26 18:31:18,001 - synapse.access.http.8008 - 508 - INFO - GET-119 - 10.89.0.1 - 8008 - {@admincjw:matrix.localhost} Processed request: 30.002sec/0.001sec (0.000sec, 0.000sec) (0.000sec/0.000sec/0) 224B 200 "GET /_matrix/client/v3/sync?filter=0&timeout=30000&org.matrix.msc4222.use_state_after=true&set_presence=online&since=s1_6_0_1_5_1_1_8_0_1 HTTP/1.1" "Mozilla/5.0 (Windows NT 10.0; Win64; x64) AppleWebKit/537.36 (KHTML, like Gecko) Chrome/134.0.0.0 Safari/537.36" [0 dbevts]
2025-03-26 18:31:39,629 - synapse.storage.databases.main.event_push_actions - 1396 - INFO - rotate_notifs-27 - Rotating notifications
2025-03-26 18:31:39,631 - synapse.storage.databases.main.event_push_actions - 1599 - INFO - rotate_notifs-27 - Rotating notifications up to: 1
2025-03-26 18:31:39,633 - synapse.storage.databases.main.event_push_actions - 1685 - INFO - rotate_notifs-27 - Rotating notifications, handling 0 rows
2025-03-26 18:31:39,641 - synapse.storage.databases.main.event_push_actions - 1770 - INFO - rotate_notifs-27 - Rotating notifications, deleted 0 push actions
2025-03-26 18:31:39,669 - synapse.handlers.presence - 914 - INFO - persist_presence_changes-12 - Persisting 1 unpersisted presence updates
2025-03-26 18:31:39,695 - synapse.util.caches.lrucache - 217 - INFO - LruCache._expire_old_entries-27 - Dropped 0 items from caches
2025-03-26 18:31:48,071 - synapse.access.http.8008 - 508 - INFO - GET-121 - 10.89.0.1 - 8008 - {@admincjw:matrix.localhost} Processed request: 30.003sec/0.001sec (0.000sec, 0.000sec) (0.000sec/0.000sec/0) 224B 200 "GET /_matrix/client/v3/sync?filter=0&timeout=30000&org.matrix.msc4222.use_state_after=true&set_presence=online&since=s1_6_0_1_5_1_1_8_0_1 HTTP/1.1" "Mozilla/5.0 (Windows NT 10.0; Win64; x64) AppleWebKit/537.36 (KHTML, like Gecko) Chrome/134.0.0.0 Safari/537.36" [0 dbevts]
2025-03-26 18:31:48,123 - synapse.access.http.8008 - 508 - INFO - GET-123 - 10.89.0.1 - 8008 - {@admincjw:matrix.localhost} Processed request: 0.002sec/0.000sec (0.000sec, 0.000sec) (0.000sec/0.000sec/0) 384B 200 "GET /_matrix/client/v3/sync?filter=0&timeout=30000&org.matrix.msc4222.use_state_after=true&set_presence=online&since=s1_6_0_1_5_1_1_8_0_1 HTTP/1.1" "Mozilla/5.0 (Windows NT 10.0; Win64; x64) AppleWebKit/537.36 (KHTML, like Gecko) Chrome/134.0.0.0 Safari/537.36" [0 dbevts]
2025-03-26 18:32:09,629 - synapse.storage.databases.main.event_push_actions - 1396 - INFO - rotate_notifs-28 - Rotating notifications
2025-03-26 18:32:09,631 - synapse.storage.databases.main.event_push_actions - 1599 - INFO - rotate_notifs-28 - Rotating notifications up to: 1
2025-03-26 18:32:09,634 - synapse.storage.databases.main.event_push_actions - 1685 - INFO - rotate_notifs-28 - Rotating notifications, handling 0 rows
2025-03-26 18:32:09,644 - synapse.storage.databases.main.event_push_actions - 1770 - INFO - rotate_notifs-28 - Rotating notifications, deleted 0 push actions
2025-03-26 18:32:09,696 - synapse.util.caches.lrucache - 217 - INFO - LruCache._expire_old_entries-28 - Dropped 0 items from caches
2025-03-26 18:32:18,142 - synapse.access.http.8008 - 508 - INFO - GET-125 - 10.89.0.1 - 8008 - {@admincjw:matrix.localhost} Processed request: 30.002sec/0.001sec (0.000sec, 0.000sec) (0.000sec/0.000sec/0) 224B 200 "GET /_matrix/client/v3/sync?filter=0&timeout=30000&org.matrix.msc4222.use_state_after=true&set_presence=online&since=s1_7_0_1_5_1_1_8_0_1 HTTP/1.1" "Mozilla/5.0 (Windows NT 10.0; Win64; x64) AppleWebKit/537.36 (KHTML, like Gecko) Chrome/134.0.0.0 Safari/537.36" [0 dbevts]
2025-03-26 18:32:18,228 - synapse.access.http.8008 - 508 - INFO - GET-127 - 10.89.0.1 - 8008 - {@admincjw:matrix.localhost} Processed request: 0.018sec/0.001sec (0.000sec, 0.002sec) (0.001sec/0.010sec/3) 369B 200 "GET /_matrix/client/v3/sync?filter=0&timeout=30000&org.matrix.msc4222.use_state_after=true&set_presence=unavailable&since=s1_7_0_1_5_1_1_8_0_1 HTTP/1.1" "Mozilla/5.0 (Windows NT 10.0; Win64; x64) AppleWebKit/537.36 (KHTML, like Gecko) Chrome/134.0.0.0 Safari/537.36" [0 dbevts]
2025-03-26 18:32:39,630 - synapse.storage.databases.main.event_push_actions - 1396 - INFO - rotate_notifs-29 - Rotating notifications
2025-03-26 18:32:39,632 - synapse.storage.databases.main.event_push_actions - 1599 - INFO - rotate_notifs-29 - Rotating notifications up to: 1
2025-03-26 18:32:39,634 - synapse.storage.databases.main.event_push_actions - 1685 - INFO - rotate_notifs-29 - Rotating notifications, handling 0 rows
2025-03-26 18:32:39,641 - synapse.storage.databases.main.event_push_actions - 1770 - INFO - rotate_notifs-29 - Rotating notifications, deleted 0 push actions
2025-03-26 18:32:39,668 - synapse.handlers.presence - 914 - INFO - persist_presence_changes-13 - Persisting 1 unpersisted presence updates
2025-03-26 18:32:39,695 - synapse.util.caches.lrucache - 217 - INFO - LruCache._expire_old_entries-29 - Dropped 0 items from caches
2025-03-26 18:32:39,717 - synapse.storage.databases.main.metrics - 399 - INFO - generate_user_daily_visits-2 - Calling _generate_user_daily_visits
2025-03-26 18:32:48,251 - synapse.access.http.8008 - 508 - INFO - GET-129 - 10.89.0.1 - 8008 - {@admincjw:matrix.localhost} Processed request: 30.004sec/0.001sec (0.000sec, 0.000sec) (0.000sec/0.000sec/0) 369B 200 "GET /_matrix/client/v3/sync?filter=0&timeout=30000&org.matrix.msc4222.use_state_after=true&set_presence=unavailable&since=s1_8_0_1_5_1_1_8_0_1 HTTP/1.1" "Mozilla/5.0 (Windows NT 10.0; Win64; x64) AppleWebKit/537.36 (KHTML, like Gecko) Chrome/134.0.0.0 Safari/537.36" [0 dbevts]
2025-03-26 18:33:09,630 - synapse.storage.databases.main.event_push_actions - 1396 - INFO - rotate_notifs-30 - Rotating notifications
2025-03-26 18:33:09,632 - synapse.storage.databases.main.event_push_actions - 1599 - INFO - rotate_notifs-30 - Rotating notifications up to: 1
2025-03-26 18:33:09,634 - synapse.storage.databases.main.event_push_actions - 1685 - INFO - rotate_notifs-30 - Rotating notifications, handling 0 rows
2025-03-26 18:33:09,641 - synapse.storage.databases.main.event_push_actions - 1770 - INFO - rotate_notifs-30 - Rotating notifications, deleted 0 push actions
2025-03-26 18:33:09,695 - synapse.util.caches.lrucache - 217 - INFO - LruCache._expire_old_entries-30 - Dropped 0 items from caches
2025-03-26 18:33:18,323 - synapse.access.http.8008 - 508 - INFO - GET-131 - 10.89.0.1 - 8008 - {@admincjw:matrix.localhost} Processed request: 30.005sec/0.001sec (0.001sec, 0.000sec) (0.000sec/0.000sec/0) 224B 200 "GET /_matrix/client/v3/sync?filter=0&timeout=30000&org.matrix.msc4222.use_state_after=true&set_presence=unavailable&since=s1_9_0_1_5_1_1_8_0_1 HTTP/1.1" "Mozilla/5.0 (Windows NT 10.0; Win64; x64) AppleWebKit/537.36 (KHTML, like Gecko) Chrome/134.0.0.0 Safari/537.36" [0 dbevts]
2025-03-26 18:33:39,630 - synapse.storage.databases.main.event_push_actions - 1396 - INFO - rotate_notifs-31 - Rotating notifications
2025-03-26 18:33:39,632 - synapse.storage.databases.main.event_push_actions - 1599 - INFO - rotate_notifs-31 - Rotating notifications up to: 1
2025-03-26 18:33:39,635 - synapse.storage.databases.main.event_push_actions - 1685 - INFO - rotate_notifs-31 - Rotating notifications, handling 0 rows
2025-03-26 18:33:39,646 - synapse.storage.databases.main.event_push_actions - 1770 - INFO - rotate_notifs-31 - Rotating notifications, deleted 0 push actions
2025-03-26 18:33:39,668 - synapse.handlers.presence - 914 - INFO - persist_presence_changes-14 - Persisting 1 unpersisted presence updates
2025-03-26 18:33:39,695 - synapse.util.caches.lrucache - 217 - INFO - LruCache._expire_old_entries-31 - Dropped 0 items from caches
2025-03-26 18:33:48,390 - synapse.access.http.8008 - 508 - INFO - GET-133 - 10.89.0.1 - 8008 - {@admincjw:matrix.localhost} Processed request: 30.005sec/0.001sec (0.000sec, 0.000sec) (0.000sec/0.000sec/0) 224B 200 "GET /_matrix/client/v3/sync?filter=0&timeout=30000&org.matrix.msc4222.use_state_after=true&set_presence=unavailable&since=s1_9_0_1_5_1_1_8_0_1 HTTP/1.1" "Mozilla/5.0 (Windows NT 10.0; Win64; x64) AppleWebKit/537.36 (KHTML, like Gecko) Chrome/134.0.0.0 Safari/537.36" [0 dbevts]
2025-03-26 18:33:48,433 - synapse.access.http.8008 - 508 - INFO - GET-135 - 10.89.0.1 - 8008 - {@admincjw:matrix.localhost} Processed request: 0.005sec/0.001sec (0.000sec, 0.003sec) (0.000sec/0.000sec/0) 371B 200 "GET /_matrix/client/v3/sync?filter=0&timeout=30000&org.matrix.msc4222.use_state_after=true&set_presence=unavailable&since=s1_9_0_1_5_1_1_8_0_1 HTTP/1.1" "Mozilla/5.0 (Windows NT 10.0; Win64; x64) AppleWebKit/537.36 (KHTML, like Gecko) Chrome/134.0.0.0 Safari/537.36" [0 dbevts]
2025-03-26 18:34:09,632 - synapse.storage.databases.main.event_push_actions - 1396 - INFO - rotate_notifs-32 - Rotating notifications
2025-03-26 18:34:09,634 - synapse.storage.databases.main.event_push_actions - 1599 - INFO - rotate_notifs-32 - Rotating notifications up to: 1
2025-03-26 18:34:09,637 - synapse.storage.databases.main.event_push_actions - 1685 - INFO - rotate_notifs-32 - Rotating notifications, handling 0 rows
2025-03-26 18:34:09,646 - synapse.storage.databases.main.event_push_actions - 1770 - INFO - rotate_notifs-32 - Rotating notifications, deleted 0 push actions
2025-03-26 18:34:09,695 - synapse.util.caches.lrucache - 217 - INFO - LruCache._expire_old_entries-32 - Dropped 0 items from caches
2025-03-26 18:34:18,456 - synapse.access.http.8008 - 508 - INFO - GET-137 - 10.89.0.1 - 8008 - {@admincjw:matrix.localhost} Processed request: 30.003sec/0.001sec (0.000sec, 0.000sec) (0.000sec/0.000sec/0) 225B 200 "GET /_matrix/client/v3/sync?filter=0&timeout=30000&org.matrix.msc4222.use_state_after=true&set_presence=unavailable&since=s1_10_0_1_5_1_1_8_0_1 HTTP/1.1" "Mozilla/5.0 (Windows NT 10.0; Win64; x64) AppleWebKit/537.36 (KHTML, like Gecko) Chrome/134.0.0.0 Safari/537.36" [0 dbevts]
2025-03-26 18:34:39,628 - synapse.storage.databases.main.event_push_actions - 1396 - INFO - rotate_notifs-33 - Rotating notifications
2025-03-26 18:34:39,629 - synapse.storage.databases.main.event_push_actions - 1599 - INFO - rotate_notifs-33 - Rotating notifications up to: 1
2025-03-26 18:34:39,630 - synapse.storage.databases.main.event_push_actions - 1685 - INFO - rotate_notifs-33 - Rotating notifications, handling 0 rows
2025-03-26 18:34:39,635 - synapse.storage.databases.main.event_push_actions - 1770 - INFO - rotate_notifs-33 - Rotating notifications, deleted 0 push actions
2025-03-26 18:34:39,668 - synapse.handlers.presence - 914 - INFO - persist_presence_changes-15 - Persisting 1 unpersisted presence updates
2025-03-26 18:34:39,695 - synapse.util.caches.lrucache - 217 - INFO - LruCache._expire_old_entries-33 - Dropped 0 items from caches
2025-03-26 18:34:48,489 - synapse.access.http.8008 - 508 - INFO - GET-139 - 10.89.0.1 - 8008 - {@admincjw:matrix.localhost} Processed request: 30.002sec/0.001sec (0.002sec, 0.000sec) (0.000sec/0.000sec/0) 225B 200 "GET /_matrix/client/v3/sync?filter=0&timeout=30000&org.matrix.msc4222.use_state_after=true&set_presence=unavailable&since=s1_10_0_1_5_1_1_8_0_1 HTTP/1.1" "Mozilla/5.0 (Windows NT 10.0; Win64; x64) AppleWebKit/537.36 (KHTML, like Gecko) Chrome/134.0.0.0 Safari/537.36" [0 dbevts]
2025-03-26 18:34:48,544 - synapse.access.http.8008 - 508 - INFO - GET-141 - 10.89.0.1 - 8008 - {@admincjw:matrix.localhost} Processed request: 0.002sec/0.001sec (0.000sec, 0.000sec) (0.000sec/0.000sec/0) 371B 200 "GET /_matrix/client/v3/sync?filter=0&timeout=30000&org.matrix.msc4222.use_state_after=true&set_presence=unavailable&since=s1_10_0_1_5_1_1_8_0_1 HTTP/1.1" "Mozilla/5.0 (Windows NT 10.0; Win64; x64) AppleWebKit/537.36 (KHTML, like Gecko) Chrome/134.0.0.0 Safari/537.36" [0 dbevts]
2025-03-26 18:35:09,627 - synapse.storage.databases.main.event_push_actions - 1396 - INFO - rotate_notifs-34 - Rotating notifications
2025-03-26 18:35:09,628 - synapse.storage.databases.main.event_push_actions - 1599 - INFO - rotate_notifs-34 - Rotating notifications up to: 1
2025-03-26 18:35:09,630 - synapse.storage.databases.main.event_push_actions - 1685 - INFO - rotate_notifs-34 - Rotating notifications, handling 0 rows
2025-03-26 18:35:09,636 - synapse.storage.databases.main.event_push_actions - 1770 - INFO - rotate_notifs-34 - Rotating notifications, deleted 0 push actions
2025-03-26 18:35:09,695 - synapse.util.caches.lrucache - 217 - INFO - LruCache._expire_old_entries-34 - Dropped 0 items from caches
2025-03-26 18:35:18,577 - synapse.access.http.8008 - 508 - INFO - GET-143 - 10.89.0.1 - 8008 - {@admincjw:matrix.localhost} Processed request: 30.004sec/0.001sec (0.000sec, 0.000sec) (0.000sec/0.000sec/0) 225B 200 "GET /_matrix/client/v3/sync?filter=0&timeout=30000&org.matrix.msc4222.use_state_after=true&set_presence=unavailable&since=s1_11_0_1_5_1_1_8_0_1 HTTP/1.1" "Mozilla/5.0 (Windows NT 10.0; Win64; x64) AppleWebKit/537.36 (KHTML, like Gecko) Chrome/134.0.0.0 Safari/537.36" [0 dbevts]
2025-03-26 18:35:19,873 - synapse.metrics._gc - 127 - INFO - sentinel - Collecting gc 1
2025-03-26 18:35:39,632 - synapse.storage.databases.main.event_push_actions - 1396 - INFO - rotate_notifs-35 - Rotating notifications
2025-03-26 18:35:39,634 - synapse.storage.databases.main.event_push_actions - 1599 - INFO - rotate_notifs-35 - Rotating notifications up to: 1
2025-03-26 18:35:39,638 - synapse.storage.databases.main.event_push_actions - 1685 - INFO - rotate_notifs-35 - Rotating notifications, handling 0 rows
2025-03-26 18:35:39,647 - synapse.storage.databases.main.event_push_actions - 1770 - INFO - rotate_notifs-35 - Rotating notifications, deleted 0 push actions
2025-03-26 18:35:39,667 - synapse.handlers.presence - 914 - INFO - persist_presence_changes-16 - Persisting 1 unpersisted presence updates
2025-03-26 18:35:39,695 - synapse.util.caches.lrucache - 217 - INFO - LruCache._expire_old_entries-35 - Dropped 0 items from caches
2025-03-26 18:35:48,616 - synapse.access.http.8008 - 508 - INFO - GET-145 - 10.89.0.1 - 8008 - {@admincjw:matrix.localhost} Processed request: 30.002sec/0.001sec (0.002sec, 0.000sec) (0.000sec/0.000sec/0) 225B 200 "GET /_matrix/client/v3/sync?filter=0&timeout=30000&org.matrix.msc4222.use_state_after=true&set_presence=unavailable&since=s1_11_0_1_5_1_1_8_0_1 HTTP/1.1" "Mozilla/5.0 (Windows NT 10.0; Win64; x64) AppleWebKit/537.36 (KHTML, like Gecko) Chrome/134.0.0.0 Safari/537.36" [0 dbevts]
2025-03-26 18:35:48,651 - synapse.access.http.8008 - 508 - INFO - GET-147 - 10.89.0.1 - 8008 - {@admincjw:matrix.localhost} Processed request: 0.002sec/0.001sec (0.000sec, 0.000sec) (0.000sec/0.000sec/0) 371B 200 "GET /_matrix/client/v3/sync?filter=0&timeout=30000&org.matrix.msc4222.use_state_after=true&set_presence=unavailable&since=s1_11_0_1_5_1_1_8_0_1 HTTP/1.1" "Mozilla/5.0 (Windows NT 10.0; Win64; x64) AppleWebKit/537.36 (KHTML, like Gecko) Chrome/134.0.0.0 Safari/537.36" [0 dbevts]
2025-03-26 18:36:09,627 - synapse.storage.databases.main.event_push_actions - 1396 - INFO - rotate_notifs-36 - Rotating notifications
2025-03-26 18:36:09,628 - synapse.storage.databases.main.event_push_actions - 1599 - INFO - rotate_notifs-36 - Rotating notifications up to: 1
2025-03-26 18:36:09,630 - synapse.storage.databases.main.event_push_actions - 1685 - INFO - rotate_notifs-36 - Rotating notifications, handling 0 rows
2025-03-26 18:36:09,636 - synapse.storage.databases.main.event_push_actions - 1770 - INFO - rotate_notifs-36 - Rotating notifications, deleted 0 push actions
2025-03-26 18:36:09,695 - synapse.util.caches.lrucache - 217 - INFO - LruCache._expire_old_entries-36 - Dropped 0 items from caches
2025-03-26 18:36:18,674 - synapse.access.http.8008 - 508 - INFO - GET-149 - 10.89.0.1 - 8008 - {@admincjw:matrix.localhost} Processed request: 30.003sec/0.001sec (0.000sec, 0.000sec) (0.000sec/0.000sec/0) 225B 200 "GET /_matrix/client/v3/sync?filter=0&timeout=30000&org.matrix.msc4222.use_state_after=true&set_presence=unavailable&since=s1_12_0_1_5_1_1_8_0_1 HTTP/1.1" "Mozilla/5.0 (Windows NT 10.0; Win64; x64) AppleWebKit/537.36 (KHTML, like Gecko) Chrome/134.0.0.0 Safari/537.36" [0 dbevts]
2025-03-26 18:36:39,632 - synapse.storage.databases.main.event_push_actions - 1396 - INFO - rotate_notifs-37 - Rotating notifications
2025-03-26 18:36:39,634 - synapse.storage.databases.main.event_push_actions - 1599 - INFO - rotate_notifs-37 - Rotating notifications up to: 1
2025-03-26 18:36:39,637 - synapse.storage.databases.main.event_push_actions - 1685 - INFO - rotate_notifs-37 - Rotating notifications, handling 0 rows
2025-03-26 18:36:39,647 - synapse.storage.databases.main.event_push_actions - 1770 - INFO - rotate_notifs-37 - Rotating notifications, deleted 0 push actions
2025-03-26 18:36:39,669 - synapse.handlers.presence - 914 - INFO - persist_presence_changes-17 - Persisting 1 unpersisted presence updates
2025-03-26 18:36:39,695 - synapse.util.caches.lrucache - 217 - INFO - LruCache._expire_old_entries-37 - Dropped 0 items from caches
2025-03-26 18:36:48,712 - synapse.access.http.8008 - 508 - INFO - GET-151 - 10.89.0.1 - 8008 - {@admincjw:matrix.localhost} Processed request: 30.002sec/0.000sec (0.002sec, 0.000sec) (0.000sec/0.000sec/0) 225B 200 "GET /_matrix/client/v3/sync?filter=0&timeout=30000&org.matrix.msc4222.use_state_after=true&set_presence=unavailable&since=s1_12_0_1_5_1_1_8_0_1 HTTP/1.1" "Mozilla/5.0 (Windows NT 10.0; Win64; x64) AppleWebKit/537.36 (KHTML, like Gecko) Chrome/134.0.0.0 Safari/537.36" [0 dbevts]
2025-03-26 18:36:48,777 - synapse.access.http.8008 - 508 - INFO - GET-153 - 10.89.0.1 - 8008 - {@admincjw:matrix.localhost} Processed request: 0.004sec/0.001sec (0.000sec, 0.000sec) (0.000sec/0.000sec/0) 371B 200 "GET /_matrix/client/v3/sync?filter=0&timeout=30000&org.matrix.msc4222.use_state_after=true&set_presence=unavailable&since=s1_12_0_1_5_1_1_8_0_1 HTTP/1.1" "Mozilla/5.0 (Windows NT 10.0; Win64; x64) AppleWebKit/537.36 (KHTML, like Gecko) Chrome/134.0.0.0 Safari/537.36" [0 dbevts]
2025-03-26 18:37:09,627 - synapse.storage.databases.main.event_push_actions - 1396 - INFO - rotate_notifs-38 - Rotating notifications
2025-03-26 18:37:09,628 - synapse.storage.databases.main.event_push_actions - 1599 - INFO - rotate_notifs-38 - Rotating notifications up to: 1
2025-03-26 18:37:09,630 - synapse.storage.databases.main.event_push_actions - 1685 - INFO - rotate_notifs-38 - Rotating notifications, handling 0 rows
2025-03-26 18:37:09,637 - synapse.storage.databases.main.event_push_actions - 1770 - INFO - rotate_notifs-38 - Rotating notifications, deleted 0 push actions
2025-03-26 18:37:09,695 - synapse.util.caches.lrucache - 217 - INFO - LruCache._expire_old_entries-38 - Dropped 0 items from caches
2025-03-26 18:37:11,403 - synapse.access.http.8008 - 508 - INFO - GET-157 - 10.89.0.1 - 8008 - {@admincjw:matrix.localhost} Processed request: 0.001sec/0.001sec (0.000sec, 0.000sec) (0.000sec/0.000sec/0) 2B 200 "GET /_matrix/client/v3/voip/turnServer HTTP/1.1" "Mozilla/5.0 (Windows NT 10.0; Win64; x64) AppleWebKit/537.36 (KHTML, like Gecko) Chrome/134.0.0.0 Safari/537.36" [0 dbevts]
2025-03-26 18:37:18,812 - synapse.access.http.8008 - 508 - INFO - GET-155 - 10.89.0.1 - 8008 - {@admincjw:matrix.localhost} Processed request: 30.003sec/0.000sec (0.002sec, 0.000sec) (0.000sec/0.000sec/0) 225B 200 "GET /_matrix/client/v3/sync?filter=0&timeout=30000&org.matrix.msc4222.use_state_after=true&set_presence=unavailable&since=s1_13_0_1_5_1_1_8_0_1 HTTP/1.1" "Mozilla/5.0 (Windows NT 10.0; Win64; x64) AppleWebKit/537.36 (KHTML, like Gecko) Chrome/134.0.0.0 Safari/537.36" [0 dbevts]
2025-03-26 18:37:39,622 - synapse.storage.databases.main.event_push_actions - 1242 - INFO - event_push_action_stream_orderings-1 - Searching for stream ordering 1 month ago
2025-03-26 18:37:39,623 - synapse.storage.databases.main.event_push_actions - 1246 - INFO - event_push_action_stream_orderings-1 - Found stream ordering 1 month ago: it's 0
2025-03-26 18:37:39,623 - synapse.storage.databases.main.event_push_actions - 1249 - INFO - event_push_action_stream_orderings-1 - Searching for stream ordering 1 day ago
2025-03-26 18:37:39,624 - synapse.storage.databases.main.event_push_actions - 1253 - INFO - event_push_action_stream_orderings-1 - Found stream ordering 1 day ago: it's 0
2025-03-26 18:37:39,632 - synapse.storage.databases.main.event_push_actions - 1396 - INFO - rotate_notifs-39 - Rotating notifications
2025-03-26 18:37:39,634 - synapse.storage.databases.main.event_push_actions - 1599 - INFO - rotate_notifs-39 - Rotating notifications up to: 1
2025-03-26 18:37:39,637 - synapse.storage.databases.main.event_push_actions - 1685 - INFO - rotate_notifs-39 - Rotating notifications, handling 0 rows
2025-03-26 18:37:39,647 - synapse.storage.databases.main.event_push_actions - 1770 - INFO - rotate_notifs-39 - Rotating notifications, deleted 0 push actions
2025-03-26 18:37:39,668 - synapse.handlers.presence - 914 - INFO - persist_presence_changes-18 - Persisting 1 unpersisted presence updates
2025-03-26 18:37:39,695 - synapse.util.caches.lrucache - 217 - INFO - LruCache._expire_old_entries-39 - Dropped 0 items from caches
2025-03-26 18:37:39,719 - synapse.storage.databases.main.metrics - 399 - INFO - generate_user_daily_visits-3 - Calling _generate_user_daily_visits
2025-03-26 18:37:48,837 - synapse.access.http.8008 - 508 - INFO - GET-159 - 10.89.0.1 - 8008 - {@admincjw:matrix.localhost} Processed request: 30.004sec/0.001sec (0.000sec, 0.000sec) (0.000sec/0.000sec/0) 225B 200 "GET /_matrix/client/v3/sync?filter=0&timeout=30000&org.matrix.msc4222.use_state_after=true&set_presence=unavailable&since=s1_13_0_1_5_1_1_8_0_1 HTTP/1.1" "Mozilla/5.0 (Windows NT 10.0; Win64; x64) AppleWebKit/537.36 (KHTML, like Gecko) Chrome/134.0.0.0 Safari/537.36" [0 dbevts]
2025-03-26 18:37:48,870 - synapse.access.http.8008 - 508 - INFO - GET-161 - 10.89.0.1 - 8008 - {@admincjw:matrix.localhost} Processed request: 0.005sec/0.001sec (0.004sec, 0.000sec) (0.000sec/0.000sec/0) 371B 200 "GET /_matrix/client/v3/sync?filter=0&timeout=30000&org.matrix.msc4222.use_state_after=true&set_presence=unavailable&since=s1_13_0_1_5_1_1_8_0_1 HTTP/1.1" "Mozilla/5.0 (Windows NT 10.0; Win64; x64) AppleWebKit/537.36 (KHTML, like Gecko) Chrome/134.0.0.0 Safari/537.36" [0 dbevts]
2025-03-26 18:38:09,628 - synapse.storage.databases.main.event_push_actions - 1396 - INFO - rotate_notifs-40 - Rotating notifications
2025-03-26 18:38:09,630 - synapse.storage.databases.main.event_push_actions - 1599 - INFO - rotate_notifs-40 - Rotating notifications up to: 1
2025-03-26 18:38:09,633 - synapse.storage.databases.main.event_push_actions - 1685 - INFO - rotate_notifs-40 - Rotating notifications, handling 0 rows
2025-03-26 18:38:09,642 - synapse.storage.databases.main.event_push_actions - 1770 - INFO - rotate_notifs-40 - Rotating notifications, deleted 0 push actions
2025-03-26 18:38:09,696 - synapse.util.caches.lrucache - 217 - INFO - LruCache._expire_old_entries-40 - Dropped 0 items from caches
2025-03-26 18:38:11,404 - twisted - 279 - INFO - sentinel - Timing out client: IPv6Address(type='TCP', host='::ffff:10.89.0.206', port=48782, flowInfo=0, scopeID=0)
2025-03-26 18:38:18,894 - synapse.access.http.8008 - 508 - INFO - GET-163 - 10.89.0.1 - 8008 - {@admincjw:matrix.localhost} Processed request: 30.003sec/0.000sec (0.000sec, 0.000sec) (0.000sec/0.000sec/0) 225B 200 "GET /_matrix/client/v3/sync?filter=0&timeout=30000&org.matrix.msc4222.use_state_after=true&set_presence=unavailable&since=s1_14_0_1_5_1_1_8_0_1 HTTP/1.1" "Mozilla/5.0 (Windows NT 10.0; Win64; x64) AppleWebKit/537.36 (KHTML, like Gecko) Chrome/134.0.0.0 Safari/537.36" [0 dbevts]
2025-03-26 18:38:39,627 - synapse.storage.databases.main.event_push_actions - 1396 - INFO - rotate_notifs-41 - Rotating notifications
2025-03-26 18:38:39,628 - synapse.storage.databases.main.event_push_actions - 1599 - INFO - rotate_notifs-41 - Rotating notifications up to: 1
2025-03-26 18:38:39,629 - synapse.storage.databases.main.event_push_actions - 1685 - INFO - rotate_notifs-41 - Rotating notifications, handling 0 rows
2025-03-26 18:38:39,635 - synapse.storage.databases.main.event_push_actions - 1770 - INFO - rotate_notifs-41 - Rotating notifications, deleted 0 push actions
2025-03-26 18:38:39,668 - synapse.handlers.presence - 914 - INFO - persist_presence_changes-19 - Persisting 1 unpersisted presence updates
2025-03-26 18:38:39,695 - synapse.util.caches.lrucache - 217 - INFO - LruCache._expire_old_entries-41 - Dropped 0 items from caches
2025-03-26 18:38:48,928 - synapse.access.http.8008 - 508 - INFO - GET-165 - 10.89.0.1 - 8008 - {@admincjw:matrix.localhost} Processed request: 30.003sec/0.001sec (0.001sec, 0.000sec) (0.000sec/0.000sec/0) 225B 200 "GET /_matrix/client/v3/sync?filter=0&timeout=30000&org.matrix.msc4222.use_state_after=true&set_presence=unavailable&since=s1_14_0_1_5_1_1_8_0_1 HTTP/1.1" "Mozilla/5.0 (Windows NT 10.0; Win64; x64) AppleWebKit/537.36 (KHTML, like Gecko) Chrome/134.0.0.0 Safari/537.36" [0 dbevts]
2025-03-26 18:38:48,998 - synapse.access.http.8008 - 508 - INFO - GET-167 - 10.89.0.1 - 8008 - {@admincjw:matrix.localhost} Processed request: 0.005sec/0.001sec (0.002sec, 0.000sec) (0.000sec/0.000sec/0) 371B 200 "GET /_matrix/client/v3/sync?filter=0&timeout=30000&org.matrix.msc4222.use_state_after=true&set_presence=unavailable&since=s1_14_0_1_5_1_1_8_0_1 HTTP/1.1" "Mozilla/5.0 (Windows NT 10.0; Win64; x64) AppleWebKit/537.36 (KHTML, like Gecko) Chrome/134.0.0.0 Safari/537.36" [0 dbevts]
2025-03-26 18:39:09,626 - synapse.storage.databases.main.event_push_actions - 1396 - INFO - rotate_notifs-42 - Rotating notifications
2025-03-26 18:39:09,627 - synapse.storage.databases.main.event_push_actions - 1599 - INFO - rotate_notifs-42 - Rotating notifications up to: 1
2025-03-26 18:39:09,629 - synapse.storage.databases.main.event_push_actions - 1685 - INFO - rotate_notifs-42 - Rotating notifications, handling 0 rows
2025-03-26 18:39:09,637 - synapse.storage.databases.main.event_push_actions - 1770 - INFO - rotate_notifs-42 - Rotating notifications, deleted 0 push actions
2025-03-26 18:39:09,695 - synapse.util.caches.lrucache - 217 - INFO - LruCache._expire_old_entries-42 - Dropped 0 items from caches
2025-03-26 18:39:19,021 - synapse.access.http.8008 - 508 - INFO - GET-169 - 10.89.0.1 - 8008 - {@admincjw:matrix.localhost} Processed request: 30.001sec/0.000sec (0.000sec, 0.000sec) (0.000sec/0.000sec/0) 225B 200 "GET /_matrix/client/v3/sync?filter=0&timeout=30000&org.matrix.msc4222.use_state_after=true&set_presence=unavailable&since=s1_15_0_1_5_1_1_8_0_1 HTTP/1.1" "Mozilla/5.0 (Windows NT 10.0; Win64; x64) AppleWebKit/537.36 (KHTML, like Gecko) Chrome/134.0.0.0 Safari/537.36" [0 dbevts]
2025-03-26 18:39:39,628 - synapse.storage.databases.main.event_push_actions - 1396 - INFO - rotate_notifs-43 - Rotating notifications
2025-03-26 18:39:39,630 - synapse.storage.databases.main.event_push_actions - 1599 - INFO - rotate_notifs-43 - Rotating notifications up to: 1
2025-03-26 18:39:39,632 - synapse.storage.databases.main.event_push_actions - 1685 - INFO - rotate_notifs-43 - Rotating notifications, handling 0 rows
2025-03-26 18:39:39,639 - synapse.storage.databases.main.event_push_actions - 1770 - INFO - rotate_notifs-43 - Rotating notifications, deleted 0 push actions
2025-03-26 18:39:39,667 - synapse.handlers.presence - 914 - INFO - persist_presence_changes-20 - Persisting 1 unpersisted presence updates
2025-03-26 18:39:39,696 - synapse.util.caches.lrucache - 217 - INFO - LruCache._expire_old_entries-43 - Dropped 0 items from caches
2025-03-26 18:39:49,050 - synapse.access.http.8008 - 508 - INFO - GET-171 - 10.89.0.1 - 8008 - {@admincjw:matrix.localhost} Processed request: 30.002sec/0.001sec (0.000sec, 0.000sec) (0.000sec/0.000sec/0) 225B 200 "GET /_matrix/client/v3/sync?filter=0&timeout=30000&org.matrix.msc4222.use_state_after=true&set_presence=unavailable&since=s1_15_0_1_5_1_1_8_0_1 HTTP/1.1" "Mozilla/5.0 (Windows NT 10.0; Win64; x64) AppleWebKit/537.36 (KHTML, like Gecko) Chrome/134.0.0.0 Safari/537.36" [0 dbevts]
2025-03-26 18:39:49,115 - synapse.access.http.8008 - 508 - INFO - GET-173 - 10.89.0.1 - 8008 - {@admincjw:matrix.localhost} Processed request: 0.002sec/0.000sec (0.000sec, 0.000sec) (0.000sec/0.000sec/0) 371B 200 "GET /_matrix/client/v3/sync?filter=0&timeout=30000&org.matrix.msc4222.use_state_after=true&set_presence=unavailable&since=s1_15_0_1_5_1_1_8_0_1 HTTP/1.1" "Mozilla/5.0 (Windows NT 10.0; Win64; x64) AppleWebKit/537.36 (KHTML, like Gecko) Chrome/134.0.0.0 Safari/537.36" [0 dbevts]
2025-03-26 18:40:09,626 - synapse.storage.databases.main.event_push_actions - 1396 - INFO - rotate_notifs-44 - Rotating notifications
2025-03-26 18:40:09,627 - synapse.storage.databases.main.event_push_actions - 1599 - INFO - rotate_notifs-44 - Rotating notifications up to: 1
2025-03-26 18:40:09,629 - synapse.storage.databases.main.event_push_actions - 1685 - INFO - rotate_notifs-44 - Rotating notifications, handling 0 rows
2025-03-26 18:40:09,635 - synapse.storage.databases.main.event_push_actions - 1770 - INFO - rotate_notifs-44 - Rotating notifications, deleted 0 push actions
2025-03-26 18:40:09,696 - synapse.util.caches.lrucache - 217 - INFO - LruCache._expire_old_entries-44 - Dropped 0 items from caches
2025-03-26 18:40:19,145 - synapse.access.http.8008 - 508 - INFO - GET-175 - 10.89.0.1 - 8008 - {@admincjw:matrix.localhost} Processed request: 30.002sec/0.001sec (0.000sec, 0.000sec) (0.000sec/0.000sec/0) 225B 200 "GET /_matrix/client/v3/sync?filter=0&timeout=30000&org.matrix.msc4222.use_state_after=true&set_presence=unavailable&since=s1_16_0_1_5_1_1_8_0_1 HTTP/1.1" "Mozilla/5.0 (Windows NT 10.0; Win64; x64) AppleWebKit/537.36 (KHTML, like Gecko) Chrome/134.0.0.0 Safari/537.36" [0 dbevts]
2025-03-26 18:40:39,627 - synapse.storage.databases.main.event_push_actions - 1396 - INFO - rotate_notifs-45 - Rotating notifications
2025-03-26 18:40:39,629 - synapse.storage.databases.main.event_push_actions - 1599 - INFO - rotate_notifs-45 - Rotating notifications up to: 1
2025-03-26 18:40:39,630 - synapse.storage.databases.main.event_push_actions - 1685 - INFO - rotate_notifs-45 - Rotating notifications, handling 0 rows
2025-03-26 18:40:39,637 - synapse.storage.databases.main.event_push_actions - 1770 - INFO - rotate_notifs-45 - Rotating notifications, deleted 0 push actions
2025-03-26 18:40:39,667 - synapse.handlers.presence - 914 - INFO - persist_presence_changes-21 - Persisting 1 unpersisted presence updates
2025-03-26 18:40:39,695 - synapse.util.caches.lrucache - 217 - INFO - LruCache._expire_old_entries-45 - Dropped 0 items from caches
2025-03-26 18:40:49,193 - synapse.access.http.8008 - 508 - INFO - GET-177 - 10.89.0.1 - 8008 - {@admincjw:matrix.localhost} Processed request: 30.002sec/0.000sec (0.000sec, 0.000sec) (0.000sec/0.000sec/0) 225B 200 "GET /_matrix/client/v3/sync?filter=0&timeout=30000&org.matrix.msc4222.use_state_after=true&set_presence=unavailable&since=s1_16_0_1_5_1_1_8_0_1 HTTP/1.1" "Mozilla/5.0 (Windows NT 10.0; Win64; x64) AppleWebKit/537.36 (KHTML, like Gecko) Chrome/134.0.0.0 Safari/537.36" [0 dbevts]
2025-03-26 18:40:49,231 - synapse.access.http.8008 - 508 - INFO - GET-179 - 10.89.0.1 - 8008 - {@admincjw:matrix.localhost} Processed request: 0.005sec/0.001sec (0.003sec, 0.000sec) (0.000sec/0.000sec/0) 371B 200 "GET /_matrix/client/v3/sync?filter=0&timeout=30000&org.matrix.msc4222.use_state_after=true&set_presence=unavailable&since=s1_16_0_1_5_1_1_8_0_1 HTTP/1.1" "Mozilla/5.0 (Windows NT 10.0; Win64; x64) AppleWebKit/537.36 (KHTML, like Gecko) Chrome/134.0.0.0 Safari/537.36" [0 dbevts]
2025-03-26 18:41:09,630 - synapse.storage.databases.main.event_push_actions - 1396 - INFO - rotate_notifs-46 - Rotating notifications
2025-03-26 18:41:09,631 - synapse.storage.databases.main.event_push_actions - 1599 - INFO - rotate_notifs-46 - Rotating notifications up to: 1
2025-03-26 18:41:09,633 - synapse.storage.databases.main.event_push_actions - 1685 - INFO - rotate_notifs-46 - Rotating notifications, handling 0 rows
2025-03-26 18:41:09,639 - synapse.storage.databases.main.event_push_actions - 1770 - INFO - rotate_notifs-46 - Rotating notifications, deleted 0 push actions
2025-03-26 18:41:09,695 - synapse.util.caches.lrucache - 217 - INFO - LruCache._expire_old_entries-46 - Dropped 0 items from caches
2025-03-26 18:41:19,252 - synapse.access.http.8008 - 508 - INFO - GET-181 - 10.89.0.1 - 8008 - {@admincjw:matrix.localhost} Processed request: 30.003sec/0.001sec (0.000sec, 0.000sec) (0.000sec/0.000sec/0) 225B 200 "GET /_matrix/client/v3/sync?filter=0&timeout=30000&org.matrix.msc4222.use_state_after=true&set_presence=unavailable&since=s1_17_0_1_5_1_1_8_0_1 HTTP/1.1" "Mozilla/5.0 (Windows NT 10.0; Win64; x64) AppleWebKit/537.36 (KHTML, like Gecko) Chrome/134.0.0.0 Safari/537.36" [0 dbevts]
2025-03-26 18:41:39,628 - synapse.storage.databases.main.event_push_actions - 1396 - INFO - rotate_notifs-47 - Rotating notifications
2025-03-26 18:41:39,630 - synapse.storage.databases.main.event_push_actions - 1599 - INFO - rotate_notifs-47 - Rotating notifications up to: 1
2025-03-26 18:41:39,631 - synapse.storage.databases.main.event_push_actions - 1685 - INFO - rotate_notifs-47 - Rotating notifications, handling 0 rows
2025-03-26 18:41:39,638 - synapse.storage.databases.main.event_push_actions - 1770 - INFO - rotate_notifs-47 - Rotating notifications, deleted 0 push actions
2025-03-26 18:41:39,668 - synapse.handlers.presence - 914 - INFO - persist_presence_changes-22 - Persisting 1 unpersisted presence updates
2025-03-26 18:41:39,695 - synapse.util.caches.lrucache - 217 - INFO - LruCache._expire_old_entries-47 - Dropped 0 items from caches
2025-03-26 18:41:49,290 - synapse.access.http.8008 - 508 - INFO - GET-183 - 10.89.0.1 - 8008 - {@admincjw:matrix.localhost} Processed request: 30.004sec/0.001sec (0.002sec, 0.000sec) (0.000sec/0.000sec/0) 225B 200 "GET /_matrix/client/v3/sync?filter=0&timeout=30000&org.matrix.msc4222.use_state_after=true&set_presence=unavailable&since=s1_17_0_1_5_1_1_8_0_1 HTTP/1.1" "Mozilla/5.0 (Windows NT 10.0; Win64; x64) AppleWebKit/537.36 (KHTML, like Gecko) Chrome/134.0.0.0 Safari/537.36" [0 dbevts]
2025-03-26 18:41:49,361 - synapse.access.http.8008 - 508 - INFO - GET-185 - 10.89.0.1 - 8008 - {@admincjw:matrix.localhost} Processed request: 0.004sec/0.001sec (0.000sec, 0.000sec) (0.000sec/0.000sec/0) 371B 200 "GET /_matrix/client/v3/sync?filter=0&timeout=30000&org.matrix.msc4222.use_state_after=true&set_presence=unavailable&since=s1_17_0_1_5_1_1_8_0_1 HTTP/1.1" "Mozilla/5.0 (Windows NT 10.0; Win64; x64) AppleWebKit/537.36 (KHTML, like Gecko) Chrome/134.0.0.0 Safari/537.36" [0 dbevts]
2025-03-26 18:42:09,627 - synapse.storage.databases.main.event_push_actions - 1396 - INFO - rotate_notifs-48 - Rotating notifications
2025-03-26 18:42:09,629 - synapse.storage.databases.main.event_push_actions - 1599 - INFO - rotate_notifs-48 - Rotating notifications up to: 1
2025-03-26 18:42:09,630 - synapse.storage.databases.main.event_push_actions - 1685 - INFO - rotate_notifs-48 - Rotating notifications, handling 0 rows
2025-03-26 18:42:09,637 - synapse.storage.databases.main.event_push_actions - 1770 - INFO - rotate_notifs-48 - Rotating notifications, deleted 0 push actions
2025-03-26 18:42:09,696 - synapse.util.caches.lrucache - 217 - INFO - LruCache._expire_old_entries-48 - Dropped 0 items from caches
2025-03-26 18:42:19,394 - synapse.access.http.8008 - 508 - INFO - GET-187 - 10.89.0.1 - 8008 - {@admincjw:matrix.localhost} Processed request: 30.003sec/0.001sec (0.000sec, 0.000sec) (0.000sec/0.000sec/0) 225B 200 "GET /_matrix/client/v3/sync?filter=0&timeout=30000&org.matrix.msc4222.use_state_after=true&set_presence=unavailable&since=s1_18_0_1_5_1_1_8_0_1 HTTP/1.1" "Mozilla/5.0 (Windows NT 10.0; Win64; x64) AppleWebKit/537.36 (KHTML, like Gecko) Chrome/134.0.0.0 Safari/537.36" [0 dbevts]
2025-03-26 18:42:39,631 - synapse.storage.databases.main.event_push_actions - 1396 - INFO - rotate_notifs-49 - Rotating notifications
2025-03-26 18:42:39,633 - synapse.storage.databases.main.event_push_actions - 1599 - INFO - rotate_notifs-49 - Rotating notifications up to: 1
2025-03-26 18:42:39,636 - synapse.storage.databases.main.event_push_actions - 1685 - INFO - rotate_notifs-49 - Rotating notifications, handling 0 rows
2025-03-26 18:42:39,647 - synapse.storage.databases.main.event_push_actions - 1770 - INFO - rotate_notifs-49 - Rotating notifications, deleted 0 push actions
2025-03-26 18:42:39,667 - synapse.handlers.presence - 914 - INFO - persist_presence_changes-23 - Persisting 1 unpersisted presence updates
2025-03-26 18:42:39,695 - synapse.util.caches.lrucache - 217 - INFO - LruCache._expire_old_entries-49 - Dropped 0 items from caches
2025-03-26 18:42:39,718 - synapse.storage.databases.main.metrics - 399 - INFO - generate_user_daily_visits-4 - Calling _generate_user_daily_visits
2025-03-26 18:42:49,460 - synapse.access.http.8008 - 508 - INFO - GET-189 - 10.89.0.1 - 8008 - {@admincjw:matrix.localhost} Processed request: 30.004sec/0.001sec (0.000sec, 0.000sec) (0.000sec/0.000sec/0) 225B 200 "GET /_matrix/client/v3/sync?filter=0&timeout=30000&org.matrix.msc4222.use_state_after=true&set_presence=unavailable&since=s1_18_0_1_5_1_1_8_0_1 HTTP/1.1" "Mozilla/5.0 (Windows NT 10.0; Win64; x64) AppleWebKit/537.36 (KHTML, like Gecko) Chrome/134.0.0.0 Safari/537.36" [0 dbevts]
2025-03-26 18:42:49,530 - synapse.access.http.8008 - 508 - INFO - GET-191 - 10.89.0.1 - 8008 - {@admincjw:matrix.localhost} Processed request: 0.004sec/0.001sec (0.000sec, 0.000sec) (0.000sec/0.000sec/0) 371B 200 "GET /_matrix/client/v3/sync?filter=0&timeout=30000&org.matrix.msc4222.use_state_after=true&set_presence=unavailable&since=s1_18_0_1_5_1_1_8_0_1 HTTP/1.1" "Mozilla/5.0 (Windows NT 10.0; Win64; x64) AppleWebKit/537.36 (KHTML, like Gecko) Chrome/134.0.0.0 Safari/537.36" [0 dbevts]
2025-03-26 18:43:09,629 - synapse.storage.databases.main.event_push_actions - 1396 - INFO - rotate_notifs-50 - Rotating notifications
2025-03-26 18:43:09,632 - synapse.storage.databases.main.event_push_actions - 1599 - INFO - rotate_notifs-50 - Rotating notifications up to: 1
2025-03-26 18:43:09,635 - synapse.storage.databases.main.event_push_actions - 1685 - INFO - rotate_notifs-50 - Rotating notifications, handling 0 rows
2025-03-26 18:43:09,646 - synapse.storage.databases.main.event_push_actions - 1770 - INFO - rotate_notifs-50 - Rotating notifications, deleted 0 push actions
2025-03-26 18:43:09,695 - synapse.util.caches.lrucache - 217 - INFO - LruCache._expire_old_entries-50 - Dropped 0 items from caches
2025-03-26 18:43:19,571 - synapse.access.http.8008 - 508 - INFO - GET-193 - 10.89.0.1 - 8008 - {@admincjw:matrix.localhost} Processed request: 30.002sec/0.001sec (0.005sec, 0.000sec) (0.000sec/0.000sec/0) 225B 200 "GET /_matrix/client/v3/sync?filter=0&timeout=30000&org.matrix.msc4222.use_state_after=true&set_presence=unavailable&since=s1_19_0_1_5_1_1_8_0_1 HTTP/1.1" "Mozilla/5.0 (Windows NT 10.0; Win64; x64) AppleWebKit/537.36 (KHTML, like Gecko) Chrome/134.0.0.0 Safari/537.36" [0 dbevts]
2025-03-26 18:43:39,627 - synapse.storage.databases.main.event_push_actions - 1396 - INFO - rotate_notifs-51 - Rotating notifications
2025-03-26 18:43:39,629 - synapse.storage.databases.main.event_push_actions - 1599 - INFO - rotate_notifs-51 - Rotating notifications up to: 1
2025-03-26 18:43:39,630 - synapse.storage.databases.main.event_push_actions - 1685 - INFO - rotate_notifs-51 - Rotating notifications, handling 0 rows
2025-03-26 18:43:39,637 - synapse.storage.databases.main.event_push_actions - 1770 - INFO - rotate_notifs-51 - Rotating notifications, deleted 0 push actions
2025-03-26 18:43:39,668 - synapse.handlers.presence - 914 - INFO - persist_presence_changes-24 - Persisting 1 unpersisted presence updates
2025-03-26 18:43:39,696 - synapse.util.caches.lrucache - 217 - INFO - LruCache._expire_old_entries-51 - Dropped 0 items from caches
2025-03-26 18:43:49,619 - synapse.access.http.8008 - 508 - INFO - GET-195 - 10.89.0.1 - 8008 - {@admincjw:matrix.localhost} Processed request: 30.004sec/0.001sec (0.000sec, 0.000sec) (0.000sec/0.000sec/0) 225B 200 "GET /_matrix/client/v3/sync?filter=0&timeout=30000&org.matrix.msc4222.use_state_after=true&set_presence=unavailable&since=s1_19_0_1_5_1_1_8_0_1 HTTP/1.1" "Mozilla/5.0 (Windows NT 10.0; Win64; x64) AppleWebKit/537.36 (KHTML, like Gecko) Chrome/134.0.0.0 Safari/537.36" [0 dbevts]
2025-03-26 18:43:49,654 - synapse.access.http.8008 - 508 - INFO - GET-197 - 10.89.0.1 - 8008 - {@admincjw:matrix.localhost} Processed request: 0.002sec/0.001sec (0.000sec, 0.000sec) (0.000sec/0.000sec/0) 371B 200 "GET /_matrix/client/v3/sync?filter=0&timeout=30000&org.matrix.msc4222.use_state_after=true&set_presence=unavailable&since=s1_19_0_1_5_1_1_8_0_1 HTTP/1.1" "Mozilla/5.0 (Windows NT 10.0; Win64; x64) AppleWebKit/537.36 (KHTML, like Gecko) Chrome/134.0.0.0 Safari/537.36" [0 dbevts]
2025-03-26 18:44:09,633 - synapse.storage.databases.main.event_push_actions - 1396 - INFO - rotate_notifs-52 - Rotating notifications
2025-03-26 18:44:09,635 - synapse.storage.databases.main.event_push_actions - 1599 - INFO - rotate_notifs-52 - Rotating notifications up to: 1
2025-03-26 18:44:09,639 - synapse.storage.databases.main.event_push_actions - 1685 - INFO - rotate_notifs-52 - Rotating notifications, handling 0 rows
2025-03-26 18:44:09,649 - synapse.storage.databases.main.event_push_actions - 1770 - INFO - rotate_notifs-52 - Rotating notifications, deleted 0 push actions
2025-03-26 18:44:09,695 - synapse.util.caches.lrucache - 217 - INFO - LruCache._expire_old_entries-52 - Dropped 0 items from caches
2025-03-26 18:44:19,673 - synapse.access.http.8008 - 508 - INFO - GET-199 - 10.89.0.1 - 8008 - {@admincjw:matrix.localhost} Processed request: 30.003sec/0.001sec (0.000sec, 0.000sec) (0.000sec/0.000sec/0) 225B 200 "GET /_matrix/client/v3/sync?filter=0&timeout=30000&org.matrix.msc4222.use_state_after=true&set_presence=unavailable&since=s1_20_0_1_5_1_1_8_0_1 HTTP/1.1" "Mozilla/5.0 (Windows NT 10.0; Win64; x64) AppleWebKit/537.36 (KHTML, like Gecko) Chrome/134.0.0.0 Safari/537.36" [0 dbevts]
2025-03-26 18:44:39,629 - synapse.storage.databases.main.event_push_actions - 1396 - INFO - rotate_notifs-53 - Rotating notifications
2025-03-26 18:44:39,631 - synapse.storage.databases.main.event_push_actions - 1599 - INFO - rotate_notifs-53 - Rotating notifications up to: 1
2025-03-26 18:44:39,634 - synapse.storage.databases.main.event_push_actions - 1685 - INFO - rotate_notifs-53 - Rotating notifications, handling 0 rows
2025-03-26 18:44:39,646 - synapse.storage.databases.main.event_push_actions - 1770 - INFO - rotate_notifs-53 - Rotating notifications, deleted 0 push actions
2025-03-26 18:44:39,668 - synapse.handlers.presence - 914 - INFO - persist_presence_changes-25 - Persisting 1 unpersisted presence updates
2025-03-26 18:44:39,695 - synapse.util.caches.lrucache - 217 - INFO - LruCache._expire_old_entries-53 - Dropped 0 items from caches
2025-03-26 18:44:49,718 - synapse.access.http.8008 - 508 - INFO - GET-201 - 10.89.0.1 - 8008 - {@admincjw:matrix.localhost} Processed request: 30.003sec/0.001sec (0.000sec, 0.000sec) (0.000sec/0.000sec/0) 225B 200 "GET /_matrix/client/v3/sync?filter=0&timeout=30000&org.matrix.msc4222.use_state_after=true&set_presence=unavailable&since=s1_20_0_1_5_1_1_8_0_1 HTTP/1.1" "Mozilla/5.0 (Windows NT 10.0; Win64; x64) AppleWebKit/537.36 (KHTML, like Gecko) Chrome/134.0.0.0 Safari/537.36" [0 dbevts]
2025-03-26 18:44:49,752 - synapse.access.http.8008 - 508 - INFO - GET-203 - 10.89.0.1 - 8008 - {@admincjw:matrix.localhost} Processed request: 0.002sec/0.001sec (0.000sec, 0.000sec) (0.000sec/0.000sec/0) 371B 200 "GET /_matrix/client/v3/sync?filter=0&timeout=30000&org.matrix.msc4222.use_state_after=true&set_presence=unavailable&since=s1_20_0_1_5_1_1_8_0_1 HTTP/1.1" "Mozilla/5.0 (Windows NT 10.0; Win64; x64) AppleWebKit/537.36 (KHTML, like Gecko) Chrome/134.0.0.0 Safari/537.36" [0 dbevts]
2025-03-26 18:45:09,631 - synapse.storage.databases.main.event_push_actions - 1396 - INFO - rotate_notifs-54 - Rotating notifications
2025-03-26 18:45:09,632 - synapse.storage.databases.main.event_push_actions - 1599 - INFO - rotate_notifs-54 - Rotating notifications up to: 1
2025-03-26 18:45:09,634 - synapse.storage.databases.main.event_push_actions - 1685 - INFO - rotate_notifs-54 - Rotating notifications, handling 0 rows
2025-03-26 18:45:09,641 - synapse.storage.databases.main.event_push_actions - 1770 - INFO - rotate_notifs-54 - Rotating notifications, deleted 0 push actions
2025-03-26 18:45:09,696 - synapse.util.caches.lrucache - 217 - INFO - LruCache._expire_old_entries-54 - Dropped 0 items from caches
2025-03-26 18:45:19,772 - synapse.access.http.8008 - 508 - INFO - GET-205 - 10.89.0.1 - 8008 - {@admincjw:matrix.localhost} Processed request: 30.002sec/0.001sec (0.000sec, 0.000sec) (0.000sec/0.000sec/0) 225B 200 "GET /_matrix/client/v3/sync?filter=0&timeout=30000&org.matrix.msc4222.use_state_after=true&set_presence=unavailable&since=s1_21_0_1_5_1_1_8_0_1 HTTP/1.1" "Mozilla/5.0 (Windows NT 10.0; Win64; x64) AppleWebKit/537.36 (KHTML, like Gecko) Chrome/134.0.0.0 Safari/537.36" [0 dbevts]
2025-03-26 18:45:39,634 - synapse.storage.databases.main.event_push_actions - 1396 - INFO - rotate_notifs-55 - Rotating notifications
2025-03-26 18:45:39,637 - synapse.storage.databases.main.event_push_actions - 1599 - INFO - rotate_notifs-55 - Rotating notifications up to: 1
2025-03-26 18:45:39,641 - synapse.storage.databases.main.event_push_actions - 1685 - INFO - rotate_notifs-55 - Rotating notifications, handling 0 rows
2025-03-26 18:45:39,652 - synapse.storage.databases.main.event_push_actions - 1770 - INFO - rotate_notifs-55 - Rotating notifications, deleted 0 push actions
2025-03-26 18:45:39,667 - synapse.handlers.presence - 914 - INFO - persist_presence_changes-26 - Persisting 1 unpersisted presence updates
2025-03-26 18:45:39,696 - synapse.util.caches.lrucache - 217 - INFO - LruCache._expire_old_entries-55 - Dropped 0 items from caches
2025-03-26 18:45:49,804 - synapse.access.http.8008 - 508 - INFO - GET-207 - 10.89.0.1 - 8008 - {@admincjw:matrix.localhost} Processed request: 30.003sec/0.000sec (0.000sec, 0.000sec) (0.000sec/0.000sec/0) 225B 200 "GET /_matrix/client/v3/sync?filter=0&timeout=30000&org.matrix.msc4222.use_state_after=true&set_presence=unavailable&since=s1_21_0_1_5_1_1_8_0_1 HTTP/1.1" "Mozilla/5.0 (Windows NT 10.0; Win64; x64) AppleWebKit/537.36 (KHTML, like Gecko) Chrome/134.0.0.0 Safari/537.36" [0 dbevts]
2025-03-26 18:45:49,836 - synapse.access.http.8008 - 508 - INFO - GET-209 - 10.89.0.1 - 8008 - {@admincjw:matrix.localhost} Processed request: 0.002sec/0.001sec (0.000sec, 0.000sec) (0.000sec/0.000sec/0) 371B 200 "GET /_matrix/client/v3/sync?filter=0&timeout=30000&org.matrix.msc4222.use_state_after=true&set_presence=unavailable&since=s1_21_0_1_5_1_1_8_0_1 HTTP/1.1" "Mozilla/5.0 (Windows NT 10.0; Win64; x64) AppleWebKit/537.36 (KHTML, like Gecko) Chrome/134.0.0.0 Safari/537.36" [0 dbevts]
2025-03-26 18:46:09,634 - synapse.storage.databases.main.event_push_actions - 1396 - INFO - rotate_notifs-56 - Rotating notifications
2025-03-26 18:46:09,636 - synapse.storage.databases.main.event_push_actions - 1599 - INFO - rotate_notifs-56 - Rotating notifications up to: 1
2025-03-26 18:46:09,639 - synapse.storage.databases.main.event_push_actions - 1685 - INFO - rotate_notifs-56 - Rotating notifications, handling 0 rows
2025-03-26 18:46:09,648 - synapse.storage.databases.main.event_push_actions - 1770 - INFO - rotate_notifs-56 - Rotating notifications, deleted 0 push actions
2025-03-26 18:46:09,695 - synapse.util.caches.lrucache - 217 - INFO - LruCache._expire_old_entries-56 - Dropped 0 items from caches
2025-03-26 18:46:19,854 - synapse.access.http.8008 - 508 - INFO - GET-211 - 10.89.0.1 - 8008 - {@admincjw:matrix.localhost} Processed request: 30.002sec/0.000sec (0.000sec, 0.000sec) (0.000sec/0.000sec/0) 225B 200 "GET /_matrix/client/v3/sync?filter=0&timeout=30000&org.matrix.msc4222.use_state_after=true&set_presence=unavailable&since=s1_22_0_1_5_1_1_8_0_1 HTTP/1.1" "Mozilla/5.0 (Windows NT 10.0; Win64; x64) AppleWebKit/537.36 (KHTML, like Gecko) Chrome/134.0.0.0 Safari/537.36" [0 dbevts]
2025-03-26 18:46:39,629 - synapse.storage.databases.main.event_push_actions - 1396 - INFO - rotate_notifs-57 - Rotating notifications
2025-03-26 18:46:39,631 - synapse.storage.databases.main.event_push_actions - 1599 - INFO - rotate_notifs-57 - Rotating notifications up to: 1
2025-03-26 18:46:39,635 - synapse.storage.databases.main.event_push_actions - 1685 - INFO - rotate_notifs-57 - Rotating notifications, handling 0 rows
2025-03-26 18:46:39,645 - synapse.storage.databases.main.event_push_actions - 1770 - INFO - rotate_notifs-57 - Rotating notifications, deleted 0 push actions
2025-03-26 18:46:39,669 - synapse.handlers.presence - 914 - INFO - persist_presence_changes-27 - Persisting 1 unpersisted presence updates
2025-03-26 18:46:39,695 - synapse.util.caches.lrucache - 217 - INFO - LruCache._expire_old_entries-57 - Dropped 0 items from caches
2025-03-26 18:46:49,893 - synapse.access.http.8008 - 508 - INFO - GET-213 - 10.89.0.1 - 8008 - {@admincjw:matrix.localhost} Processed request: 30.002sec/0.001sec (0.000sec, 0.000sec) (0.000sec/0.000sec/0) 225B 200 "GET /_matrix/client/v3/sync?filter=0&timeout=30000&org.matrix.msc4222.use_state_after=true&set_presence=unavailable&since=s1_22_0_1_5_1_1_8_0_1 HTTP/1.1" "Mozilla/5.0 (Windows NT 10.0; Win64; x64) AppleWebKit/537.36 (KHTML, like Gecko) Chrome/134.0.0.0 Safari/537.36" [0 dbevts]
2025-03-26 18:46:49,966 - synapse.access.http.8008 - 508 - INFO - GET-215 - 10.89.0.1 - 8008 - {@admincjw:matrix.localhost} Processed request: 0.004sec/0.001sec (0.000sec, 0.000sec) (0.000sec/0.000sec/0) 371B 200 "GET /_matrix/client/v3/sync?filter=0&timeout=30000&org.matrix.msc4222.use_state_after=true&set_presence=unavailable&since=s1_22_0_1_5_1_1_8_0_1 HTTP/1.1" "Mozilla/5.0 (Windows NT 10.0; Win64; x64) AppleWebKit/537.36 (KHTML, like Gecko) Chrome/134.0.0.0 Safari/537.36" [0 dbevts]
2025-03-26 18:47:09,627 - synapse.storage.databases.main.event_push_actions - 1396 - INFO - rotate_notifs-58 - Rotating notifications
2025-03-26 18:47:09,628 - synapse.storage.databases.main.event_push_actions - 1599 - INFO - rotate_notifs-58 - Rotating notifications up to: 1
2025-03-26 18:47:09,629 - synapse.storage.databases.main.event_push_actions - 1685 - INFO - rotate_notifs-58 - Rotating notifications, handling 0 rows
2025-03-26 18:47:09,635 - synapse.storage.databases.main.event_push_actions - 1770 - INFO - rotate_notifs-58 - Rotating notifications, deleted 0 push actions
2025-03-26 18:47:09,696 - synapse.util.caches.lrucache - 217 - INFO - LruCache._expire_old_entries-58 - Dropped 0 items from caches
2025-03-26 18:47:11,382 - synapse.access.http.8008 - 508 - INFO - GET-219 - 10.89.0.1 - 8008 - {@admincjw:matrix.localhost} Processed request: 0.001sec/0.001sec (0.000sec, 0.000sec) (0.000sec/0.000sec/0) 2B 200 "GET /_matrix/client/v3/voip/turnServer HTTP/1.1" "Mozilla/5.0 (Windows NT 10.0; Win64; x64) AppleWebKit/537.36 (KHTML, like Gecko) Chrome/134.0.0.0 Safari/537.36" [0 dbevts]
2025-03-26 18:47:19,997 - synapse.access.http.8008 - 508 - INFO - GET-217 - 10.89.0.1 - 8008 - {@admincjw:matrix.localhost} Processed request: 30.003sec/0.001sec (0.000sec, 0.000sec) (0.000sec/0.000sec/0) 225B 200 "GET /_matrix/client/v3/sync?filter=0&timeout=30000&org.matrix.msc4222.use_state_after=true&set_presence=unavailable&since=s1_23_0_1_5_1_1_8_0_1 HTTP/1.1" "Mozilla/5.0 (Windows NT 10.0; Win64; x64) AppleWebKit/537.36 (KHTML, like Gecko) Chrome/134.0.0.0 Safari/537.36" [0 dbevts]
2025-03-26 18:47:39,622 - synapse.storage.databases.main.event_push_actions - 1242 - INFO - event_push_action_stream_orderings-2 - Searching for stream ordering 1 month ago
2025-03-26 18:47:39,622 - synapse.storage.databases.main.event_push_actions - 1246 - INFO - event_push_action_stream_orderings-2 - Found stream ordering 1 month ago: it's 0
2025-03-26 18:47:39,622 - synapse.storage.databases.main.event_push_actions - 1249 - INFO - event_push_action_stream_orderings-2 - Searching for stream ordering 1 day ago
2025-03-26 18:47:39,623 - synapse.storage.databases.main.event_push_actions - 1253 - INFO - event_push_action_stream_orderings-2 - Found stream ordering 1 day ago: it's 0
2025-03-26 18:47:39,630 - synapse.storage.databases.main.event_push_actions - 1396 - INFO - rotate_notifs-59 - Rotating notifications
2025-03-26 18:47:39,631 - synapse.storage.databases.main.event_push_actions - 1599 - INFO - rotate_notifs-59 - Rotating notifications up to: 1
2025-03-26 18:47:39,632 - synapse.storage.databases.main.event_push_actions - 1685 - INFO - rotate_notifs-59 - Rotating notifications, handling 0 rows
2025-03-26 18:47:39,638 - synapse.storage.databases.main.event_push_actions - 1770 - INFO - rotate_notifs-59 - Rotating notifications, deleted 0 push actions
2025-03-26 18:47:39,668 - synapse.handlers.presence - 914 - INFO - persist_presence_changes-28 - Persisting 1 unpersisted presence updates
2025-03-26 18:47:39,695 - synapse.util.caches.lrucache - 217 - INFO - LruCache._expire_old_entries-59 - Dropped 0 items from caches
2025-03-26 18:47:39,717 - synapse.storage.databases.main.metrics - 399 - INFO - generate_user_daily_visits-5 - Calling _generate_user_daily_visits
2025-03-26 18:47:50,027 - synapse.access.http.8008 - 508 - INFO - GET-221 - 10.89.0.1 - 8008 - {@admincjw:matrix.localhost} Processed request: 30.002sec/0.001sec (0.001sec, 0.000sec) (0.000sec/0.000sec/0) 225B 200 "GET /_matrix/client/v3/sync?filter=0&timeout=30000&org.matrix.msc4222.use_state_after=true&set_presence=unavailable&since=s1_23_0_1_5_1_1_8_0_1 HTTP/1.1" "Mozilla/5.0 (Windows NT 10.0; Win64; x64) AppleWebKit/537.36 (KHTML, like Gecko) Chrome/134.0.0.0 Safari/537.36" [0 dbevts]
2025-03-26 18:47:50,058 - synapse.access.http.8008 - 508 - INFO - GET-223 - 10.89.0.1 - 8008 - {@admincjw:matrix.localhost} Processed request: 0.004sec/0.001sec (0.002sec, 0.000sec) (0.000sec/0.000sec/0) 371B 200 "GET /_matrix/client/v3/sync?filter=0&timeout=30000&org.matrix.msc4222.use_state_after=true&set_presence=unavailable&since=s1_23_0_1_5_1_1_8_0_1 HTTP/1.1" "Mozilla/5.0 (Windows NT 10.0; Win64; x64) AppleWebKit/537.36 (KHTML, like Gecko) Chrome/134.0.0.0 Safari/537.36" [0 dbevts]
2025-03-26 18:48:09,629 - synapse.storage.databases.main.event_push_actions - 1396 - INFO - rotate_notifs-60 - Rotating notifications
2025-03-26 18:48:09,632 - synapse.storage.databases.main.event_push_actions - 1599 - INFO - rotate_notifs-60 - Rotating notifications up to: 1
2025-03-26 18:48:09,636 - synapse.storage.databases.main.event_push_actions - 1685 - INFO - rotate_notifs-60 - Rotating notifications, handling 0 rows
2025-03-26 18:48:09,646 - synapse.storage.databases.main.event_push_actions - 1770 - INFO - rotate_notifs-60 - Rotating notifications, deleted 0 push actions
2025-03-26 18:48:09,696 - synapse.util.caches.lrucache - 217 - INFO - LruCache._expire_old_entries-60 - Dropped 0 items from caches
2025-03-26 18:48:11,383 - twisted - 279 - INFO - sentinel - Timing out client: IPv6Address(type='TCP', host='::ffff:10.89.0.206', port=47862, flowInfo=0, scopeID=0)
2025-03-26 18:48:20,079 - synapse.access.http.8008 - 508 - INFO - GET-225 - 10.89.0.1 - 8008 - {@admincjw:matrix.localhost} Processed request: 30.004sec/0.001sec (0.001sec, 0.000sec) (0.000sec/0.000sec/0) 225B 200 "GET /_matrix/client/v3/sync?filter=0&timeout=30000&org.matrix.msc4222.use_state_after=true&set_presence=unavailable&since=s1_24_0_1_5_1_1_8_0_1 HTTP/1.1" "Mozilla/5.0 (Windows NT 10.0; Win64; x64) AppleWebKit/537.36 (KHTML, like Gecko) Chrome/134.0.0.0 Safari/537.36" [0 dbevts]
2025-03-26 18:48:39,627 - synapse.storage.databases.main.event_push_actions - 1396 - INFO - rotate_notifs-61 - Rotating notifications
2025-03-26 18:48:39,629 - synapse.storage.databases.main.event_push_actions - 1599 - INFO - rotate_notifs-61 - Rotating notifications up to: 1
2025-03-26 18:48:39,632 - synapse.storage.databases.main.event_push_actions - 1685 - INFO - rotate_notifs-61 - Rotating notifications, handling 0 rows
2025-03-26 18:48:39,642 - synapse.storage.databases.main.event_push_actions - 1770 - INFO - rotate_notifs-61 - Rotating notifications, deleted 0 push actions
2025-03-26 18:48:39,668 - synapse.handlers.presence - 914 - INFO - persist_presence_changes-29 - Persisting 1 unpersisted presence updates
2025-03-26 18:48:39,695 - synapse.util.caches.lrucache - 217 - INFO - LruCache._expire_old_entries-61 - Dropped 0 items from caches
2025-03-26 18:48:39,772 - synapse.metrics._gc - 127 - INFO - sentinel - Collecting gc 1
2025-03-26 18:48:50,141 - synapse.access.http.8008 - 508 - INFO - GET-227 - 10.89.0.1 - 8008 - {@admincjw:matrix.localhost} Processed request: 30.004sec/0.001sec (0.000sec, 0.000sec) (0.000sec/0.000sec/0) 225B 200 "GET /_matrix/client/v3/sync?filter=0&timeout=30000&org.matrix.msc4222.use_state_after=true&set_presence=unavailable&since=s1_24_0_1_5_1_1_8_0_1 HTTP/1.1" "Mozilla/5.0 (Windows NT 10.0; Win64; x64) AppleWebKit/537.36 (KHTML, like Gecko) Chrome/134.0.0.0 Safari/537.36" [0 dbevts]
2025-03-26 18:48:50,220 - synapse.access.http.8008 - 508 - INFO - GET-229 - 10.89.0.1 - 8008 - {@admincjw:matrix.localhost} Processed request: 0.005sec/0.001sec (0.000sec, 0.000sec) (0.000sec/0.000sec/0) 372B 200 "GET /_matrix/client/v3/sync?filter=0&timeout=30000&org.matrix.msc4222.use_state_after=true&set_presence=unavailable&since=s1_24_0_1_5_1_1_8_0_1 HTTP/1.1" "Mozilla/5.0 (Windows NT 10.0; Win64; x64) AppleWebKit/537.36 (KHTML, like Gecko) Chrome/134.0.0.0 Safari/537.36" [0 dbevts]
2025-03-26 18:49:09,628 - synapse.storage.databases.main.event_push_actions - 1396 - INFO - rotate_notifs-62 - Rotating notifications
2025-03-26 18:49:09,629 - synapse.storage.databases.main.event_push_actions - 1599 - INFO - rotate_notifs-62 - Rotating notifications up to: 1
2025-03-26 18:49:09,631 - synapse.storage.databases.main.event_push_actions - 1685 - INFO - rotate_notifs-62 - Rotating notifications, handling 0 rows
2025-03-26 18:49:09,639 - synapse.storage.databases.main.event_push_actions - 1770 - INFO - rotate_notifs-62 - Rotating notifications, deleted 0 push actions
2025-03-26 18:49:09,696 - synapse.util.caches.lrucache - 217 - INFO - LruCache._expire_old_entries-62 - Dropped 0 items from caches
2025-03-26 18:49:20,256 - synapse.access.http.8008 - 508 - INFO - GET-231 - 10.89.0.1 - 8008 - {@admincjw:matrix.localhost} Processed request: 30.003sec/0.001sec (0.000sec, 0.000sec) (0.000sec/0.000sec/0) 225B 200 "GET /_matrix/client/v3/sync?filter=0&timeout=30000&org.matrix.msc4222.use_state_after=true&set_presence=unavailable&since=s1_25_0_1_5_1_1_8_0_1 HTTP/1.1" "Mozilla/5.0 (Windows NT 10.0; Win64; x64) AppleWebKit/537.36 (KHTML, like Gecko) Chrome/134.0.0.0 Safari/537.36" [0 dbevts]
2025-03-26 18:49:39,626 - synapse.storage.databases.main.event_push_actions - 1396 - INFO - rotate_notifs-63 - Rotating notifications
2025-03-26 18:49:39,627 - synapse.storage.databases.main.event_push_actions - 1599 - INFO - rotate_notifs-63 - Rotating notifications up to: 1
2025-03-26 18:49:39,629 - synapse.storage.databases.main.event_push_actions - 1685 - INFO - rotate_notifs-63 - Rotating notifications, handling 0 rows
2025-03-26 18:49:39,637 - synapse.storage.databases.main.event_push_actions - 1770 - INFO - rotate_notifs-63 - Rotating notifications, deleted 0 push actions
2025-03-26 18:49:39,668 - synapse.handlers.presence - 914 - INFO - persist_presence_changes-30 - Persisting 1 unpersisted presence updates
2025-03-26 18:49:39,695 - synapse.util.caches.lrucache - 217 - INFO - LruCache._expire_old_entries-63 - Dropped 0 items from caches
2025-03-26 18:49:50,294 - synapse.access.http.8008 - 508 - INFO - GET-233 - 10.89.0.1 - 8008 - {@admincjw:matrix.localhost} Processed request: 30.003sec/0.001sec (0.000sec, 0.000sec) (0.000sec/0.000sec/0) 225B 200 "GET /_matrix/client/v3/sync?filter=0&timeout=30000&org.matrix.msc4222.use_state_after=true&set_presence=unavailable&since=s1_25_0_1_5_1_1_8_0_1 HTTP/1.1" "Mozilla/5.0 (Windows NT 10.0; Win64; x64) AppleWebKit/537.36 (KHTML, like Gecko) Chrome/134.0.0.0 Safari/537.36" [0 dbevts]
2025-03-26 18:49:50,361 - synapse.access.http.8008 - 508 - INFO - GET-235 - 10.89.0.1 - 8008 - {@admincjw:matrix.localhost} Processed request: 0.002sec/0.001sec (0.000sec, 0.000sec) (0.000sec/0.000sec/0) 372B 200 "GET /_matrix/client/v3/sync?filter=0&timeout=30000&org.matrix.msc4222.use_state_after=true&set_presence=unavailable&since=s1_25_0_1_5_1_1_8_0_1 HTTP/1.1" "Mozilla/5.0 (Windows NT 10.0; Win64; x64) AppleWebKit/537.36 (KHTML, like Gecko) Chrome/134.0.0.0 Safari/537.36" [0 dbevts]
2025-03-26 18:50:09,629 - synapse.storage.databases.main.event_push_actions - 1396 - INFO - rotate_notifs-64 - Rotating notifications
2025-03-26 18:50:09,631 - synapse.storage.databases.main.event_push_actions - 1599 - INFO - rotate_notifs-64 - Rotating notifications up to: 1
2025-03-26 18:50:09,634 - synapse.storage.databases.main.event_push_actions - 1685 - INFO - rotate_notifs-64 - Rotating notifications, handling 0 rows
2025-03-26 18:50:09,641 - synapse.storage.databases.main.event_push_actions - 1770 - INFO - rotate_notifs-64 - Rotating notifications, deleted 0 push actions
2025-03-26 18:50:09,695 - synapse.util.caches.lrucache - 217 - INFO - LruCache._expire_old_entries-64 - Dropped 0 items from caches
2025-03-26 18:50:20,390 - synapse.access.http.8008 - 508 - INFO - GET-237 - 10.89.0.1 - 8008 - {@admincjw:matrix.localhost} Processed request: 30.002sec/0.000sec (0.001sec, 0.000sec) (0.000sec/0.000sec/0) 225B 200 "GET /_matrix/client/v3/sync?filter=0&timeout=30000&org.matrix.msc4222.use_state_after=true&set_presence=unavailable&since=s1_26_0_1_5_1_1_8_0_1 HTTP/1.1" "Mozilla/5.0 (Windows NT 10.0; Win64; x64) AppleWebKit/537.36 (KHTML, like Gecko) Chrome/134.0.0.0 Safari/537.36" [0 dbevts]
2025-03-26 18:50:39,631 - synapse.storage.databases.main.event_push_actions - 1396 - INFO - rotate_notifs-65 - Rotating notifications
2025-03-26 18:50:39,633 - synapse.storage.databases.main.event_push_actions - 1599 - INFO - rotate_notifs-65 - Rotating notifications up to: 1
2025-03-26 18:50:39,636 - synapse.storage.databases.main.event_push_actions - 1685 - INFO - rotate_notifs-65 - Rotating notifications, handling 0 rows
2025-03-26 18:50:39,647 - synapse.storage.databases.main.event_push_actions - 1770 - INFO - rotate_notifs-65 - Rotating notifications, deleted 0 push actions
2025-03-26 18:50:39,667 - synapse.handlers.presence - 914 - INFO - persist_presence_changes-31 - Persisting 1 unpersisted presence updates
2025-03-26 18:50:39,696 - synapse.util.caches.lrucache - 217 - INFO - LruCache._expire_old_entries-65 - Dropped 0 items from caches
2025-03-26 18:50:50,423 - synapse.access.http.8008 - 508 - INFO - GET-239 - 10.89.0.1 - 8008 - {@admincjw:matrix.localhost} Processed request: 30.003sec/0.000sec (0.000sec, 0.000sec) (0.000sec/0.000sec/0) 225B 200 "GET /_matrix/client/v3/sync?filter=0&timeout=30000&org.matrix.msc4222.use_state_after=true&set_presence=unavailable&since=s1_26_0_1_5_1_1_8_0_1 HTTP/1.1" "Mozilla/5.0 (Windows NT 10.0; Win64; x64) AppleWebKit/537.36 (KHTML, like Gecko) Chrome/134.0.0.0 Safari/537.36" [0 dbevts]
2025-03-26 18:50:51,152 - synapse.access.http.8008 - 508 - INFO - GET-241 - 10.89.0.1 - 8008 - {@admincjw:matrix.localhost} Processed request: 0.005sec/0.001sec (0.000sec, 0.000sec) (0.000sec/0.000sec/0) 372B 200 "GET /_matrix/client/v3/sync?filter=0&timeout=30000&org.matrix.msc4222.use_state_after=true&set_presence=unavailable&since=s1_26_0_1_5_1_1_8_0_1 HTTP/1.1" "Mozilla/5.0 (Windows NT 10.0; Win64; x64) AppleWebKit/537.36 (KHTML, like Gecko) Chrome/134.0.0.0 Safari/537.36" [0 dbevts]
2025-03-26 18:51:09,629 - synapse.storage.databases.main.event_push_actions - 1396 - INFO - rotate_notifs-66 - Rotating notifications
2025-03-26 18:51:09,631 - synapse.storage.databases.main.event_push_actions - 1599 - INFO - rotate_notifs-66 - Rotating notifications up to: 1
2025-03-26 18:51:09,634 - synapse.storage.databases.main.event_push_actions - 1685 - INFO - rotate_notifs-66 - Rotating notifications, handling 0 rows
2025-03-26 18:51:09,644 - synapse.storage.databases.main.event_push_actions - 1770 - INFO - rotate_notifs-66 - Rotating notifications, deleted 0 push actions
2025-03-26 18:51:09,696 - synapse.util.caches.lrucache - 217 - INFO - LruCache._expire_old_entries-66 - Dropped 0 items from caches
2025-03-26 18:51:21,205 - synapse.access.http.8008 - 508 - INFO - GET-243 - 10.89.0.1 - 8008 - {@admincjw:matrix.localhost} Processed request: 30.004sec/0.001sec (0.000sec, 0.000sec) (0.000sec/0.000sec/0) 225B 200 "GET /_matrix/client/v3/sync?filter=0&timeout=30000&org.matrix.msc4222.use_state_after=true&set_presence=unavailable&since=s1_27_0_1_5_1_1_8_0_1 HTTP/1.1" "Mozilla/5.0 (Windows NT 10.0; Win64; x64) AppleWebKit/537.36 (KHTML, like Gecko) Chrome/134.0.0.0 Safari/537.36" [0 dbevts]
2025-03-26 18:51:39,627 - synapse.storage.databases.main.event_push_actions - 1396 - INFO - rotate_notifs-67 - Rotating notifications
2025-03-26 18:51:39,629 - synapse.storage.databases.main.event_push_actions - 1599 - INFO - rotate_notifs-67 - Rotating notifications up to: 1
2025-03-26 18:51:39,630 - synapse.storage.databases.main.event_push_actions - 1685 - INFO - rotate_notifs-67 - Rotating notifications, handling 0 rows
2025-03-26 18:51:39,636 - synapse.storage.databases.main.event_push_actions - 1770 - INFO - rotate_notifs-67 - Rotating notifications, deleted 0 push actions
2025-03-26 18:51:39,668 - synapse.handlers.presence - 914 - INFO - persist_presence_changes-32 - Persisting 1 unpersisted presence updates
2025-03-26 18:51:39,695 - synapse.util.caches.lrucache - 217 - INFO - LruCache._expire_old_entries-67 - Dropped 0 items from caches
2025-03-26 18:51:51,273 - synapse.access.http.8008 - 508 - INFO - GET-245 - 10.89.0.1 - 8008 - {@admincjw:matrix.localhost} Processed request: 30.004sec/0.000sec (0.000sec, 0.000sec) (0.000sec/0.000sec/0) 225B 200 "GET /_matrix/client/v3/sync?filter=0&timeout=30000&org.matrix.msc4222.use_state_after=true&set_presence=unavailable&since=s1_27_0_1_5_1_1_8_0_1 HTTP/1.1" "Mozilla/5.0 (Windows NT 10.0; Win64; x64) AppleWebKit/537.36 (KHTML, like Gecko) Chrome/134.0.0.0 Safari/537.36" [0 dbevts]
2025-03-26 18:51:51,304 - synapse.access.http.8008 - 508 - INFO - GET-247 - 10.89.0.1 - 8008 - {@admincjw:matrix.localhost} Processed request: 0.002sec/0.000sec (0.001sec, 0.000sec) (0.000sec/0.000sec/0) 372B 200 "GET /_matrix/client/v3/sync?filter=0&timeout=30000&org.matrix.msc4222.use_state_after=true&set_presence=unavailable&since=s1_27_0_1_5_1_1_8_0_1 HTTP/1.1" "Mozilla/5.0 (Windows NT 10.0; Win64; x64) AppleWebKit/537.36 (KHTML, like Gecko) Chrome/134.0.0.0 Safari/537.36" [0 dbevts]
2025-03-26 18:52:09,626 - synapse.storage.databases.main.event_push_actions - 1396 - INFO - rotate_notifs-68 - Rotating notifications
2025-03-26 18:52:09,627 - synapse.storage.databases.main.event_push_actions - 1599 - INFO - rotate_notifs-68 - Rotating notifications up to: 1
2025-03-26 18:52:09,628 - synapse.storage.databases.main.event_push_actions - 1685 - INFO - rotate_notifs-68 - Rotating notifications, handling 0 rows
2025-03-26 18:52:09,633 - synapse.storage.databases.main.event_push_actions - 1770 - INFO - rotate_notifs-68 - Rotating notifications, deleted 0 push actions
2025-03-26 18:52:09,695 - synapse.util.caches.lrucache - 217 - INFO - LruCache._expire_old_entries-68 - Dropped 0 items from caches
2025-03-26 18:52:21,321 - synapse.access.http.8008 - 508 - INFO - GET-249 - 10.89.0.1 - 8008 - {@admincjw:matrix.localhost} Processed request: 30.001sec/0.001sec (0.000sec, 0.000sec) (0.000sec/0.000sec/0) 225B 200 "GET /_matrix/client/v3/sync?filter=0&timeout=30000&org.matrix.msc4222.use_state_after=true&set_presence=unavailable&since=s1_28_0_1_5_1_1_8_0_1 HTTP/1.1" "Mozilla/5.0 (Windows NT 10.0; Win64; x64) AppleWebKit/537.36 (KHTML, like Gecko) Chrome/134.0.0.0 Safari/537.36" [0 dbevts]
2025-03-26 18:52:39,630 - synapse.storage.databases.main.event_push_actions - 1396 - INFO - rotate_notifs-69 - Rotating notifications
2025-03-26 18:52:39,633 - synapse.storage.databases.main.event_push_actions - 1599 - INFO - rotate_notifs-69 - Rotating notifications up to: 1
2025-03-26 18:52:39,636 - synapse.storage.databases.main.event_push_actions - 1685 - INFO - rotate_notifs-69 - Rotating notifications, handling 0 rows
2025-03-26 18:52:39,647 - synapse.storage.databases.main.event_push_actions - 1770 - INFO - rotate_notifs-69 - Rotating notifications, deleted 0 push actions
2025-03-26 18:52:39,668 - synapse.handlers.presence - 914 - INFO - persist_presence_changes-33 - Persisting 1 unpersisted presence updates
2025-03-26 18:52:39,697 - synapse.util.caches.lrucache - 217 - INFO - LruCache._expire_old_entries-69 - Dropped 0 items from caches
2025-03-26 18:52:39,718 - synapse.storage.databases.main.metrics - 399 - INFO - generate_user_daily_visits-6 - Calling _generate_user_daily_visits
2025-03-26 18:52:51,382 - synapse.access.http.8008 - 508 - INFO - GET-251 - 10.89.0.1 - 8008 - {@admincjw:matrix.localhost} Processed request: 30.003sec/0.001sec (0.000sec, 0.000sec) (0.000sec/0.000sec/0) 225B 200 "GET /_matrix/client/v3/sync?filter=0&timeout=30000&org.matrix.msc4222.use_state_after=true&set_presence=unavailable&since=s1_28_0_1_5_1_1_8_0_1 HTTP/1.1" "Mozilla/5.0 (Windows NT 10.0; Win64; x64) AppleWebKit/537.36 (KHTML, like Gecko) Chrome/134.0.0.0 Safari/537.36" [0 dbevts]
2025-03-26 18:52:51,422 - synapse.access.http.8008 - 508 - INFO - GET-253 - 10.89.0.1 - 8008 - {@admincjw:matrix.localhost} Processed request: 0.004sec/0.001sec (0.002sec, 0.000sec) (0.000sec/0.000sec/0) 372B 200 "GET /_matrix/client/v3/sync?filter=0&timeout=30000&org.matrix.msc4222.use_state_after=true&set_presence=unavailable&since=s1_28_0_1_5_1_1_8_0_1 HTTP/1.1" "Mozilla/5.0 (Windows NT 10.0; Win64; x64) AppleWebKit/537.36 (KHTML, like Gecko) Chrome/134.0.0.0 Safari/537.36" [0 dbevts]
2025-03-26 18:53:09,627 - synapse.storage.databases.main.event_push_actions - 1396 - INFO - rotate_notifs-70 - Rotating notifications
2025-03-26 18:53:09,628 - synapse.storage.databases.main.event_push_actions - 1599 - INFO - rotate_notifs-70 - Rotating notifications up to: 1
2025-03-26 18:53:09,628 - synapse.storage.databases.main.event_push_actions - 1685 - INFO - rotate_notifs-70 - Rotating notifications, handling 0 rows
2025-03-26 18:53:09,633 - synapse.storage.databases.main.event_push_actions - 1770 - INFO - rotate_notifs-70 - Rotating notifications, deleted 0 push actions
2025-03-26 18:53:09,696 - synapse.util.caches.lrucache - 217 - INFO - LruCache._expire_old_entries-70 - Dropped 0 items from caches
2025-03-26 18:53:21,442 - synapse.access.http.8008 - 508 - INFO - GET-255 - 10.89.0.1 - 8008 - {@admincjw:matrix.localhost} Processed request: 30.002sec/0.001sec (0.000sec, 0.000sec) (0.000sec/0.000sec/0) 225B 200 "GET /_matrix/client/v3/sync?filter=0&timeout=30000&org.matrix.msc4222.use_state_after=true&set_presence=unavailable&since=s1_29_0_1_5_1_1_8_0_1 HTTP/1.1" "Mozilla/5.0 (Windows NT 10.0; Win64; x64) AppleWebKit/537.36 (KHTML, like Gecko) Chrome/134.0.0.0 Safari/537.36" [0 dbevts]
2025-03-26 18:53:39,626 - synapse.storage.databases.main.event_push_actions - 1396 - INFO - rotate_notifs-71 - Rotating notifications
2025-03-26 18:53:39,627 - synapse.storage.databases.main.event_push_actions - 1599 - INFO - rotate_notifs-71 - Rotating notifications up to: 1
2025-03-26 18:53:39,629 - synapse.storage.databases.main.event_push_actions - 1685 - INFO - rotate_notifs-71 - Rotating notifications, handling 0 rows
2025-03-26 18:53:39,636 - synapse.storage.databases.main.event_push_actions - 1770 - INFO - rotate_notifs-71 - Rotating notifications, deleted 0 push actions
2025-03-26 18:53:39,668 - synapse.handlers.presence - 914 - INFO - persist_presence_changes-34 - Persisting 1 unpersisted presence updates
2025-03-26 18:53:39,695 - synapse.util.caches.lrucache - 217 - INFO - LruCache._expire_old_entries-71 - Dropped 0 items from caches
2025-03-26 18:53:51,491 - synapse.access.http.8008 - 508 - INFO - GET-257 - 10.89.0.1 - 8008 - {@admincjw:matrix.localhost} Processed request: 30.004sec/0.001sec (0.003sec, 0.000sec) (0.000sec/0.000sec/0) 225B 200 "GET /_matrix/client/v3/sync?filter=0&timeout=30000&org.matrix.msc4222.use_state_after=true&set_presence=unavailable&since=s1_29_0_1_5_1_1_8_0_1 HTTP/1.1" "Mozilla/5.0 (Windows NT 10.0; Win64; x64) AppleWebKit/537.36 (KHTML, like Gecko) Chrome/134.0.0.0 Safari/537.36" [0 dbevts]
2025-03-26 18:53:51,527 - synapse.access.http.8008 - 508 - INFO - GET-259 - 10.89.0.1 - 8008 - {@admincjw:matrix.localhost} Processed request: 0.003sec/0.001sec (0.000sec, 0.000sec) (0.000sec/0.000sec/0) 372B 200 "GET /_matrix/client/v3/sync?filter=0&timeout=30000&org.matrix.msc4222.use_state_after=true&set_presence=unavailable&since=s1_29_0_1_5_1_1_8_0_1 HTTP/1.1" "Mozilla/5.0 (Windows NT 10.0; Win64; x64) AppleWebKit/537.36 (KHTML, like Gecko) Chrome/134.0.0.0 Safari/537.36" [0 dbevts]
2025-03-26 18:54:09,630 - synapse.storage.databases.main.event_push_actions - 1396 - INFO - rotate_notifs-72 - Rotating notifications
2025-03-26 18:54:09,633 - synapse.storage.databases.main.event_push_actions - 1599 - INFO - rotate_notifs-72 - Rotating notifications up to: 1
2025-03-26 18:54:09,637 - synapse.storage.databases.main.event_push_actions - 1685 - INFO - rotate_notifs-72 - Rotating notifications, handling 0 rows
2025-03-26 18:54:09,648 - synapse.storage.databases.main.event_push_actions - 1770 - INFO - rotate_notifs-72 - Rotating notifications, deleted 0 push actions
2025-03-26 18:54:09,695 - synapse.util.caches.lrucache - 217 - INFO - LruCache._expire_old_entries-72 - Dropped 0 items from caches
2025-03-26 18:54:21,548 - synapse.access.http.8008 - 508 - INFO - GET-261 - 10.89.0.1 - 8008 - {@admincjw:matrix.localhost} Processed request: 30.002sec/0.001sec (0.000sec, 0.000sec) (0.000sec/0.000sec/0) 225B 200 "GET /_matrix/client/v3/sync?filter=0&timeout=30000&org.matrix.msc4222.use_state_after=true&set_presence=unavailable&since=s1_30_0_1_5_1_1_8_0_1 HTTP/1.1" "Mozilla/5.0 (Windows NT 10.0; Win64; x64) AppleWebKit/537.36 (KHTML, like Gecko) Chrome/134.0.0.0 Safari/537.36" [0 dbevts]
2025-03-26 18:54:39,629 - synapse.storage.databases.main.event_push_actions - 1396 - INFO - rotate_notifs-73 - Rotating notifications
2025-03-26 18:54:39,631 - synapse.storage.databases.main.event_push_actions - 1599 - INFO - rotate_notifs-73 - Rotating notifications up to: 1
2025-03-26 18:54:39,633 - synapse.storage.databases.main.event_push_actions - 1685 - INFO - rotate_notifs-73 - Rotating notifications, handling 0 rows
2025-03-26 18:54:39,644 - synapse.storage.databases.main.event_push_actions - 1770 - INFO - rotate_notifs-73 - Rotating notifications, deleted 0 push actions
2025-03-26 18:54:39,668 - synapse.handlers.presence - 914 - INFO - persist_presence_changes-35 - Persisting 1 unpersisted presence updates
2025-03-26 18:54:39,695 - synapse.util.caches.lrucache - 217 - INFO - LruCache._expire_old_entries-73 - Dropped 0 items from caches
2025-03-26 18:54:51,586 - synapse.access.http.8008 - 508 - INFO - GET-263 - 10.89.0.1 - 8008 - {@admincjw:matrix.localhost} Processed request: 30.003sec/0.000sec (0.002sec, 0.000sec) (0.000sec/0.000sec/0) 225B 200 "GET /_matrix/client/v3/sync?filter=0&timeout=30000&org.matrix.msc4222.use_state_after=true&set_presence=unavailable&since=s1_30_0_1_5_1_1_8_0_1 HTTP/1.1" "Mozilla/5.0 (Windows NT 10.0; Win64; x64) AppleWebKit/537.36 (KHTML, like Gecko) Chrome/134.0.0.0 Safari/537.36" [0 dbevts]
2025-03-26 18:54:51,629 - synapse.access.http.8008 - 508 - INFO - GET-265 - 10.89.0.1 - 8008 - {@admincjw:matrix.localhost} Processed request: 0.002sec/0.000sec (0.000sec, 0.000sec) (0.000sec/0.000sec/0) 372B 200 "GET /_matrix/client/v3/sync?filter=0&timeout=30000&org.matrix.msc4222.use_state_after=true&set_presence=unavailable&since=s1_30_0_1_5_1_1_8_0_1 HTTP/1.1" "Mozilla/5.0 (Windows NT 10.0; Win64; x64) AppleWebKit/537.36 (KHTML, like Gecko) Chrome/134.0.0.0 Safari/537.36" [0 dbevts]
2025-03-26 18:55:09,626 - synapse.storage.databases.main.event_push_actions - 1396 - INFO - rotate_notifs-74 - Rotating notifications
2025-03-26 18:55:09,627 - synapse.storage.databases.main.event_push_actions - 1599 - INFO - rotate_notifs-74 - Rotating notifications up to: 1
2025-03-26 18:55:09,628 - synapse.storage.databases.main.event_push_actions - 1685 - INFO - rotate_notifs-74 - Rotating notifications, handling 0 rows
2025-03-26 18:55:09,635 - synapse.storage.databases.main.event_push_actions - 1770 - INFO - rotate_notifs-74 - Rotating notifications, deleted 0 push actions
2025-03-26 18:55:09,695 - synapse.util.caches.lrucache - 217 - INFO - LruCache._expire_old_entries-74 - Dropped 0 items from caches
2025-03-26 18:55:21,650 - synapse.access.http.8008 - 508 - INFO - GET-267 - 10.89.0.1 - 8008 - {@admincjw:matrix.localhost} Processed request: 30.003sec/0.001sec (0.000sec, 0.000sec) (0.000sec/0.000sec/0) 225B 200 "GET /_matrix/client/v3/sync?filter=0&timeout=30000&org.matrix.msc4222.use_state_after=true&set_presence=unavailable&since=s1_31_0_1_5_1_1_8_0_1 HTTP/1.1" "Mozilla/5.0 (Windows NT 10.0; Win64; x64) AppleWebKit/537.36 (KHTML, like Gecko) Chrome/134.0.0.0 Safari/537.36" [0 dbevts]
2025-03-26 18:55:39,630 - synapse.storage.databases.main.event_push_actions - 1396 - INFO - rotate_notifs-75 - Rotating notifications
2025-03-26 18:55:39,632 - synapse.storage.databases.main.event_push_actions - 1599 - INFO - rotate_notifs-75 - Rotating notifications up to: 1
2025-03-26 18:55:39,635 - synapse.storage.databases.main.event_push_actions - 1685 - INFO - rotate_notifs-75 - Rotating notifications, handling 0 rows
2025-03-26 18:55:39,646 - synapse.storage.databases.main.event_push_actions - 1770 - INFO - rotate_notifs-75 - Rotating notifications, deleted 0 push actions
2025-03-26 18:55:39,668 - synapse.handlers.presence - 914 - INFO - persist_presence_changes-36 - Persisting 1 unpersisted presence updates
2025-03-26 18:55:39,695 - synapse.util.caches.lrucache - 217 - INFO - LruCache._expire_old_entries-75 - Dropped 0 items from caches
2025-03-26 18:55:51,730 - synapse.access.http.8008 - 508 - INFO - GET-269 - 10.89.0.1 - 8008 - {@admincjw:matrix.localhost} Processed request: 30.005sec/0.001sec (0.000sec, 0.000sec) (0.000sec/0.000sec/0) 225B 200 "GET /_matrix/client/v3/sync?filter=0&timeout=30000&org.matrix.msc4222.use_state_after=true&set_presence=unavailable&since=s1_31_0_1_5_1_1_8_0_1 HTTP/1.1" "Mozilla/5.0 (Windows NT 10.0; Win64; x64) AppleWebKit/537.36 (KHTML, like Gecko) Chrome/134.0.0.0 Safari/537.36" [0 dbevts]
2025-03-26 18:55:51,762 - synapse.access.http.8008 - 508 - INFO - GET-271 - 10.89.0.1 - 8008 - {@admincjw:matrix.localhost} Processed request: 0.003sec/0.001sec (0.001sec, 0.000sec) (0.000sec/0.000sec/0) 372B 200 "GET /_matrix/client/v3/sync?filter=0&timeout=30000&org.matrix.msc4222.use_state_after=true&set_presence=unavailable&since=s1_31_0_1_5_1_1_8_0_1 HTTP/1.1" "Mozilla/5.0 (Windows NT 10.0; Win64; x64) AppleWebKit/537.36 (KHTML, like Gecko) Chrome/134.0.0.0 Safari/537.36" [0 dbevts]
2025-03-26 18:56:09,633 - synapse.storage.databases.main.event_push_actions - 1396 - INFO - rotate_notifs-76 - Rotating notifications
2025-03-26 18:56:09,635 - synapse.storage.databases.main.event_push_actions - 1599 - INFO - rotate_notifs-76 - Rotating notifications up to: 1
2025-03-26 18:56:09,638 - synapse.storage.databases.main.event_push_actions - 1685 - INFO - rotate_notifs-76 - Rotating notifications, handling 0 rows
2025-03-26 18:56:09,648 - synapse.storage.databases.main.event_push_actions - 1770 - INFO - rotate_notifs-76 - Rotating notifications, deleted 0 push actions
2025-03-26 18:56:09,695 - synapse.util.caches.lrucache - 217 - INFO - LruCache._expire_old_entries-76 - Dropped 0 items from caches
2025-03-26 18:56:21,780 - synapse.access.http.8008 - 508 - INFO - GET-273 - 10.89.0.1 - 8008 - {@admincjw:matrix.localhost} Processed request: 30.002sec/0.001sec (0.000sec, 0.000sec) (0.000sec/0.000sec/0) 225B 200 "GET /_matrix/client/v3/sync?filter=0&timeout=30000&org.matrix.msc4222.use_state_after=true&set_presence=unavailable&since=s1_32_0_1_5_1_1_8_0_1 HTTP/1.1" "Mozilla/5.0 (Windows NT 10.0; Win64; x64) AppleWebKit/537.36 (KHTML, like Gecko) Chrome/134.0.0.0 Safari/537.36" [0 dbevts]
2025-03-26 18:56:39,626 - synapse.storage.databases.main.event_push_actions - 1396 - INFO - rotate_notifs-77 - Rotating notifications
2025-03-26 18:56:39,627 - synapse.storage.databases.main.event_push_actions - 1599 - INFO - rotate_notifs-77 - Rotating notifications up to: 1
2025-03-26 18:56:39,628 - synapse.storage.databases.main.event_push_actions - 1685 - INFO - rotate_notifs-77 - Rotating notifications, handling 0 rows
2025-03-26 18:56:39,633 - synapse.storage.databases.main.event_push_actions - 1770 - INFO - rotate_notifs-77 - Rotating notifications, deleted 0 push actions
2025-03-26 18:56:39,668 - synapse.handlers.presence - 914 - INFO - persist_presence_changes-37 - Persisting 1 unpersisted presence updates
2025-03-26 18:56:39,695 - synapse.util.caches.lrucache - 217 - INFO - LruCache._expire_old_entries-77 - Dropped 0 items from caches
2025-03-26 18:56:51,814 - synapse.access.http.8008 - 508 - INFO - GET-275 - 10.89.0.1 - 8008 - {@admincjw:matrix.localhost} Processed request: 30.002sec/0.001sec (0.000sec, 0.000sec) (0.000sec/0.000sec/0) 225B 200 "GET /_matrix/client/v3/sync?filter=0&timeout=30000&org.matrix.msc4222.use_state_after=true&set_presence=unavailable&since=s1_32_0_1_5_1_1_8_0_1 HTTP/1.1" "Mozilla/5.0 (Windows NT 10.0; Win64; x64) AppleWebKit/537.36 (KHTML, like Gecko) Chrome/134.0.0.0 Safari/537.36" [0 dbevts]
2025-03-26 18:56:51,859 - synapse.access.http.8008 - 508 - INFO - GET-277 - 10.89.0.1 - 8008 - {@admincjw:matrix.localhost} Processed request: 0.002sec/0.000sec (0.000sec, 0.000sec) (0.000sec/0.000sec/0) 372B 200 "GET /_matrix/client/v3/sync?filter=0&timeout=30000&org.matrix.msc4222.use_state_after=true&set_presence=unavailable&since=s1_32_0_1_5_1_1_8_0_1 HTTP/1.1" "Mozilla/5.0 (Windows NT 10.0; Win64; x64) AppleWebKit/537.36 (KHTML, like Gecko) Chrome/134.0.0.0 Safari/537.36" [0 dbevts]
2025-03-26 18:57:09,627 - synapse.storage.databases.main.event_push_actions - 1396 - INFO - rotate_notifs-78 - Rotating notifications
2025-03-26 18:57:09,628 - synapse.storage.databases.main.event_push_actions - 1599 - INFO - rotate_notifs-78 - Rotating notifications up to: 1
2025-03-26 18:57:09,630 - synapse.storage.databases.main.event_push_actions - 1685 - INFO - rotate_notifs-78 - Rotating notifications, handling 0 rows
2025-03-26 18:57:09,638 - synapse.storage.databases.main.event_push_actions - 1770 - INFO - rotate_notifs-78 - Rotating notifications, deleted 0 push actions
2025-03-26 18:57:09,696 - synapse.util.caches.lrucache - 217 - INFO - LruCache._expire_old_entries-78 - Dropped 2 items from caches
2025-03-26 18:57:11,379 - synapse.access.http.8008 - 508 - INFO - GET-281 - 10.89.0.1 - 8008 - {@admincjw:matrix.localhost} Processed request: 0.000sec/0.001sec (0.000sec, 0.000sec) (0.000sec/0.000sec/0) 2B 200 "GET /_matrix/client/v3/voip/turnServer HTTP/1.1" "Mozilla/5.0 (Windows NT 10.0; Win64; x64) AppleWebKit/537.36 (KHTML, like Gecko) Chrome/134.0.0.0 Safari/537.36" [0 dbevts]
2025-03-26 18:57:21,881 - synapse.access.http.8008 - 508 - INFO - GET-279 - 10.89.0.1 - 8008 - {@admincjw:matrix.localhost} Processed request: 30.001sec/0.000sec (0.000sec, 0.000sec) (0.000sec/0.000sec/0) 225B 200 "GET /_matrix/client/v3/sync?filter=0&timeout=30000&org.matrix.msc4222.use_state_after=true&set_presence=unavailable&since=s1_33_0_1_5_1_1_8_0_1 HTTP/1.1" "Mozilla/5.0 (Windows NT 10.0; Win64; x64) AppleWebKit/537.36 (KHTML, like Gecko) Chrome/134.0.0.0 Safari/537.36" [0 dbevts]
2025-03-26 18:57:39,621 - synapse.storage.databases.main.event_push_actions - 1242 - INFO - event_push_action_stream_orderings-3 - Searching for stream ordering 1 month ago
2025-03-26 18:57:39,622 - synapse.storage.databases.main.event_push_actions - 1246 - INFO - event_push_action_stream_orderings-3 - Found stream ordering 1 month ago: it's 0
2025-03-26 18:57:39,622 - synapse.storage.databases.main.event_push_actions - 1249 - INFO - event_push_action_stream_orderings-3 - Searching for stream ordering 1 day ago
2025-03-26 18:57:39,623 - synapse.storage.databases.main.event_push_actions - 1253 - INFO - event_push_action_stream_orderings-3 - Found stream ordering 1 day ago: it's 0
2025-03-26 18:57:39,629 - synapse.storage.databases.main.event_push_actions - 1396 - INFO - rotate_notifs-79 - Rotating notifications
2025-03-26 18:57:39,630 - synapse.storage.databases.main.event_push_actions - 1599 - INFO - rotate_notifs-79 - Rotating notifications up to: 1
2025-03-26 18:57:39,632 - synapse.storage.databases.main.event_push_actions - 1685 - INFO - rotate_notifs-79 - Rotating notifications, handling 0 rows
2025-03-26 18:57:39,638 - synapse.storage.databases.main.event_push_actions - 1770 - INFO - rotate_notifs-79 - Rotating notifications, deleted 0 push actions
2025-03-26 18:57:39,668 - synapse.handlers.presence - 914 - INFO - persist_presence_changes-38 - Persisting 1 unpersisted presence updates
2025-03-26 18:57:39,696 - synapse.util.caches.lrucache - 217 - INFO - LruCache._expire_old_entries-79 - Dropped 11 items from caches
2025-03-26 18:57:39,717 - synapse.storage.databases.main.metrics - 399 - INFO - generate_user_daily_visits-7 - Calling _generate_user_daily_visits
2025-03-26 18:57:51,903 - synapse.access.http.8008 - 508 - INFO - GET-283 - 10.89.0.1 - 8008 - {@admincjw:matrix.localhost} Processed request: 30.002sec/0.001sec (0.000sec, 0.000sec) (0.000sec/0.000sec/0) 225B 200 "GET /_matrix/client/v3/sync?filter=0&timeout=30000&org.matrix.msc4222.use_state_after=true&set_presence=unavailable&since=s1_33_0_1_5_1_1_8_0_1 HTTP/1.1" "Mozilla/5.0 (Windows NT 10.0; Win64; x64) AppleWebKit/537.36 (KHTML, like Gecko) Chrome/134.0.0.0 Safari/537.36" [0 dbevts]
2025-03-26 18:57:51,927 - synapse.access.http.8008 - 508 - INFO - GET-285 - 10.89.0.1 - 8008 - {@admincjw:matrix.localhost} Processed request: 0.002sec/0.000sec (0.000sec, 0.000sec) (0.000sec/0.000sec/0) 372B 200 "GET /_matrix/client/v3/sync?filter=0&timeout=30000&org.matrix.msc4222.use_state_after=true&set_presence=unavailable&since=s1_33_0_1_5_1_1_8_0_1 HTTP/1.1" "Mozilla/5.0 (Windows NT 10.0; Win64; x64) AppleWebKit/537.36 (KHTML, like Gecko) Chrome/134.0.0.0 Safari/537.36" [0 dbevts]
2025-03-26 18:58:09,629 - synapse.storage.databases.main.event_push_actions - 1396 - INFO - rotate_notifs-80 - Rotating notifications
2025-03-26 18:58:09,631 - synapse.storage.databases.main.event_push_actions - 1599 - INFO - rotate_notifs-80 - Rotating notifications up to: 1
2025-03-26 18:58:09,633 - synapse.storage.databases.main.event_push_actions - 1685 - INFO - rotate_notifs-80 - Rotating notifications, handling 0 rows
2025-03-26 18:58:09,641 - synapse.storage.databases.main.event_push_actions - 1770 - INFO - rotate_notifs-80 - Rotating notifications, deleted 0 push actions
2025-03-26 18:58:09,696 - synapse.util.caches.lrucache - 217 - INFO - LruCache._expire_old_entries-80 - Dropped 0 items from caches
2025-03-26 18:58:11,380 - twisted - 279 - INFO - sentinel - Timing out client: IPv6Address(type='TCP', host='::ffff:10.89.0.206', port=34024, flowInfo=0, scopeID=0)
2025-03-26 18:58:21,947 - synapse.access.http.8008 - 508 - INFO - GET-287 - 10.89.0.1 - 8008 - {@admincjw:matrix.localhost} Processed request: 30.003sec/0.001sec (0.001sec, 0.000sec) (0.000sec/0.000sec/0) 225B 200 "GET /_matrix/client/v3/sync?filter=0&timeout=30000&org.matrix.msc4222.use_state_after=true&set_presence=unavailable&since=s1_34_0_1_5_1_1_8_0_1 HTTP/1.1" "Mozilla/5.0 (Windows NT 10.0; Win64; x64) AppleWebKit/537.36 (KHTML, like Gecko) Chrome/134.0.0.0 Safari/537.36" [0 dbevts]
2025-03-26 18:58:39,629 - synapse.storage.databases.main.event_push_actions - 1396 - INFO - rotate_notifs-81 - Rotating notifications
2025-03-26 18:58:39,631 - synapse.storage.databases.main.event_push_actions - 1599 - INFO - rotate_notifs-81 - Rotating notifications up to: 1
2025-03-26 18:58:39,634 - synapse.storage.databases.main.event_push_actions - 1685 - INFO - rotate_notifs-81 - Rotating notifications, handling 0 rows
2025-03-26 18:58:39,645 - synapse.storage.databases.main.event_push_actions - 1770 - INFO - rotate_notifs-81 - Rotating notifications, deleted 0 push actions
2025-03-26 18:58:39,667 - synapse.handlers.presence - 914 - INFO - persist_presence_changes-39 - Persisting 1 unpersisted presence updates
2025-03-26 18:58:39,695 - synapse.util.caches.lrucache - 217 - INFO - LruCache._expire_old_entries-81 - Dropped 0 items from caches
2025-03-26 18:58:52,008 - synapse.access.http.8008 - 508 - INFO - GET-289 - 10.89.0.1 - 8008 - {@admincjw:matrix.localhost} Processed request: 30.005sec/0.001sec (0.001sec, 0.000sec) (0.000sec/0.000sec/0) 225B 200 "GET /_matrix/client/v3/sync?filter=0&timeout=30000&org.matrix.msc4222.use_state_after=true&set_presence=unavailable&since=s1_34_0_1_5_1_1_8_0_1 HTTP/1.1" "Mozilla/5.0 (Windows NT 10.0; Win64; x64) AppleWebKit/537.36 (KHTML, like Gecko) Chrome/134.0.0.0 Safari/537.36" [0 dbevts]
2025-03-26 18:58:52,082 - synapse.access.http.8008 - 508 - INFO - GET-291 - 10.89.0.1 - 8008 - {@admincjw:matrix.localhost} Processed request: 0.004sec/0.001sec (0.005sec, 0.000sec) (0.000sec/0.000sec/0) 372B 200 "GET /_matrix/client/v3/sync?filter=0&timeout=30000&org.matrix.msc4222.use_state_after=true&set_presence=unavailable&since=s1_34_0_1_5_1_1_8_0_1 HTTP/1.1" "Mozilla/5.0 (Windows NT 10.0; Win64; x64) AppleWebKit/537.36 (KHTML, like Gecko) Chrome/134.0.0.0 Safari/537.36" [0 dbevts]
2025-03-26 18:59:09,629 - synapse.storage.databases.main.event_push_actions - 1396 - INFO - rotate_notifs-82 - Rotating notifications
2025-03-26 18:59:09,631 - synapse.storage.databases.main.event_push_actions - 1599 - INFO - rotate_notifs-82 - Rotating notifications up to: 1
2025-03-26 18:59:09,634 - synapse.storage.databases.main.event_push_actions - 1685 - INFO - rotate_notifs-82 - Rotating notifications, handling 0 rows
2025-03-26 18:59:09,642 - synapse.storage.databases.main.event_push_actions - 1770 - INFO - rotate_notifs-82 - Rotating notifications, deleted 0 push actions
2025-03-26 18:59:09,695 - synapse.util.caches.lrucache - 217 - INFO - LruCache._expire_old_entries-82 - Dropped 0 items from caches
2025-03-26 18:59:22,120 - synapse.access.http.8008 - 508 - INFO - GET-293 - 10.89.0.1 - 8008 - {@admincjw:matrix.localhost} Processed request: 30.003sec/0.001sec (0.000sec, 0.000sec) (0.000sec/0.000sec/0) 225B 200 "GET /_matrix/client/v3/sync?filter=0&timeout=30000&org.matrix.msc4222.use_state_after=true&set_presence=unavailable&since=s1_35_0_1_5_1_1_8_0_1 HTTP/1.1" "Mozilla/5.0 (Windows NT 10.0; Win64; x64) AppleWebKit/537.36 (KHTML, like Gecko) Chrome/134.0.0.0 Safari/537.36" [0 dbevts]
2025-03-26 18:59:39,631 - synapse.storage.databases.main.event_push_actions - 1396 - INFO - rotate_notifs-83 - Rotating notifications
2025-03-26 18:59:39,633 - synapse.storage.databases.main.event_push_actions - 1599 - INFO - rotate_notifs-83 - Rotating notifications up to: 1
2025-03-26 18:59:39,635 - synapse.storage.databases.main.event_push_actions - 1685 - INFO - rotate_notifs-83 - Rotating notifications, handling 0 rows
2025-03-26 18:59:39,644 - synapse.storage.databases.main.event_push_actions - 1770 - INFO - rotate_notifs-83 - Rotating notifications, deleted 0 push actions
2025-03-26 18:59:39,668 - synapse.handlers.presence - 914 - INFO - persist_presence_changes-40 - Persisting 1 unpersisted presence updates
2025-03-26 18:59:39,695 - synapse.util.caches.lrucache - 217 - INFO - LruCache._expire_old_entries-83 - Dropped 0 items from caches
2025-03-26 18:59:52,153 - synapse.access.http.8008 - 508 - INFO - GET-295 - 10.89.0.1 - 8008 - {@admincjw:matrix.localhost} Processed request: 30.003sec/0.001sec (0.001sec, 0.000sec) (0.000sec/0.000sec/0) 225B 200 "GET /_matrix/client/v3/sync?filter=0&timeout=30000&org.matrix.msc4222.use_state_after=true&set_presence=unavailable&since=s1_35_0_1_5_1_1_8_0_1 HTTP/1.1" "Mozilla/5.0 (Windows NT 10.0; Win64; x64) AppleWebKit/537.36 (KHTML, like Gecko) Chrome/134.0.0.0 Safari/537.36" [0 dbevts]
2025-03-26 18:59:52,189 - synapse.access.http.8008 - 508 - INFO - GET-297 - 10.89.0.1 - 8008 - {@admincjw:matrix.localhost} Processed request: 0.003sec/0.000sec (0.002sec, 0.000sec) (0.000sec/0.000sec/0) 372B 200 "GET /_matrix/client/v3/sync?filter=0&timeout=30000&org.matrix.msc4222.use_state_after=true&set_presence=unavailable&since=s1_35_0_1_5_1_1_8_0_1 HTTP/1.1" "Mozilla/5.0 (Windows NT 10.0; Win64; x64) AppleWebKit/537.36 (KHTML, like Gecko) Chrome/134.0.0.0 Safari/537.36" [0 dbevts]
2025-03-26 19:00:09,631 - synapse.storage.databases.main.event_push_actions - 1396 - INFO - rotate_notifs-84 - Rotating notifications
2025-03-26 19:00:09,633 - synapse.storage.databases.main.event_push_actions - 1599 - INFO - rotate_notifs-84 - Rotating notifications up to: 1
2025-03-26 19:00:09,637 - synapse.storage.databases.main.event_push_actions - 1685 - INFO - rotate_notifs-84 - Rotating notifications, handling 0 rows
2025-03-26 19:00:09,649 - synapse.storage.databases.main.event_push_actions - 1770 - INFO - rotate_notifs-84 - Rotating notifications, deleted 0 push actions
2025-03-26 19:00:09,696 - synapse.util.caches.lrucache - 217 - INFO - LruCache._expire_old_entries-84 - Dropped 0 items from caches
2025-03-26 19:00:22,210 - synapse.access.http.8008 - 508 - INFO - GET-299 - 10.89.0.1 - 8008 - {@admincjw:matrix.localhost} Processed request: 30.002sec/0.001sec (0.000sec, 0.000sec) (0.000sec/0.000sec/0) 225B 200 "GET /_matrix/client/v3/sync?filter=0&timeout=30000&org.matrix.msc4222.use_state_after=true&set_presence=unavailable&since=s1_36_0_1_5_1_1_8_0_1 HTTP/1.1" "Mozilla/5.0 (Windows NT 10.0; Win64; x64) AppleWebKit/537.36 (KHTML, like Gecko) Chrome/134.0.0.0 Safari/537.36" [0 dbevts]
2025-03-26 19:00:39,629 - synapse.storage.databases.main.event_push_actions - 1396 - INFO - rotate_notifs-85 - Rotating notifications
2025-03-26 19:00:39,631 - synapse.storage.databases.main.event_push_actions - 1599 - INFO - rotate_notifs-85 - Rotating notifications up to: 1
2025-03-26 19:00:39,634 - synapse.storage.databases.main.event_push_actions - 1685 - INFO - rotate_notifs-85 - Rotating notifications, handling 0 rows
2025-03-26 19:00:39,646 - synapse.storage.databases.main.event_push_actions - 1770 - INFO - rotate_notifs-85 - Rotating notifications, deleted 0 push actions
2025-03-26 19:00:39,668 - synapse.handlers.presence - 914 - INFO - persist_presence_changes-41 - Persisting 1 unpersisted presence updates
2025-03-26 19:00:39,696 - synapse.util.caches.lrucache - 217 - INFO - LruCache._expire_old_entries-85 - Dropped 0 items from caches
2025-03-26 19:00:52,253 - synapse.access.http.8008 - 508 - INFO - GET-301 - 10.89.0.1 - 8008 - {@admincjw:matrix.localhost} Processed request: 30.003sec/0.001sec (0.000sec, 0.000sec) (0.000sec/0.000sec/0) 225B 200 "GET /_matrix/client/v3/sync?filter=0&timeout=30000&org.matrix.msc4222.use_state_after=true&set_presence=unavailable&since=s1_36_0_1_5_1_1_8_0_1 HTTP/1.1" "Mozilla/5.0 (Windows NT 10.0; Win64; x64) AppleWebKit/537.36 (KHTML, like Gecko) Chrome/134.0.0.0 Safari/537.36" [0 dbevts]
2025-03-26 19:00:52,299 - synapse.access.http.8008 - 508 - INFO - GET-303 - 10.89.0.1 - 8008 - {@admincjw:matrix.localhost} Processed request: 0.002sec/0.001sec (0.000sec, 0.000sec) (0.000sec/0.000sec/0) 372B 200 "GET /_matrix/client/v3/sync?filter=0&timeout=30000&org.matrix.msc4222.use_state_after=true&set_presence=unavailable&since=s1_36_0_1_5_1_1_8_0_1 HTTP/1.1" "Mozilla/5.0 (Windows NT 10.0; Win64; x64) AppleWebKit/537.36 (KHTML, like Gecko) Chrome/134.0.0.0 Safari/537.36" [0 dbevts]
2025-03-26 19:01:09,626 - synapse.storage.databases.main.event_push_actions - 1396 - INFO - rotate_notifs-86 - Rotating notifications
2025-03-26 19:01:09,627 - synapse.storage.databases.main.event_push_actions - 1599 - INFO - rotate_notifs-86 - Rotating notifications up to: 1
2025-03-26 19:01:09,628 - synapse.storage.databases.main.event_push_actions - 1685 - INFO - rotate_notifs-86 - Rotating notifications, handling 0 rows
2025-03-26 19:01:09,635 - synapse.storage.databases.main.event_push_actions - 1770 - INFO - rotate_notifs-86 - Rotating notifications, deleted 0 push actions
2025-03-26 19:01:09,695 - synapse.util.caches.lrucache - 217 - INFO - LruCache._expire_old_entries-86 - Dropped 0 items from caches
2025-03-26 19:01:22,326 - synapse.access.http.8008 - 508 - INFO - GET-305 - 10.89.0.1 - 8008 - {@admincjw:matrix.localhost} Processed request: 30.002sec/0.001sec (0.001sec, 0.000sec) (0.000sec/0.000sec/0) 225B 200 "GET /_matrix/client/v3/sync?filter=0&timeout=30000&org.matrix.msc4222.use_state_after=true&set_presence=unavailable&since=s1_37_0_1_5_1_1_8_0_1 HTTP/1.1" "Mozilla/5.0 (Windows NT 10.0; Win64; x64) AppleWebKit/537.36 (KHTML, like Gecko) Chrome/134.0.0.0 Safari/537.36" [0 dbevts]
2025-03-26 19:01:39,627 - synapse.storage.databases.main.event_push_actions - 1396 - INFO - rotate_notifs-87 - Rotating notifications
2025-03-26 19:01:39,630 - synapse.storage.databases.main.event_push_actions - 1599 - INFO - rotate_notifs-87 - Rotating notifications up to: 1
2025-03-26 19:01:39,633 - synapse.storage.databases.main.event_push_actions - 1685 - INFO - rotate_notifs-87 - Rotating notifications, handling 0 rows
2025-03-26 19:01:39,643 - synapse.storage.databases.main.event_push_actions - 1770 - INFO - rotate_notifs-87 - Rotating notifications, deleted 0 push actions
2025-03-26 19:01:39,668 - synapse.handlers.presence - 914 - INFO - persist_presence_changes-42 - Persisting 1 unpersisted presence updates
2025-03-26 19:01:39,696 - synapse.util.caches.lrucache - 217 - INFO - LruCache._expire_old_entries-87 - Dropped 0 items from caches
2025-03-26 19:01:52,369 - synapse.access.http.8008 - 508 - INFO - GET-307 - 10.89.0.1 - 8008 - {@admincjw:matrix.localhost} Processed request: 30.004sec/0.000sec (0.000sec, 0.000sec) (0.000sec/0.000sec/0) 225B 200 "GET /_matrix/client/v3/sync?filter=0&timeout=30000&org.matrix.msc4222.use_state_after=true&set_presence=unavailable&since=s1_37_0_1_5_1_1_8_0_1 HTTP/1.1" "Mozilla/5.0 (Windows NT 10.0; Win64; x64) AppleWebKit/537.36 (KHTML, like Gecko) Chrome/134.0.0.0 Safari/537.36" [0 dbevts]
2025-03-26 19:01:52,406 - synapse.access.http.8008 - 508 - INFO - GET-309 - 10.89.0.1 - 8008 - {@admincjw:matrix.localhost} Processed request: 0.003sec/0.001sec (0.000sec, 0.000sec) (0.000sec/0.000sec/0) 372B 200 "GET /_matrix/client/v3/sync?filter=0&timeout=30000&org.matrix.msc4222.use_state_after=true&set_presence=unavailable&since=s1_37_0_1_5_1_1_8_0_1 HTTP/1.1" "Mozilla/5.0 (Windows NT 10.0; Win64; x64) AppleWebKit/537.36 (KHTML, like Gecko) Chrome/134.0.0.0 Safari/537.36" [0 dbevts]
2025-03-26 19:02:09,629 - synapse.storage.databases.main.event_push_actions - 1396 - INFO - rotate_notifs-88 - Rotating notifications
2025-03-26 19:02:09,631 - synapse.storage.databases.main.event_push_actions - 1599 - INFO - rotate_notifs-88 - Rotating notifications up to: 1
2025-03-26 19:02:09,634 - synapse.storage.databases.main.event_push_actions - 1685 - INFO - rotate_notifs-88 - Rotating notifications, handling 0 rows
2025-03-26 19:02:09,643 - synapse.storage.databases.main.event_push_actions - 1770 - INFO - rotate_notifs-88 - Rotating notifications, deleted 0 push actions
2025-03-26 19:02:09,695 - synapse.util.caches.lrucache - 217 - INFO - LruCache._expire_old_entries-88 - Dropped 0 items from caches
2025-03-26 19:02:22,427 - synapse.access.http.8008 - 508 - INFO - GET-311 - 10.89.0.1 - 8008 - {@admincjw:matrix.localhost} Processed request: 30.003sec/0.001sec (0.000sec, 0.000sec) (0.000sec/0.000sec/0) 225B 200 "GET /_matrix/client/v3/sync?filter=0&timeout=30000&org.matrix.msc4222.use_state_after=true&set_presence=unavailable&since=s1_38_0_1_5_1_1_8_0_1 HTTP/1.1" "Mozilla/5.0 (Windows NT 10.0; Win64; x64) AppleWebKit/537.36 (KHTML, like Gecko) Chrome/134.0.0.0 Safari/537.36" [0 dbevts]
2025-03-26 19:02:39,629 - synapse.storage.databases.main.event_push_actions - 1396 - INFO - rotate_notifs-89 - Rotating notifications
2025-03-26 19:02:39,631 - synapse.storage.databases.main.event_push_actions - 1599 - INFO - rotate_notifs-89 - Rotating notifications up to: 1
2025-03-26 19:02:39,633 - synapse.storage.databases.main.event_push_actions - 1685 - INFO - rotate_notifs-89 - Rotating notifications, handling 0 rows
2025-03-26 19:02:39,643 - synapse.storage.databases.main.event_push_actions - 1770 - INFO - rotate_notifs-89 - Rotating notifications, deleted 0 push actions
2025-03-26 19:02:39,671 - synapse.handlers.presence - 914 - INFO - persist_presence_changes-43 - Persisting 1 unpersisted presence updates
2025-03-26 19:02:39,695 - synapse.util.caches.lrucache - 217 - INFO - LruCache._expire_old_entries-89 - Dropped 0 items from caches
2025-03-26 19:02:39,718 - synapse.storage.databases.main.metrics - 399 - INFO - generate_user_daily_visits-8 - Calling _generate_user_daily_visits
2025-03-26 19:02:52,485 - synapse.access.http.8008 - 508 - INFO - GET-313 - 10.89.0.1 - 8008 - {@admincjw:matrix.localhost} Processed request: 30.003sec/0.001sec (0.000sec, 0.000sec) (0.000sec/0.000sec/0) 225B 200 "GET /_matrix/client/v3/sync?filter=0&timeout=30000&org.matrix.msc4222.use_state_after=true&set_presence=unavailable&since=s1_38_0_1_5_1_1_8_0_1 HTTP/1.1" "Mozilla/5.0 (Windows NT 10.0; Win64; x64) AppleWebKit/537.36 (KHTML, like Gecko) Chrome/134.0.0.0 Safari/537.36" [0 dbevts]
2025-03-26 19:02:52,545 - synapse.access.http.8008 - 508 - INFO - GET-315 - 10.89.0.1 - 8008 - {@admincjw:matrix.localhost} Processed request: 0.004sec/0.001sec (0.000sec, 0.001sec) (0.000sec/0.001sec/1) 372B 200 "GET /_matrix/client/v3/sync?filter=0&timeout=30000&org.matrix.msc4222.use_state_after=true&set_presence=unavailable&since=s1_38_0_1_5_1_1_8_0_1 HTTP/1.1" "Mozilla/5.0 (Windows NT 10.0; Win64; x64) AppleWebKit/537.36 (KHTML, like Gecko) Chrome/134.0.0.0 Safari/537.36" [0 dbevts]
2025-03-26 19:03:09,627 - synapse.storage.databases.main.event_push_actions - 1396 - INFO - rotate_notifs-90 - Rotating notifications
2025-03-26 19:03:09,629 - synapse.storage.databases.main.event_push_actions - 1599 - INFO - rotate_notifs-90 - Rotating notifications up to: 1
2025-03-26 19:03:09,630 - synapse.storage.databases.main.event_push_actions - 1685 - INFO - rotate_notifs-90 - Rotating notifications, handling 0 rows
2025-03-26 19:03:09,637 - synapse.storage.databases.main.event_push_actions - 1770 - INFO - rotate_notifs-90 - Rotating notifications, deleted 0 push actions
2025-03-26 19:03:09,696 - synapse.util.caches.lrucache - 217 - INFO - LruCache._expire_old_entries-90 - Dropped 0 items from caches
2025-03-26 19:03:22,578 - synapse.access.http.8008 - 508 - INFO - GET-317 - 10.89.0.1 - 8008 - {@admincjw:matrix.localhost} Processed request: 30.003sec/0.001sec (0.000sec, 0.000sec) (0.000sec/0.000sec/0) 225B 200 "GET /_matrix/client/v3/sync?filter=0&timeout=30000&org.matrix.msc4222.use_state_after=true&set_presence=unavailable&since=s1_39_0_1_5_1_1_8_0_1 HTTP/1.1" "Mozilla/5.0 (Windows NT 10.0; Win64; x64) AppleWebKit/537.36 (KHTML, like Gecko) Chrome/134.0.0.0 Safari/537.36" [0 dbevts]
2025-03-26 19:03:39,627 - synapse.storage.databases.main.event_push_actions - 1396 - INFO - rotate_notifs-91 - Rotating notifications
2025-03-26 19:03:39,628 - synapse.storage.databases.main.event_push_actions - 1599 - INFO - rotate_notifs-91 - Rotating notifications up to: 1
2025-03-26 19:03:39,630 - synapse.storage.databases.main.event_push_actions - 1685 - INFO - rotate_notifs-91 - Rotating notifications, handling 0 rows
2025-03-26 19:03:39,636 - synapse.storage.databases.main.event_push_actions - 1770 - INFO - rotate_notifs-91 - Rotating notifications, deleted 0 push actions
2025-03-26 19:03:39,668 - synapse.handlers.presence - 914 - INFO - persist_presence_changes-44 - Persisting 1 unpersisted presence updates
2025-03-26 19:03:39,695 - synapse.util.caches.lrucache - 217 - INFO - LruCache._expire_old_entries-91 - Dropped 0 items from caches
2025-03-26 19:03:39,773 - synapse.metrics._gc - 127 - INFO - sentinel - Collecting gc 1
2025-03-26 19:03:52,613 - synapse.access.http.8008 - 508 - INFO - GET-319 - 10.89.0.1 - 8008 - {@admincjw:matrix.localhost} Processed request: 30.003sec/0.001sec (0.000sec, 0.000sec) (0.000sec/0.000sec/0) 225B 200 "GET /_matrix/client/v3/sync?filter=0&timeout=30000&org.matrix.msc4222.use_state_after=true&set_presence=unavailable&since=s1_39_0_1_5_1_1_8_0_1 HTTP/1.1" "Mozilla/5.0 (Windows NT 10.0; Win64; x64) AppleWebKit/537.36 (KHTML, like Gecko) Chrome/134.0.0.0 Safari/537.36" [0 dbevts]
2025-03-26 19:03:52,644 - synapse.access.http.8008 - 508 - INFO - GET-321 - 10.89.0.1 - 8008 - {@admincjw:matrix.localhost} Processed request: 0.002sec/0.000sec (0.000sec, 0.000sec) (0.000sec/0.000sec/0) 372B 200 "GET /_matrix/client/v3/sync?filter=0&timeout=30000&org.matrix.msc4222.use_state_after=true&set_presence=unavailable&since=s1_39_0_1_5_1_1_8_0_1 HTTP/1.1" "Mozilla/5.0 (Windows NT 10.0; Win64; x64) AppleWebKit/537.36 (KHTML, like Gecko) Chrome/134.0.0.0 Safari/537.36" [0 dbevts]
2025-03-26 19:04:09,628 - synapse.storage.databases.main.event_push_actions - 1396 - INFO - rotate_notifs-92 - Rotating notifications
2025-03-26 19:04:09,630 - synapse.storage.databases.main.event_push_actions - 1599 - INFO - rotate_notifs-92 - Rotating notifications up to: 1
2025-03-26 19:04:09,634 - synapse.storage.databases.main.event_push_actions - 1685 - INFO - rotate_notifs-92 - Rotating notifications, handling 0 rows
2025-03-26 19:04:09,643 - synapse.storage.databases.main.event_push_actions - 1770 - INFO - rotate_notifs-92 - Rotating notifications, deleted 0 push actions
2025-03-26 19:04:09,696 - synapse.util.caches.lrucache - 217 - INFO - LruCache._expire_old_entries-92 - Dropped 0 items from caches
2025-03-26 19:04:22,661 - synapse.access.http.8008 - 508 - INFO - GET-323 - 10.89.0.1 - 8008 - {@admincjw:matrix.localhost} Processed request: 30.003sec/0.001sec (0.000sec, 0.000sec) (0.000sec/0.000sec/0) 225B 200 "GET /_matrix/client/v3/sync?filter=0&timeout=30000&org.matrix.msc4222.use_state_after=true&set_presence=unavailable&since=s1_40_0_1_5_1_1_8_0_1 HTTP/1.1" "Mozilla/5.0 (Windows NT 10.0; Win64; x64) AppleWebKit/537.36 (KHTML, like Gecko) Chrome/134.0.0.0 Safari/537.36" [0 dbevts]
2025-03-26 19:04:39,632 - synapse.storage.databases.main.event_push_actions - 1396 - INFO - rotate_notifs-93 - Rotating notifications
2025-03-26 19:04:39,635 - synapse.storage.databases.main.event_push_actions - 1599 - INFO - rotate_notifs-93 - Rotating notifications up to: 1
2025-03-26 19:04:39,638 - synapse.storage.databases.main.event_push_actions - 1685 - INFO - rotate_notifs-93 - Rotating notifications, handling 0 rows
2025-03-26 19:04:39,648 - synapse.storage.databases.main.event_push_actions - 1770 - INFO - rotate_notifs-93 - Rotating notifications, deleted 0 push actions
2025-03-26 19:04:39,668 - synapse.handlers.presence - 914 - INFO - persist_presence_changes-45 - Persisting 1 unpersisted presence updates
2025-03-26 19:04:39,695 - synapse.util.caches.lrucache - 217 - INFO - LruCache._expire_old_entries-93 - Dropped 0 items from caches
2025-03-26 19:04:52,733 - synapse.access.http.8008 - 508 - INFO - GET-325 - 10.89.0.1 - 8008 - {@admincjw:matrix.localhost} Processed request: 30.003sec/0.001sec (0.001sec, 0.000sec) (0.000sec/0.000sec/0) 225B 200 "GET /_matrix/client/v3/sync?filter=0&timeout=30000&org.matrix.msc4222.use_state_after=true&set_presence=unavailable&since=s1_40_0_1_5_1_1_8_0_1 HTTP/1.1" "Mozilla/5.0 (Windows NT 10.0; Win64; x64) AppleWebKit/537.36 (KHTML, like Gecko) Chrome/134.0.0.0 Safari/537.36" [0 dbevts]
2025-03-26 19:04:52,810 - synapse.access.http.8008 - 508 - INFO - GET-327 - 10.89.0.1 - 8008 - {@admincjw:matrix.localhost} Processed request: 0.005sec/0.001sec (0.000sec, 0.000sec) (0.000sec/0.000sec/0) 372B 200 "GET /_matrix/client/v3/sync?filter=0&timeout=30000&org.matrix.msc4222.use_state_after=true&set_presence=unavailable&since=s1_40_0_1_5_1_1_8_0_1 HTTP/1.1" "Mozilla/5.0 (Windows NT 10.0; Win64; x64) AppleWebKit/537.36 (KHTML, like Gecko) Chrome/134.0.0.0 Safari/537.36" [0 dbevts]
2025-03-26 19:05:09,629 - synapse.storage.databases.main.event_push_actions - 1396 - INFO - rotate_notifs-94 - Rotating notifications
2025-03-26 19:05:09,632 - synapse.storage.databases.main.event_push_actions - 1599 - INFO - rotate_notifs-94 - Rotating notifications up to: 1
2025-03-26 19:05:09,635 - synapse.storage.databases.main.event_push_actions - 1685 - INFO - rotate_notifs-94 - Rotating notifications, handling 0 rows
2025-03-26 19:05:09,644 - synapse.storage.databases.main.event_push_actions - 1770 - INFO - rotate_notifs-94 - Rotating notifications, deleted 0 push actions
2025-03-26 19:05:09,696 - synapse.util.caches.lrucache - 217 - INFO - LruCache._expire_old_entries-94 - Dropped 0 items from caches
2025-03-26 19:05:22,855 - synapse.access.http.8008 - 508 - INFO - GET-329 - 10.89.0.1 - 8008 - {@admincjw:matrix.localhost} Processed request: 30.004sec/0.001sec (0.003sec, 0.000sec) (0.000sec/0.000sec/0) 225B 200 "GET /_matrix/client/v3/sync?filter=0&timeout=30000&org.matrix.msc4222.use_state_after=true&set_presence=unavailable&since=s1_41_0_1_5_1_1_8_0_1 HTTP/1.1" "Mozilla/5.0 (Windows NT 10.0; Win64; x64) AppleWebKit/537.36 (KHTML, like Gecko) Chrome/134.0.0.0 Safari/537.36" [0 dbevts]
2025-03-26 19:05:39,629 - synapse.storage.databases.main.event_push_actions - 1396 - INFO - rotate_notifs-95 - Rotating notifications
2025-03-26 19:05:39,631 - synapse.storage.databases.main.event_push_actions - 1599 - INFO - rotate_notifs-95 - Rotating notifications up to: 1
2025-03-26 19:05:39,633 - synapse.storage.databases.main.event_push_actions - 1685 - INFO - rotate_notifs-95 - Rotating notifications, handling 0 rows
2025-03-26 19:05:39,642 - synapse.storage.databases.main.event_push_actions - 1770 - INFO - rotate_notifs-95 - Rotating notifications, deleted 0 push actions
2025-03-26 19:05:39,668 - synapse.handlers.presence - 914 - INFO - persist_presence_changes-46 - Persisting 1 unpersisted presence updates
2025-03-26 19:05:39,696 - synapse.util.caches.lrucache - 217 - INFO - LruCache._expire_old_entries-95 - Dropped 0 items from caches
2025-03-26 19:05:52,909 - synapse.access.http.8008 - 508 - INFO - GET-331 - 10.89.0.1 - 8008 - {@admincjw:matrix.localhost} Processed request: 30.004sec/0.000sec (0.000sec, 0.000sec) (0.000sec/0.000sec/0) 225B 200 "GET /_matrix/client/v3/sync?filter=0&timeout=30000&org.matrix.msc4222.use_state_after=true&set_presence=unavailable&since=s1_41_0_1_5_1_1_8_0_1 HTTP/1.1" "Mozilla/5.0 (Windows NT 10.0; Win64; x64) AppleWebKit/537.36 (KHTML, like Gecko) Chrome/134.0.0.0 Safari/537.36" [0 dbevts]
2025-03-26 19:05:52,940 - synapse.access.http.8008 - 508 - INFO - GET-333 - 10.89.0.1 - 8008 - {@admincjw:matrix.localhost} Processed request: 0.002sec/0.000sec (0.001sec, 0.000sec) (0.000sec/0.000sec/0) 372B 200 "GET /_matrix/client/v3/sync?filter=0&timeout=30000&org.matrix.msc4222.use_state_after=true&set_presence=unavailable&since=s1_41_0_1_5_1_1_8_0_1 HTTP/1.1" "Mozilla/5.0 (Windows NT 10.0; Win64; x64) AppleWebKit/537.36 (KHTML, like Gecko) Chrome/134.0.0.0 Safari/537.36" [0 dbevts]
2025-03-26 19:06:09,634 - synapse.storage.databases.main.event_push_actions - 1396 - INFO - rotate_notifs-96 - Rotating notifications
2025-03-26 19:06:09,636 - synapse.storage.databases.main.event_push_actions - 1599 - INFO - rotate_notifs-96 - Rotating notifications up to: 1
2025-03-26 19:06:09,640 - synapse.storage.databases.main.event_push_actions - 1685 - INFO - rotate_notifs-96 - Rotating notifications, handling 0 rows
2025-03-26 19:06:09,651 - synapse.storage.databases.main.event_push_actions - 1770 - INFO - rotate_notifs-96 - Rotating notifications, deleted 0 push actions
2025-03-26 19:06:09,696 - synapse.util.caches.lrucache - 217 - INFO - LruCache._expire_old_entries-96 - Dropped 0 items from caches
2025-03-26 19:06:22,958 - synapse.access.http.8008 - 508 - INFO - GET-335 - 10.89.0.1 - 8008 - {@admincjw:matrix.localhost} Processed request: 30.003sec/0.001sec (0.001sec, 0.000sec) (0.000sec/0.000sec/0) 225B 200 "GET /_matrix/client/v3/sync?filter=0&timeout=30000&org.matrix.msc4222.use_state_after=true&set_presence=unavailable&since=s1_42_0_1_5_1_1_8_0_1 HTTP/1.1" "Mozilla/5.0 (Windows NT 10.0; Win64; x64) AppleWebKit/537.36 (KHTML, like Gecko) Chrome/134.0.0.0 Safari/537.36" [0 dbevts]
2025-03-26 19:06:39,633 - synapse.storage.databases.main.event_push_actions - 1396 - INFO - rotate_notifs-97 - Rotating notifications
2025-03-26 19:06:39,636 - synapse.storage.databases.main.event_push_actions - 1599 - INFO - rotate_notifs-97 - Rotating notifications up to: 1
2025-03-26 19:06:39,639 - synapse.storage.databases.main.event_push_actions - 1685 - INFO - rotate_notifs-97 - Rotating notifications, handling 0 rows
2025-03-26 19:06:39,651 - synapse.storage.databases.main.event_push_actions - 1770 - INFO - rotate_notifs-97 - Rotating notifications, deleted 0 push actions
2025-03-26 19:06:39,668 - synapse.handlers.presence - 914 - INFO - persist_presence_changes-47 - Persisting 1 unpersisted presence updates
2025-03-26 19:06:39,696 - synapse.util.caches.lrucache - 217 - INFO - LruCache._expire_old_entries-97 - Dropped 0 items from caches
2025-03-26 19:06:53,019 - synapse.access.http.8008 - 508 - INFO - GET-337 - 10.89.0.1 - 8008 - {@admincjw:matrix.localhost} Processed request: 30.002sec/0.001sec (0.001sec, 0.000sec) (0.000sec/0.000sec/0) 225B 200 "GET /_matrix/client/v3/sync?filter=0&timeout=30000&org.matrix.msc4222.use_state_after=true&set_presence=unavailable&since=s1_42_0_1_5_1_1_8_0_1 HTTP/1.1" "Mozilla/5.0 (Windows NT 10.0; Win64; x64) AppleWebKit/537.36 (KHTML, like Gecko) Chrome/134.0.0.0 Safari/537.36" [0 dbevts]
2025-03-26 19:06:53,087 - synapse.access.http.8008 - 508 - INFO - GET-339 - 10.89.0.1 - 8008 - {@admincjw:matrix.localhost} Processed request: 0.005sec/0.001sec (0.005sec, 0.000sec) (0.000sec/0.000sec/0) 372B 200 "GET /_matrix/client/v3/sync?filter=0&timeout=30000&org.matrix.msc4222.use_state_after=true&set_presence=unavailable&since=s1_42_0_1_5_1_1_8_0_1 HTTP/1.1" "Mozilla/5.0 (Windows NT 10.0; Win64; x64) AppleWebKit/537.36 (KHTML, like Gecko) Chrome/134.0.0.0 Safari/537.36" [0 dbevts]
2025-03-26 19:07:09,639 - synapse.storage.databases.main.event_push_actions - 1396 - INFO - rotate_notifs-98 - Rotating notifications
2025-03-26 19:07:09,641 - synapse.storage.databases.main.event_push_actions - 1599 - INFO - rotate_notifs-98 - Rotating notifications up to: 1
2025-03-26 19:07:09,645 - synapse.storage.databases.main.event_push_actions - 1685 - INFO - rotate_notifs-98 - Rotating notifications, handling 0 rows
2025-03-26 19:07:09,654 - synapse.storage.databases.main.event_push_actions - 1770 - INFO - rotate_notifs-98 - Rotating notifications, deleted 0 push actions
2025-03-26 19:07:09,696 - synapse.util.caches.lrucache - 217 - INFO - LruCache._expire_old_entries-98 - Dropped 0 items from caches
2025-03-26 19:07:11,383 - synapse.access.http.8008 - 508 - INFO - GET-343 - 10.89.0.1 - 8008 - {@admincjw:matrix.localhost} Processed request: 0.001sec/0.001sec (0.000sec, 0.000sec) (0.000sec/0.000sec/0) 2B 200 "GET /_matrix/client/v3/voip/turnServer HTTP/1.1" "Mozilla/5.0 (Windows NT 10.0; Win64; x64) AppleWebKit/537.36 (KHTML, like Gecko) Chrome/134.0.0.0 Safari/537.36" [0 dbevts]
2025-03-26 19:07:23,126 - synapse.access.http.8008 - 508 - INFO - GET-341 - 10.89.0.1 - 8008 - {@admincjw:matrix.localhost} Processed request: 30.004sec/0.001sec (0.005sec, 0.000sec) (0.000sec/0.000sec/0) 225B 200 "GET /_matrix/client/v3/sync?filter=0&timeout=30000&org.matrix.msc4222.use_state_after=true&set_presence=unavailable&since=s1_43_0_1_5_1_1_8_0_1 HTTP/1.1" "Mozilla/5.0 (Windows NT 10.0; Win64; x64) AppleWebKit/537.36 (KHTML, like Gecko) Chrome/134.0.0.0 Safari/537.36" [0 dbevts]
2025-03-26 19:07:39,621 - synapse.storage.databases.main.event_push_actions - 1242 - INFO - event_push_action_stream_orderings-4 - Searching for stream ordering 1 month ago
2025-03-26 19:07:39,623 - synapse.storage.databases.main.event_push_actions - 1246 - INFO - event_push_action_stream_orderings-4 - Found stream ordering 1 month ago: it's 0
2025-03-26 19:07:39,623 - synapse.storage.databases.main.event_push_actions - 1249 - INFO - event_push_action_stream_orderings-4 - Searching for stream ordering 1 day ago
2025-03-26 19:07:39,624 - synapse.storage.databases.main.event_push_actions - 1253 - INFO - event_push_action_stream_orderings-4 - Found stream ordering 1 day ago: it's 0
2025-03-26 19:07:39,641 - synapse.storage.databases.main.event_push_actions - 1396 - INFO - rotate_notifs-99 - Rotating notifications
2025-03-26 19:07:39,643 - synapse.storage.databases.main.event_push_actions - 1599 - INFO - rotate_notifs-99 - Rotating notifications up to: 1
2025-03-26 19:07:39,647 - synapse.storage.databases.main.event_push_actions - 1685 - INFO - rotate_notifs-99 - Rotating notifications, handling 0 rows
2025-03-26 19:07:39,657 - synapse.storage.databases.main.event_push_actions - 1770 - INFO - rotate_notifs-99 - Rotating notifications, deleted 0 push actions
2025-03-26 19:07:39,668 - synapse.handlers.presence - 914 - INFO - persist_presence_changes-48 - Persisting 1 unpersisted presence updates
2025-03-26 19:07:39,695 - synapse.util.caches.lrucache - 217 - INFO - LruCache._expire_old_entries-99 - Dropped 0 items from caches
2025-03-26 19:07:39,718 - synapse.storage.databases.main.metrics - 399 - INFO - generate_user_daily_visits-9 - Calling _generate_user_daily_visits
2025-03-26 19:07:53,154 - synapse.access.http.8008 - 508 - INFO - GET-345 - 10.89.0.1 - 8008 - {@admincjw:matrix.localhost} Processed request: 30.003sec/0.000sec (0.004sec, 0.000sec) (0.000sec/0.000sec/0) 225B 200 "GET /_matrix/client/v3/sync?filter=0&timeout=30000&org.matrix.msc4222.use_state_after=true&set_presence=unavailable&since=s1_43_0_1_5_1_1_8_0_1 HTTP/1.1" "Mozilla/5.0 (Windows NT 10.0; Win64; x64) AppleWebKit/537.36 (KHTML, like Gecko) Chrome/134.0.0.0 Safari/537.36" [0 dbevts]
2025-03-26 19:07:53,196 - synapse.access.http.8008 - 508 - INFO - GET-347 - 10.89.0.1 - 8008 - {@admincjw:matrix.localhost} Processed request: 0.003sec/0.001sec (0.001sec, 0.000sec) (0.000sec/0.000sec/0) 372B 200 "GET /_matrix/client/v3/sync?filter=0&timeout=30000&org.matrix.msc4222.use_state_after=true&set_presence=unavailable&since=s1_43_0_1_5_1_1_8_0_1 HTTP/1.1" "Mozilla/5.0 (Windows NT 10.0; Win64; x64) AppleWebKit/537.36 (KHTML, like Gecko) Chrome/134.0.0.0 Safari/537.36" [0 dbevts]
2025-03-26 19:08:09,629 - synapse.storage.databases.main.event_push_actions - 1396 - INFO - rotate_notifs-100 - Rotating notifications
2025-03-26 19:08:09,632 - synapse.storage.databases.main.event_push_actions - 1599 - INFO - rotate_notifs-100 - Rotating notifications up to: 1
2025-03-26 19:08:09,635 - synapse.storage.databases.main.event_push_actions - 1685 - INFO - rotate_notifs-100 - Rotating notifications, handling 0 rows
2025-03-26 19:08:09,644 - synapse.storage.databases.main.event_push_actions - 1770 - INFO - rotate_notifs-100 - Rotating notifications, deleted 0 push actions
2025-03-26 19:08:09,695 - synapse.util.caches.lrucache - 217 - INFO - LruCache._expire_old_entries-100 - Dropped 0 items from caches
2025-03-26 19:08:11,384 - twisted - 279 - INFO - sentinel - Timing out client: IPv6Address(type='TCP', host='::ffff:10.89.0.206', port=46790, flowInfo=0, scopeID=0)
2025-03-26 19:08:23,234 - synapse.access.http.8008 - 508 - INFO - GET-349 - 10.89.0.1 - 8008 - {@admincjw:matrix.localhost} Processed request: 30.004sec/0.001sec (0.000sec, 0.000sec) (0.000sec/0.000sec/0) 225B 200 "GET /_matrix/client/v3/sync?filter=0&timeout=30000&org.matrix.msc4222.use_state_after=true&set_presence=unavailable&since=s1_44_0_1_5_1_1_8_0_1 HTTP/1.1" "Mozilla/5.0 (Windows NT 10.0; Win64; x64) AppleWebKit/537.36 (KHTML, like Gecko) Chrome/134.0.0.0 Safari/537.36" [0 dbevts]
2025-03-26 19:08:39,625 - synapse.storage.databases.main.event_push_actions - 1396 - INFO - rotate_notifs-101 - Rotating notifications
2025-03-26 19:08:39,626 - synapse.storage.databases.main.event_push_actions - 1599 - INFO - rotate_notifs-101 - Rotating notifications up to: 1
2025-03-26 19:08:39,628 - synapse.storage.databases.main.event_push_actions - 1685 - INFO - rotate_notifs-101 - Rotating notifications, handling 0 rows
2025-03-26 19:08:39,634 - synapse.storage.databases.main.event_push_actions - 1770 - INFO - rotate_notifs-101 - Rotating notifications, deleted 0 push actions
2025-03-26 19:08:39,668 - synapse.handlers.presence - 914 - INFO - persist_presence_changes-49 - Persisting 1 unpersisted presence updates
2025-03-26 19:08:39,695 - synapse.util.caches.lrucache - 217 - INFO - LruCache._expire_old_entries-101 - Dropped 0 items from caches
2025-03-26 19:08:53,304 - synapse.access.http.8008 - 508 - INFO - GET-351 - 10.89.0.1 - 8008 - {@admincjw:matrix.localhost} Processed request: 30.003sec/0.001sec (0.000sec, 0.000sec) (0.000sec/0.000sec/0) 225B 200 "GET /_matrix/client/v3/sync?filter=0&timeout=30000&org.matrix.msc4222.use_state_after=true&set_presence=unavailable&since=s1_44_0_1_5_1_1_8_0_1 HTTP/1.1" "Mozilla/5.0 (Windows NT 10.0; Win64; x64) AppleWebKit/537.36 (KHTML, like Gecko) Chrome/134.0.0.0 Safari/537.36" [0 dbevts]
2025-03-26 19:08:53,362 - synapse.access.http.8008 - 508 - INFO - GET-353 - 10.89.0.1 - 8008 - {@admincjw:matrix.localhost} Processed request: 0.005sec/0.001sec (0.003sec, 0.000sec) (0.000sec/0.000sec/0) 372B 200 "GET /_matrix/client/v3/sync?filter=0&timeout=30000&org.matrix.msc4222.use_state_after=true&set_presence=unavailable&since=s1_44_0_1_5_1_1_8_0_1 HTTP/1.1" "Mozilla/5.0 (Windows NT 10.0; Win64; x64) AppleWebKit/537.36 (KHTML, like Gecko) Chrome/134.0.0.0 Safari/537.36" [0 dbevts]
2025-03-26 19:09:09,626 - synapse.storage.databases.main.event_push_actions - 1396 - INFO - rotate_notifs-102 - Rotating notifications
2025-03-26 19:09:09,628 - synapse.storage.databases.main.event_push_actions - 1599 - INFO - rotate_notifs-102 - Rotating notifications up to: 1
2025-03-26 19:09:09,630 - synapse.storage.databases.main.event_push_actions - 1685 - INFO - rotate_notifs-102 - Rotating notifications, handling 0 rows
2025-03-26 19:09:09,638 - synapse.storage.databases.main.event_push_actions - 1770 - INFO - rotate_notifs-102 - Rotating notifications, deleted 0 push actions
2025-03-26 19:09:09,695 - synapse.util.caches.lrucache - 217 - INFO - LruCache._expire_old_entries-102 - Dropped 0 items from caches
2025-03-26 19:09:23,390 - synapse.access.http.8008 - 508 - INFO - GET-355 - 10.89.0.1 - 8008 - {@admincjw:matrix.localhost} Processed request: 30.004sec/0.001sec (0.000sec, 0.000sec) (0.000sec/0.000sec/0) 225B 200 "GET /_matrix/client/v3/sync?filter=0&timeout=30000&org.matrix.msc4222.use_state_after=true&set_presence=unavailable&since=s1_45_0_1_5_1_1_8_0_1 HTTP/1.1" "Mozilla/5.0 (Windows NT 10.0; Win64; x64) AppleWebKit/537.36 (KHTML, like Gecko) Chrome/134.0.0.0 Safari/537.36" [0 dbevts]
2025-03-26 19:09:39,627 - synapse.storage.databases.main.event_push_actions - 1396 - INFO - rotate_notifs-103 - Rotating notifications
2025-03-26 19:09:39,629 - synapse.storage.databases.main.event_push_actions - 1599 - INFO - rotate_notifs-103 - Rotating notifications up to: 1
2025-03-26 19:09:39,630 - synapse.storage.databases.main.event_push_actions - 1685 - INFO - rotate_notifs-103 - Rotating notifications, handling 0 rows
2025-03-26 19:09:39,638 - synapse.storage.databases.main.event_push_actions - 1770 - INFO - rotate_notifs-103 - Rotating notifications, deleted 0 push actions
2025-03-26 19:09:39,667 - synapse.handlers.presence - 914 - INFO - persist_presence_changes-50 - Persisting 1 unpersisted presence updates
2025-03-26 19:09:39,695 - synapse.util.caches.lrucache - 217 - INFO - LruCache._expire_old_entries-103 - Dropped 0 items from caches
2025-03-26 19:09:53,463 - synapse.access.http.8008 - 508 - INFO - GET-357 - 10.89.0.1 - 8008 - {@admincjw:matrix.localhost} Processed request: 30.003sec/0.001sec (0.000sec, 0.000sec) (0.000sec/0.000sec/0) 225B 200 "GET /_matrix/client/v3/sync?filter=0&timeout=30000&org.matrix.msc4222.use_state_after=true&set_presence=unavailable&since=s1_45_0_1_5_1_1_8_0_1 HTTP/1.1" "Mozilla/5.0 (Windows NT 10.0; Win64; x64) AppleWebKit/537.36 (KHTML, like Gecko) Chrome/134.0.0.0 Safari/537.36" [0 dbevts]
2025-03-26 19:09:53,509 - synapse.access.http.8008 - 508 - INFO - GET-359 - 10.89.0.1 - 8008 - {@admincjw:matrix.localhost} Processed request: 0.002sec/0.000sec (0.000sec, 0.000sec) (0.000sec/0.000sec/0) 372B 200 "GET /_matrix/client/v3/sync?filter=0&timeout=30000&org.matrix.msc4222.use_state_after=true&set_presence=unavailable&since=s1_45_0_1_5_1_1_8_0_1 HTTP/1.1" "Mozilla/5.0 (Windows NT 10.0; Win64; x64) AppleWebKit/537.36 (KHTML, like Gecko) Chrome/134.0.0.0 Safari/537.36" [0 dbevts]
2025-03-26 19:10:09,626 - synapse.storage.databases.main.event_push_actions - 1396 - INFO - rotate_notifs-104 - Rotating notifications
2025-03-26 19:10:09,627 - synapse.storage.databases.main.event_push_actions - 1599 - INFO - rotate_notifs-104 - Rotating notifications up to: 1
2025-03-26 19:10:09,628 - synapse.storage.databases.main.event_push_actions - 1685 - INFO - rotate_notifs-104 - Rotating notifications, handling 0 rows
2025-03-26 19:10:09,633 - synapse.storage.databases.main.event_push_actions - 1770 - INFO - rotate_notifs-104 - Rotating notifications, deleted 0 push actions
2025-03-26 19:10:09,696 - synapse.util.caches.lrucache - 217 - INFO - LruCache._expire_old_entries-104 - Dropped 0 items from caches
2025-03-26 19:10:23,527 - synapse.access.http.8008 - 508 - INFO - GET-361 - 10.89.0.1 - 8008 - {@admincjw:matrix.localhost} Processed request: 30.003sec/0.001sec (0.000sec, 0.000sec) (0.000sec/0.000sec/0) 225B 200 "GET /_matrix/client/v3/sync?filter=0&timeout=30000&org.matrix.msc4222.use_state_after=true&set_presence=unavailable&since=s1_46_0_1_5_1_1_8_0_1 HTTP/1.1" "Mozilla/5.0 (Windows NT 10.0; Win64; x64) AppleWebKit/537.36 (KHTML, like Gecko) Chrome/134.0.0.0 Safari/537.36" [0 dbevts]
2025-03-26 19:10:39,627 - synapse.storage.databases.main.event_push_actions - 1396 - INFO - rotate_notifs-105 - Rotating notifications
2025-03-26 19:10:39,628 - synapse.storage.databases.main.event_push_actions - 1599 - INFO - rotate_notifs-105 - Rotating notifications up to: 1
2025-03-26 19:10:39,629 - synapse.storage.databases.main.event_push_actions - 1685 - INFO - rotate_notifs-105 - Rotating notifications, handling 0 rows
2025-03-26 19:10:39,636 - synapse.storage.databases.main.event_push_actions - 1770 - INFO - rotate_notifs-105 - Rotating notifications, deleted 0 push actions
2025-03-26 19:10:39,668 - synapse.handlers.presence - 914 - INFO - persist_presence_changes-51 - Persisting 1 unpersisted presence updates
2025-03-26 19:10:39,695 - synapse.util.caches.lrucache - 217 - INFO - LruCache._expire_old_entries-105 - Dropped 0 items from caches
2025-03-26 19:10:53,601 - synapse.access.http.8008 - 508 - INFO - GET-363 - 10.89.0.1 - 8008 - {@admincjw:matrix.localhost} Processed request: 30.004sec/0.001sec (0.000sec, 0.000sec) (0.000sec/0.000sec/0) 225B 200 "GET /_matrix/client/v3/sync?filter=0&timeout=30000&org.matrix.msc4222.use_state_after=true&set_presence=unavailable&since=s1_46_0_1_5_1_1_8_0_1 HTTP/1.1" "Mozilla/5.0 (Windows NT 10.0; Win64; x64) AppleWebKit/537.36 (KHTML, like Gecko) Chrome/134.0.0.0 Safari/537.36" [0 dbevts]
2025-03-26 19:10:53,638 - synapse.access.http.8008 - 508 - INFO - GET-365 - 10.89.0.1 - 8008 - {@admincjw:matrix.localhost} Processed request: 0.003sec/0.000sec (0.000sec, 0.000sec) (0.000sec/0.000sec/0) 372B 200 "GET /_matrix/client/v3/sync?filter=0&timeout=30000&org.matrix.msc4222.use_state_after=true&set_presence=unavailable&since=s1_46_0_1_5_1_1_8_0_1 HTTP/1.1" "Mozilla/5.0 (Windows NT 10.0; Win64; x64) AppleWebKit/537.36 (KHTML, like Gecko) Chrome/134.0.0.0 Safari/537.36" [0 dbevts]
2025-03-26 19:11:09,629 - synapse.storage.databases.main.event_push_actions - 1396 - INFO - rotate_notifs-106 - Rotating notifications
2025-03-26 19:11:09,631 - synapse.storage.databases.main.event_push_actions - 1599 - INFO - rotate_notifs-106 - Rotating notifications up to: 1
2025-03-26 19:11:09,634 - synapse.storage.databases.main.event_push_actions - 1685 - INFO - rotate_notifs-106 - Rotating notifications, handling 0 rows
2025-03-26 19:11:09,641 - synapse.storage.databases.main.event_push_actions - 1770 - INFO - rotate_notifs-106 - Rotating notifications, deleted 0 push actions
2025-03-26 19:11:09,695 - synapse.util.caches.lrucache - 217 - INFO - LruCache._expire_old_entries-106 - Dropped 0 items from caches
2025-03-26 19:11:23,658 - synapse.access.http.8008 - 508 - INFO - GET-367 - 10.89.0.1 - 8008 - {@admincjw:matrix.localhost} Processed request: 30.003sec/0.001sec (0.000sec, 0.000sec) (0.000sec/0.000sec/0) 225B 200 "GET /_matrix/client/v3/sync?filter=0&timeout=30000&org.matrix.msc4222.use_state_after=true&set_presence=unavailable&since=s1_47_0_1_5_1_1_8_0_1 HTTP/1.1" "Mozilla/5.0 (Windows NT 10.0; Win64; x64) AppleWebKit/537.36 (KHTML, like Gecko) Chrome/134.0.0.0 Safari/537.36" [0 dbevts]
2025-03-26 19:11:39,627 - synapse.storage.databases.main.event_push_actions - 1396 - INFO - rotate_notifs-107 - Rotating notifications
2025-03-26 19:11:39,627 - synapse.storage.databases.main.event_push_actions - 1599 - INFO - rotate_notifs-107 - Rotating notifications up to: 1
2025-03-26 19:11:39,628 - synapse.storage.databases.main.event_push_actions - 1685 - INFO - rotate_notifs-107 - Rotating notifications, handling 0 rows
2025-03-26 19:11:39,634 - synapse.storage.databases.main.event_push_actions - 1770 - INFO - rotate_notifs-107 - Rotating notifications, deleted 0 push actions
2025-03-26 19:11:39,668 - synapse.handlers.presence - 914 - INFO - persist_presence_changes-52 - Persisting 1 unpersisted presence updates
2025-03-26 19:11:39,695 - synapse.util.caches.lrucache - 217 - INFO - LruCache._expire_old_entries-107 - Dropped 0 items from caches
2025-03-26 19:11:53,700 - synapse.access.http.8008 - 508 - INFO - GET-369 - 10.89.0.1 - 8008 - {@admincjw:matrix.localhost} Processed request: 30.003sec/0.001sec (0.000sec, 0.000sec) (0.000sec/0.000sec/0) 225B 200 "GET /_matrix/client/v3/sync?filter=0&timeout=30000&org.matrix.msc4222.use_state_after=true&set_presence=unavailable&since=s1_47_0_1_5_1_1_8_0_1 HTTP/1.1" "Mozilla/5.0 (Windows NT 10.0; Win64; x64) AppleWebKit/537.36 (KHTML, like Gecko) Chrome/134.0.0.0 Safari/537.36" [0 dbevts]
2025-03-26 19:11:53,748 - synapse.access.http.8008 - 508 - INFO - GET-371 - 10.89.0.1 - 8008 - {@admincjw:matrix.localhost} Processed request: 0.002sec/0.000sec (0.000sec, 0.000sec) (0.000sec/0.000sec/0) 372B 200 "GET /_matrix/client/v3/sync?filter=0&timeout=30000&org.matrix.msc4222.use_state_after=true&set_presence=unavailable&since=s1_47_0_1_5_1_1_8_0_1 HTTP/1.1" "Mozilla/5.0 (Windows NT 10.0; Win64; x64) AppleWebKit/537.36 (KHTML, like Gecko) Chrome/134.0.0.0 Safari/537.36" [0 dbevts]
2025-03-26 19:12:09,632 - synapse.storage.databases.main.event_push_actions - 1396 - INFO - rotate_notifs-108 - Rotating notifications
2025-03-26 19:12:09,635 - synapse.storage.databases.main.event_push_actions - 1599 - INFO - rotate_notifs-108 - Rotating notifications up to: 1
2025-03-26 19:12:09,639 - synapse.storage.databases.main.event_push_actions - 1685 - INFO - rotate_notifs-108 - Rotating notifications, handling 0 rows
2025-03-26 19:12:09,651 - synapse.storage.databases.main.event_push_actions - 1770 - INFO - rotate_notifs-108 - Rotating notifications, deleted 0 push actions
2025-03-26 19:12:09,696 - synapse.util.caches.lrucache - 217 - INFO - LruCache._expire_old_entries-108 - Dropped 0 items from caches
2025-03-26 19:12:23,770 - synapse.access.http.8008 - 508 - INFO - GET-373 - 10.89.0.1 - 8008 - {@admincjw:matrix.localhost} Processed request: 30.002sec/0.000sec (0.000sec, 0.000sec) (0.000sec/0.000sec/0) 225B 200 "GET /_matrix/client/v3/sync?filter=0&timeout=30000&org.matrix.msc4222.use_state_after=true&set_presence=unavailable&since=s1_48_0_1_5_1_1_8_0_1 HTTP/1.1" "Mozilla/5.0 (Windows NT 10.0; Win64; x64) AppleWebKit/537.36 (KHTML, like Gecko) Chrome/134.0.0.0 Safari/537.36" [0 dbevts]
2025-03-26 19:12:39,629 - synapse.storage.databases.main.event_push_actions - 1396 - INFO - rotate_notifs-109 - Rotating notifications
2025-03-26 19:12:39,630 - synapse.storage.databases.main.event_push_actions - 1599 - INFO - rotate_notifs-109 - Rotating notifications up to: 1
2025-03-26 19:12:39,633 - synapse.storage.databases.main.event_push_actions - 1685 - INFO - rotate_notifs-109 - Rotating notifications, handling 0 rows
2025-03-26 19:12:39,644 - synapse.storage.databases.main.event_push_actions - 1770 - INFO - rotate_notifs-109 - Rotating notifications, deleted 0 push actions
2025-03-26 19:12:39,667 - synapse.handlers.presence - 914 - INFO - persist_presence_changes-53 - Persisting 1 unpersisted presence updates
2025-03-26 19:12:39,696 - synapse.util.caches.lrucache - 217 - INFO - LruCache._expire_old_entries-109 - Dropped 0 items from caches
2025-03-26 19:12:39,717 - synapse.storage.databases.main.metrics - 399 - INFO - generate_user_daily_visits-10 - Calling _generate_user_daily_visits
2025-03-26 19:12:53,824 - synapse.access.http.8008 - 508 - INFO - GET-375 - 10.89.0.1 - 8008 - {@admincjw:matrix.localhost} Processed request: 30.002sec/0.001sec (0.000sec, 0.000sec) (0.000sec/0.000sec/0) 225B 200 "GET /_matrix/client/v3/sync?filter=0&timeout=30000&org.matrix.msc4222.use_state_after=true&set_presence=unavailable&since=s1_48_0_1_5_1_1_8_0_1 HTTP/1.1" "Mozilla/5.0 (Windows NT 10.0; Win64; x64) AppleWebKit/537.36 (KHTML, like Gecko) Chrome/134.0.0.0 Safari/537.36" [0 dbevts]
2025-03-26 19:12:53,868 - synapse.access.http.8008 - 508 - INFO - GET-377 - 10.89.0.1 - 8008 - {@admincjw:matrix.localhost} Processed request: 0.005sec/0.001sec (0.005sec, 0.000sec) (0.000sec/0.000sec/0) 372B 200 "GET /_matrix/client/v3/sync?filter=0&timeout=30000&org.matrix.msc4222.use_state_after=true&set_presence=unavailable&since=s1_48_0_1_5_1_1_8_0_1 HTTP/1.1" "Mozilla/5.0 (Windows NT 10.0; Win64; x64) AppleWebKit/537.36 (KHTML, like Gecko) Chrome/134.0.0.0 Safari/537.36" [0 dbevts]
2025-03-26 19:13:09,629 - synapse.storage.databases.main.event_push_actions - 1396 - INFO - rotate_notifs-110 - Rotating notifications
2025-03-26 19:13:09,631 - synapse.storage.databases.main.event_push_actions - 1599 - INFO - rotate_notifs-110 - Rotating notifications up to: 1
2025-03-26 19:13:09,635 - synapse.storage.databases.main.event_push_actions - 1685 - INFO - rotate_notifs-110 - Rotating notifications, handling 0 rows
2025-03-26 19:13:09,645 - synapse.storage.databases.main.event_push_actions - 1770 - INFO - rotate_notifs-110 - Rotating notifications, deleted 0 push actions
2025-03-26 19:13:09,695 - synapse.util.caches.lrucache - 217 - INFO - LruCache._expire_old_entries-110 - Dropped 0 items from caches
2025-03-26 19:13:23,891 - synapse.access.http.8008 - 508 - INFO - GET-379 - 10.89.0.1 - 8008 - {@admincjw:matrix.localhost} Processed request: 30.003sec/0.000sec (0.000sec, 0.000sec) (0.000sec/0.000sec/0) 225B 200 "GET /_matrix/client/v3/sync?filter=0&timeout=30000&org.matrix.msc4222.use_state_after=true&set_presence=unavailable&since=s1_49_0_1_5_1_1_8_0_1 HTTP/1.1" "Mozilla/5.0 (Windows NT 10.0; Win64; x64) AppleWebKit/537.36 (KHTML, like Gecko) Chrome/134.0.0.0 Safari/537.36" [0 dbevts]
2025-03-26 19:13:39,631 - synapse.storage.databases.main.event_push_actions - 1396 - INFO - rotate_notifs-111 - Rotating notifications
2025-03-26 19:13:39,632 - synapse.storage.databases.main.event_push_actions - 1599 - INFO - rotate_notifs-111 - Rotating notifications up to: 1
2025-03-26 19:13:39,633 - synapse.storage.databases.main.event_push_actions - 1685 - INFO - rotate_notifs-111 - Rotating notifications, handling 0 rows
2025-03-26 19:13:39,639 - synapse.storage.databases.main.event_push_actions - 1770 - INFO - rotate_notifs-111 - Rotating notifications, deleted 0 push actions
2025-03-26 19:13:39,667 - synapse.handlers.presence - 914 - INFO - persist_presence_changes-54 - Persisting 1 unpersisted presence updates
2025-03-26 19:13:39,696 - synapse.util.caches.lrucache - 217 - INFO - LruCache._expire_old_entries-111 - Dropped 0 items from caches
2025-03-26 19:13:53,937 - synapse.access.http.8008 - 508 - INFO - GET-381 - 10.89.0.1 - 8008 - {@admincjw:matrix.localhost} Processed request: 30.002sec/0.001sec (0.000sec, 0.000sec) (0.000sec/0.000sec/0) 225B 200 "GET /_matrix/client/v3/sync?filter=0&timeout=30000&org.matrix.msc4222.use_state_after=true&set_presence=unavailable&since=s1_49_0_1_5_1_1_8_0_1 HTTP/1.1" "Mozilla/5.0 (Windows NT 10.0; Win64; x64) AppleWebKit/537.36 (KHTML, like Gecko) Chrome/134.0.0.0 Safari/537.36" [0 dbevts]
2025-03-26 19:13:54,002 - synapse.access.http.8008 - 508 - INFO - GET-383 - 10.89.0.1 - 8008 - {@admincjw:matrix.localhost} Processed request: 0.002sec/0.000sec (0.000sec, 0.000sec) (0.000sec/0.000sec/0) 372B 200 "GET /_matrix/client/v3/sync?filter=0&timeout=30000&org.matrix.msc4222.use_state_after=true&set_presence=unavailable&since=s1_49_0_1_5_1_1_8_0_1 HTTP/1.1" "Mozilla/5.0 (Windows NT 10.0; Win64; x64) AppleWebKit/537.36 (KHTML, like Gecko) Chrome/134.0.0.0 Safari/537.36" [0 dbevts]
2025-03-26 19:14:09,627 - synapse.storage.databases.main.event_push_actions - 1396 - INFO - rotate_notifs-112 - Rotating notifications
2025-03-26 19:14:09,629 - synapse.storage.databases.main.event_push_actions - 1599 - INFO - rotate_notifs-112 - Rotating notifications up to: 1
2025-03-26 19:14:09,631 - synapse.storage.databases.main.event_push_actions - 1685 - INFO - rotate_notifs-112 - Rotating notifications, handling 0 rows
2025-03-26 19:14:09,640 - synapse.storage.databases.main.event_push_actions - 1770 - INFO - rotate_notifs-112 - Rotating notifications, deleted 0 push actions
2025-03-26 19:14:09,695 - synapse.util.caches.lrucache - 217 - INFO - LruCache._expire_old_entries-112 - Dropped 0 items from caches
2025-03-26 19:14:24,032 - synapse.access.http.8008 - 508 - INFO - GET-385 - 10.89.0.1 - 8008 - {@admincjw:matrix.localhost} Processed request: 30.002sec/0.001sec (0.000sec, 0.000sec) (0.000sec/0.000sec/0) 225B 200 "GET /_matrix/client/v3/sync?filter=0&timeout=30000&org.matrix.msc4222.use_state_after=true&set_presence=unavailable&since=s1_50_0_1_5_1_1_8_0_1 HTTP/1.1" "Mozilla/5.0 (Windows NT 10.0; Win64; x64) AppleWebKit/537.36 (KHTML, like Gecko) Chrome/134.0.0.0 Safari/537.36" [0 dbevts]
2025-03-26 19:14:39,626 - synapse.storage.databases.main.event_push_actions - 1396 - INFO - rotate_notifs-113 - Rotating notifications
2025-03-26 19:14:39,627 - synapse.storage.databases.main.event_push_actions - 1599 - INFO - rotate_notifs-113 - Rotating notifications up to: 1
2025-03-26 19:14:39,628 - synapse.storage.databases.main.event_push_actions - 1685 - INFO - rotate_notifs-113 - Rotating notifications, handling 0 rows
2025-03-26 19:14:39,634 - synapse.storage.databases.main.event_push_actions - 1770 - INFO - rotate_notifs-113 - Rotating notifications, deleted 0 push actions
2025-03-26 19:14:39,668 - synapse.handlers.presence - 914 - INFO - persist_presence_changes-55 - Persisting 1 unpersisted presence updates
2025-03-26 19:14:39,695 - synapse.util.caches.lrucache - 217 - INFO - LruCache._expire_old_entries-113 - Dropped 0 items from caches
2025-03-26 19:14:54,088 - synapse.access.http.8008 - 508 - INFO - GET-387 - 10.89.0.1 - 8008 - {@admincjw:matrix.localhost} Processed request: 30.002sec/0.000sec (0.000sec, 0.000sec) (0.000sec/0.000sec/0) 225B 200 "GET /_matrix/client/v3/sync?filter=0&timeout=30000&org.matrix.msc4222.use_state_after=true&set_presence=unavailable&since=s1_50_0_1_5_1_1_8_0_1 HTTP/1.1" "Mozilla/5.0 (Windows NT 10.0; Win64; x64) AppleWebKit/537.36 (KHTML, like Gecko) Chrome/134.0.0.0 Safari/537.36" [0 dbevts]
2025-03-26 19:14:54,129 - synapse.access.http.8008 - 508 - INFO - GET-389 - 10.89.0.1 - 8008 - {@admincjw:matrix.localhost} Processed request: 0.002sec/0.001sec (0.000sec, 0.000sec) (0.000sec/0.000sec/0) 372B 200 "GET /_matrix/client/v3/sync?filter=0&timeout=30000&org.matrix.msc4222.use_state_after=true&set_presence=unavailable&since=s1_50_0_1_5_1_1_8_0_1 HTTP/1.1" "Mozilla/5.0 (Windows NT 10.0; Win64; x64) AppleWebKit/537.36 (KHTML, like Gecko) Chrome/134.0.0.0 Safari/537.36" [0 dbevts]
2025-03-26 19:15:09,629 - synapse.storage.databases.main.event_push_actions - 1396 - INFO - rotate_notifs-114 - Rotating notifications
2025-03-26 19:15:09,631 - synapse.storage.databases.main.event_push_actions - 1599 - INFO - rotate_notifs-114 - Rotating notifications up to: 1
2025-03-26 19:15:09,634 - synapse.storage.databases.main.event_push_actions - 1685 - INFO - rotate_notifs-114 - Rotating notifications, handling 0 rows
2025-03-26 19:15:09,643 - synapse.storage.databases.main.event_push_actions - 1770 - INFO - rotate_notifs-114 - Rotating notifications, deleted 0 push actions
2025-03-26 19:15:09,696 - synapse.util.caches.lrucache - 217 - INFO - LruCache._expire_old_entries-114 - Dropped 0 items from caches
2025-03-26 19:15:24,148 - synapse.access.http.8008 - 508 - INFO - GET-391 - 10.89.0.1 - 8008 - {@admincjw:matrix.localhost} Processed request: 30.002sec/0.001sec (0.000sec, 0.000sec) (0.000sec/0.000sec/0) 225B 200 "GET /_matrix/client/v3/sync?filter=0&timeout=30000&org.matrix.msc4222.use_state_after=true&set_presence=unavailable&since=s1_51_0_1_5_1_1_8_0_1 HTTP/1.1" "Mozilla/5.0 (Windows NT 10.0; Win64; x64) AppleWebKit/537.36 (KHTML, like Gecko) Chrome/134.0.0.0 Safari/537.36" [0 dbevts]
2025-03-26 19:15:39,633 - synapse.storage.databases.main.event_push_actions - 1396 - INFO - rotate_notifs-115 - Rotating notifications
2025-03-26 19:15:39,635 - synapse.storage.databases.main.event_push_actions - 1599 - INFO - rotate_notifs-115 - Rotating notifications up to: 1
2025-03-26 19:15:39,638 - synapse.storage.databases.main.event_push_actions - 1685 - INFO - rotate_notifs-115 - Rotating notifications, handling 0 rows
2025-03-26 19:15:39,648 - synapse.storage.databases.main.event_push_actions - 1770 - INFO - rotate_notifs-115 - Rotating notifications, deleted 0 push actions
2025-03-26 19:15:39,668 - synapse.handlers.presence - 914 - INFO - persist_presence_changes-56 - Persisting 1 unpersisted presence updates
2025-03-26 19:15:39,695 - synapse.util.caches.lrucache - 217 - INFO - LruCache._expire_old_entries-115 - Dropped 0 items from caches
2025-03-26 19:15:54,201 - synapse.access.http.8008 - 508 - INFO - GET-393 - 10.89.0.1 - 8008 - {@admincjw:matrix.localhost} Processed request: 30.003sec/0.000sec (0.002sec, 0.000sec) (0.000sec/0.000sec/0) 225B 200 "GET /_matrix/client/v3/sync?filter=0&timeout=30000&org.matrix.msc4222.use_state_after=true&set_presence=unavailable&since=s1_51_0_1_5_1_1_8_0_1 HTTP/1.1" "Mozilla/5.0 (Windows NT 10.0; Win64; x64) AppleWebKit/537.36 (KHTML, like Gecko) Chrome/134.0.0.0 Safari/537.36" [0 dbevts]
2025-03-26 19:15:54,233 - synapse.access.http.8008 - 508 - INFO - GET-395 - 10.89.0.1 - 8008 - {@admincjw:matrix.localhost} Processed request: 0.002sec/0.000sec (0.000sec, 0.000sec) (0.000sec/0.000sec/0) 372B 200 "GET /_matrix/client/v3/sync?filter=0&timeout=30000&org.matrix.msc4222.use_state_after=true&set_presence=unavailable&since=s1_51_0_1_5_1_1_8_0_1 HTTP/1.1" "Mozilla/5.0 (Windows NT 10.0; Win64; x64) AppleWebKit/537.36 (KHTML, like Gecko) Chrome/134.0.0.0 Safari/537.36" [0 dbevts]
2025-03-26 19:16:09,629 - synapse.storage.databases.main.event_push_actions - 1396 - INFO - rotate_notifs-116 - Rotating notifications
2025-03-26 19:16:09,630 - synapse.storage.databases.main.event_push_actions - 1599 - INFO - rotate_notifs-116 - Rotating notifications up to: 1
2025-03-26 19:16:09,631 - synapse.storage.databases.main.event_push_actions - 1685 - INFO - rotate_notifs-116 - Rotating notifications, handling 0 rows
2025-03-26 19:16:09,637 - synapse.storage.databases.main.event_push_actions - 1770 - INFO - rotate_notifs-116 - Rotating notifications, deleted 0 push actions
2025-03-26 19:16:09,696 - synapse.util.caches.lrucache - 217 - INFO - LruCache._expire_old_entries-116 - Dropped 0 items from caches
2025-03-26 19:16:24,259 - synapse.access.http.8008 - 508 - INFO - GET-397 - 10.89.0.1 - 8008 - {@admincjw:matrix.localhost} Processed request: 30.003sec/0.001sec (0.000sec, 0.000sec) (0.000sec/0.000sec/0) 225B 200 "GET /_matrix/client/v3/sync?filter=0&timeout=30000&org.matrix.msc4222.use_state_after=true&set_presence=unavailable&since=s1_52_0_1_5_1_1_8_0_1 HTTP/1.1" "Mozilla/5.0 (Windows NT 10.0; Win64; x64) AppleWebKit/537.36 (KHTML, like Gecko) Chrome/134.0.0.0 Safari/537.36" [0 dbevts]
2025-03-26 19:16:39,630 - synapse.storage.databases.main.event_push_actions - 1396 - INFO - rotate_notifs-117 - Rotating notifications
2025-03-26 19:16:39,632 - synapse.storage.databases.main.event_push_actions - 1599 - INFO - rotate_notifs-117 - Rotating notifications up to: 1
2025-03-26 19:16:39,633 - synapse.storage.databases.main.event_push_actions - 1685 - INFO - rotate_notifs-117 - Rotating notifications, handling 0 rows
2025-03-26 19:16:39,640 - synapse.storage.databases.main.event_push_actions - 1770 - INFO - rotate_notifs-117 - Rotating notifications, deleted 0 push actions
2025-03-26 19:16:39,668 - synapse.handlers.presence - 914 - INFO - persist_presence_changes-57 - Persisting 1 unpersisted presence updates
2025-03-26 19:16:39,696 - synapse.util.caches.lrucache - 217 - INFO - LruCache._expire_old_entries-117 - Dropped 0 items from caches
2025-03-26 19:16:54,332 - synapse.access.http.8008 - 508 - INFO - GET-399 - 10.89.0.1 - 8008 - {@admincjw:matrix.localhost} Processed request: 30.004sec/0.001sec (0.000sec, 0.000sec) (0.000sec/0.000sec/0) 225B 200 "GET /_matrix/client/v3/sync?filter=0&timeout=30000&org.matrix.msc4222.use_state_after=true&set_presence=unavailable&since=s1_52_0_1_5_1_1_8_0_1 HTTP/1.1" "Mozilla/5.0 (Windows NT 10.0; Win64; x64) AppleWebKit/537.36 (KHTML, like Gecko) Chrome/134.0.0.0 Safari/537.36" [0 dbevts]
2025-03-26 19:16:54,384 - synapse.access.http.8008 - 508 - INFO - GET-401 - 10.89.0.1 - 8008 - {@admincjw:matrix.localhost} Processed request: 0.002sec/0.000sec (0.000sec, 0.000sec) (0.000sec/0.000sec/0) 372B 200 "GET /_matrix/client/v3/sync?filter=0&timeout=30000&org.matrix.msc4222.use_state_after=true&set_presence=unavailable&since=s1_52_0_1_5_1_1_8_0_1 HTTP/1.1" "Mozilla/5.0 (Windows NT 10.0; Win64; x64) AppleWebKit/537.36 (KHTML, like Gecko) Chrome/134.0.0.0 Safari/537.36" [0 dbevts]
2025-03-26 19:16:54,573 - synapse.metrics._gc - 127 - INFO - sentinel - Collecting gc 1
2025-03-26 19:17:09,626 - synapse.storage.databases.main.event_push_actions - 1396 - INFO - rotate_notifs-118 - Rotating notifications
2025-03-26 19:17:09,628 - synapse.storage.databases.main.event_push_actions - 1599 - INFO - rotate_notifs-118 - Rotating notifications up to: 1
2025-03-26 19:17:09,629 - synapse.storage.databases.main.event_push_actions - 1685 - INFO - rotate_notifs-118 - Rotating notifications, handling 0 rows
2025-03-26 19:17:09,635 - synapse.storage.databases.main.event_push_actions - 1770 - INFO - rotate_notifs-118 - Rotating notifications, deleted 0 push actions
2025-03-26 19:17:09,696 - synapse.util.caches.lrucache - 217 - INFO - LruCache._expire_old_entries-118 - Dropped 0 items from caches
2025-03-26 19:17:11,383 - synapse.access.http.8008 - 508 - INFO - GET-405 - 10.89.0.1 - 8008 - {@admincjw:matrix.localhost} Processed request: 0.000sec/0.001sec (0.000sec, 0.000sec) (0.000sec/0.000sec/0) 2B 200 "GET /_matrix/client/v3/voip/turnServer HTTP/1.1" "Mozilla/5.0 (Windows NT 10.0; Win64; x64) AppleWebKit/537.36 (KHTML, like Gecko) Chrome/134.0.0.0 Safari/537.36" [0 dbevts]
2025-03-26 19:17:24,406 - synapse.access.http.8008 - 508 - INFO - GET-403 - 10.89.0.1 - 8008 - {@admincjw:matrix.localhost} Processed request: 30.002sec/0.001sec (0.000sec, 0.000sec) (0.000sec/0.000sec/0) 225B 200 "GET /_matrix/client/v3/sync?filter=0&timeout=30000&org.matrix.msc4222.use_state_after=true&set_presence=unavailable&since=s1_53_0_1_5_1_1_8_0_1 HTTP/1.1" "Mozilla/5.0 (Windows NT 10.0; Win64; x64) AppleWebKit/537.36 (KHTML, like Gecko) Chrome/134.0.0.0 Safari/537.36" [0 dbevts]
2025-03-26 19:17:39,623 - synapse.storage.databases.main.event_push_actions - 1242 - INFO - event_push_action_stream_orderings-5 - Searching for stream ordering 1 month ago
2025-03-26 19:17:39,625 - synapse.storage.databases.main.event_push_actions - 1246 - INFO - event_push_action_stream_orderings-5 - Found stream ordering 1 month ago: it's 0
2025-03-26 19:17:39,625 - synapse.storage.databases.main.event_push_actions - 1249 - INFO - event_push_action_stream_orderings-5 - Searching for stream ordering 1 day ago
2025-03-26 19:17:39,630 - synapse.storage.databases.main.event_push_actions - 1253 - INFO - event_push_action_stream_orderings-5 - Found stream ordering 1 day ago: it's 0
2025-03-26 19:17:39,648 - synapse.storage.databases.main.event_push_actions - 1396 - INFO - rotate_notifs-119 - Rotating notifications
2025-03-26 19:17:39,651 - synapse.storage.databases.main.event_push_actions - 1599 - INFO - rotate_notifs-119 - Rotating notifications up to: 1
2025-03-26 19:17:39,657 - synapse.storage.databases.main.event_push_actions - 1685 - INFO - rotate_notifs-119 - Rotating notifications, handling 0 rows
2025-03-26 19:17:39,669 - synapse.handlers.presence - 914 - INFO - persist_presence_changes-58 - Persisting 1 unpersisted presence updates
2025-03-26 19:17:39,684 - synapse.storage.databases.main.event_push_actions - 1770 - INFO - rotate_notifs-119 - Rotating notifications, deleted 0 push actions
2025-03-26 19:17:39,696 - synapse.util.caches.lrucache - 217 - INFO - LruCache._expire_old_entries-119 - Dropped 0 items from caches
2025-03-26 19:17:39,718 - synapse.storage.databases.main.metrics - 399 - INFO - generate_user_daily_visits-11 - Calling _generate_user_daily_visits
2025-03-26 19:17:54,435 - synapse.access.http.8008 - 508 - INFO - GET-407 - 10.89.0.1 - 8008 - {@admincjw:matrix.localhost} Processed request: 30.004sec/0.000sec (0.003sec, 0.000sec) (0.000sec/0.000sec/0) 225B 200 "GET /_matrix/client/v3/sync?filter=0&timeout=30000&org.matrix.msc4222.use_state_after=true&set_presence=unavailable&since=s1_53_0_1_5_1_1_8_0_1 HTTP/1.1" "Mozilla/5.0 (Windows NT 10.0; Win64; x64) AppleWebKit/537.36 (KHTML, like Gecko) Chrome/134.0.0.0 Safari/537.36" [0 dbevts]
2025-03-26 19:17:54,457 - synapse.access.http.8008 - 508 - INFO - GET-409 - 10.89.0.1 - 8008 - {@admincjw:matrix.localhost} Processed request: 0.002sec/0.000sec (0.000sec, 0.000sec) (0.000sec/0.000sec/0) 372B 200 "GET /_matrix/client/v3/sync?filter=0&timeout=30000&org.matrix.msc4222.use_state_after=true&set_presence=unavailable&since=s1_53_0_1_5_1_1_8_0_1 HTTP/1.1" "Mozilla/5.0 (Windows NT 10.0; Win64; x64) AppleWebKit/537.36 (KHTML, like Gecko) Chrome/134.0.0.0 Safari/537.36" [0 dbevts]
2025-03-26 19:18:09,635 - synapse.storage.databases.main.event_push_actions - 1396 - INFO - rotate_notifs-120 - Rotating notifications
2025-03-26 19:18:09,638 - synapse.storage.databases.main.event_push_actions - 1599 - INFO - rotate_notifs-120 - Rotating notifications up to: 1
2025-03-26 19:18:09,641 - synapse.storage.databases.main.event_push_actions - 1685 - INFO - rotate_notifs-120 - Rotating notifications, handling 0 rows
2025-03-26 19:18:09,653 - synapse.storage.databases.main.event_push_actions - 1770 - INFO - rotate_notifs-120 - Rotating notifications, deleted 0 push actions
2025-03-26 19:18:09,695 - synapse.util.caches.lrucache - 217 - INFO - LruCache._expire_old_entries-120 - Dropped 0 items from caches
2025-03-26 19:18:11,383 - twisted - 279 - INFO - sentinel - Timing out client: IPv6Address(type='TCP', host='::ffff:10.89.0.206', port=40480, flowInfo=0, scopeID=0)
2025-03-26 19:18:24,475 - synapse.access.http.8008 - 508 - INFO - GET-411 - 10.89.0.1 - 8008 - {@admincjw:matrix.localhost} Processed request: 30.003sec/0.001sec (0.000sec, 0.000sec) (0.000sec/0.000sec/0) 225B 200 "GET /_matrix/client/v3/sync?filter=0&timeout=30000&org.matrix.msc4222.use_state_after=true&set_presence=unavailable&since=s1_54_0_1_5_1_1_8_0_1 HTTP/1.1" "Mozilla/5.0 (Windows NT 10.0; Win64; x64) AppleWebKit/537.36 (KHTML, like Gecko) Chrome/134.0.0.0 Safari/537.36" [0 dbevts]
2025-03-26 19:18:39,627 - synapse.storage.databases.main.event_push_actions - 1396 - INFO - rotate_notifs-121 - Rotating notifications
2025-03-26 19:18:39,629 - synapse.storage.databases.main.event_push_actions - 1599 - INFO - rotate_notifs-121 - Rotating notifications up to: 1
2025-03-26 19:18:39,630 - synapse.storage.databases.main.event_push_actions - 1685 - INFO - rotate_notifs-121 - Rotating notifications, handling 0 rows
2025-03-26 19:18:39,637 - synapse.storage.databases.main.event_push_actions - 1770 - INFO - rotate_notifs-121 - Rotating notifications, deleted 0 push actions
2025-03-26 19:18:39,668 - synapse.handlers.presence - 914 - INFO - persist_presence_changes-59 - Persisting 1 unpersisted presence updates
2025-03-26 19:18:39,695 - synapse.util.caches.lrucache - 217 - INFO - LruCache._expire_old_entries-121 - Dropped 0 items from caches
2025-03-26 19:18:54,539 - synapse.access.http.8008 - 508 - INFO - GET-413 - 10.89.0.1 - 8008 - {@admincjw:matrix.localhost} Processed request: 30.004sec/0.001sec (0.000sec, 0.000sec) (0.000sec/0.000sec/0) 225B 200 "GET /_matrix/client/v3/sync?filter=0&timeout=30000&org.matrix.msc4222.use_state_after=true&set_presence=unavailable&since=s1_54_0_1_5_1_1_8_0_1 HTTP/1.1" "Mozilla/5.0 (Windows NT 10.0; Win64; x64) AppleWebKit/537.36 (KHTML, like Gecko) Chrome/134.0.0.0 Safari/537.36" [0 dbevts]
2025-03-26 19:18:54,592 - synapse.access.http.8008 - 508 - INFO - GET-415 - 10.89.0.1 - 8008 - {@admincjw:matrix.localhost} Processed request: 0.002sec/0.000sec (0.000sec, 0.000sec) (0.000sec/0.000sec/0) 372B 200 "GET /_matrix/client/v3/sync?filter=0&timeout=30000&org.matrix.msc4222.use_state_after=true&set_presence=unavailable&since=s1_54_0_1_5_1_1_8_0_1 HTTP/1.1" "Mozilla/5.0 (Windows NT 10.0; Win64; x64) AppleWebKit/537.36 (KHTML, like Gecko) Chrome/134.0.0.0 Safari/537.36" [0 dbevts]
2025-03-26 19:19:09,630 - synapse.storage.databases.main.event_push_actions - 1396 - INFO - rotate_notifs-122 - Rotating notifications
2025-03-26 19:19:09,632 - synapse.storage.databases.main.event_push_actions - 1599 - INFO - rotate_notifs-122 - Rotating notifications up to: 1
2025-03-26 19:19:09,636 - synapse.storage.databases.main.event_push_actions - 1685 - INFO - rotate_notifs-122 - Rotating notifications, handling 0 rows
2025-03-26 19:19:09,648 - synapse.storage.databases.main.event_push_actions - 1770 - INFO - rotate_notifs-122 - Rotating notifications, deleted 0 push actions
2025-03-26 19:19:09,695 - synapse.util.caches.lrucache - 217 - INFO - LruCache._expire_old_entries-122 - Dropped 0 items from caches
2025-03-26 19:19:24,614 - synapse.access.http.8008 - 508 - INFO - GET-417 - 10.89.0.1 - 8008 - {@admincjw:matrix.localhost} Processed request: 30.003sec/0.001sec (0.000sec, 0.000sec) (0.000sec/0.000sec/0) 225B 200 "GET /_matrix/client/v3/sync?filter=0&timeout=30000&org.matrix.msc4222.use_state_after=true&set_presence=unavailable&since=s1_55_0_1_5_1_1_8_0_1 HTTP/1.1" "Mozilla/5.0 (Windows NT 10.0; Win64; x64) AppleWebKit/537.36 (KHTML, like Gecko) Chrome/134.0.0.0 Safari/537.36" [0 dbevts]
2025-03-26 19:19:39,628 - synapse.storage.databases.main.event_push_actions - 1396 - INFO - rotate_notifs-123 - Rotating notifications
2025-03-26 19:19:39,629 - synapse.storage.databases.main.event_push_actions - 1599 - INFO - rotate_notifs-123 - Rotating notifications up to: 1
2025-03-26 19:19:39,630 - synapse.storage.databases.main.event_push_actions - 1685 - INFO - rotate_notifs-123 - Rotating notifications, handling 0 rows
2025-03-26 19:19:39,636 - synapse.storage.databases.main.event_push_actions - 1770 - INFO - rotate_notifs-123 - Rotating notifications, deleted 0 push actions
2025-03-26 19:19:39,668 - synapse.handlers.presence - 914 - INFO - persist_presence_changes-60 - Persisting 1 unpersisted presence updates
2025-03-26 19:19:39,695 - synapse.util.caches.lrucache - 217 - INFO - LruCache._expire_old_entries-123 - Dropped 0 items from caches
2025-03-26 19:19:54,652 - synapse.access.http.8008 - 508 - INFO - GET-419 - 10.89.0.1 - 8008 - {@admincjw:matrix.localhost} Processed request: 30.003sec/0.000sec (0.000sec, 0.000sec) (0.000sec/0.000sec/0) 225B 200 "GET /_matrix/client/v3/sync?filter=0&timeout=30000&org.matrix.msc4222.use_state_after=true&set_presence=unavailable&since=s1_55_0_1_5_1_1_8_0_1 HTTP/1.1" "Mozilla/5.0 (Windows NT 10.0; Win64; x64) AppleWebKit/537.36 (KHTML, like Gecko) Chrome/134.0.0.0 Safari/537.36" [0 dbevts]
2025-03-26 19:19:54,687 - synapse.access.http.8008 - 508 - INFO - GET-421 - 10.89.0.1 - 8008 - {@admincjw:matrix.localhost} Processed request: 0.003sec/0.000sec (0.002sec, 0.000sec) (0.000sec/0.000sec/0) 372B 200 "GET /_matrix/client/v3/sync?filter=0&timeout=30000&org.matrix.msc4222.use_state_after=true&set_presence=unavailable&since=s1_55_0_1_5_1_1_8_0_1 HTTP/1.1" "Mozilla/5.0 (Windows NT 10.0; Win64; x64) AppleWebKit/537.36 (KHTML, like Gecko) Chrome/134.0.0.0 Safari/537.36" [0 dbevts]
2025-03-26 19:20:09,631 - synapse.storage.databases.main.event_push_actions - 1396 - INFO - rotate_notifs-124 - Rotating notifications
2025-03-26 19:20:09,633 - synapse.storage.databases.main.event_push_actions - 1599 - INFO - rotate_notifs-124 - Rotating notifications up to: 1
2025-03-26 19:20:09,636 - synapse.storage.databases.main.event_push_actions - 1685 - INFO - rotate_notifs-124 - Rotating notifications, handling 0 rows
2025-03-26 19:20:09,648 - synapse.storage.databases.main.event_push_actions - 1770 - INFO - rotate_notifs-124 - Rotating notifications, deleted 0 push actions
2025-03-26 19:20:09,695 - synapse.util.caches.lrucache - 217 - INFO - LruCache._expire_old_entries-124 - Dropped 0 items from caches
2025-03-26 19:20:24,708 - synapse.access.http.8008 - 508 - INFO - GET-423 - 10.89.0.1 - 8008 - {@admincjw:matrix.localhost} Processed request: 30.002sec/0.001sec (0.001sec, 0.000sec) (0.000sec/0.000sec/0) 225B 200 "GET /_matrix/client/v3/sync?filter=0&timeout=30000&org.matrix.msc4222.use_state_after=true&set_presence=unavailable&since=s1_56_0_1_5_1_1_8_0_1 HTTP/1.1" "Mozilla/5.0 (Windows NT 10.0; Win64; x64) AppleWebKit/537.36 (KHTML, like Gecko) Chrome/134.0.0.0 Safari/537.36" [0 dbevts]
2025-03-26 19:20:39,626 - synapse.storage.databases.main.event_push_actions - 1396 - INFO - rotate_notifs-125 - Rotating notifications
2025-03-26 19:20:39,627 - synapse.storage.databases.main.event_push_actions - 1599 - INFO - rotate_notifs-125 - Rotating notifications up to: 1
2025-03-26 19:20:39,628 - synapse.storage.databases.main.event_push_actions - 1685 - INFO - rotate_notifs-125 - Rotating notifications, handling 0 rows
2025-03-26 19:20:39,633 - synapse.storage.databases.main.event_push_actions - 1770 - INFO - rotate_notifs-125 - Rotating notifications, deleted 0 push actions
2025-03-26 19:20:39,668 - synapse.handlers.presence - 914 - INFO - persist_presence_changes-61 - Persisting 1 unpersisted presence updates
2025-03-26 19:20:39,695 - synapse.util.caches.lrucache - 217 - INFO - LruCache._expire_old_entries-125 - Dropped 0 items from caches
2025-03-26 19:20:54,858 - synapse.access.http.8008 - 508 - INFO - GET-425 - 10.89.0.1 - 8008 - {@admincjw:matrix.localhost} Processed request: 30.004sec/0.001sec (0.001sec, 0.000sec) (0.000sec/0.000sec/0) 225B 200 "GET /_matrix/client/v3/sync?filter=0&timeout=30000&org.matrix.msc4222.use_state_after=true&set_presence=unavailable&since=s1_56_0_1_5_1_1_8_0_1 HTTP/1.1" "Mozilla/5.0 (Windows NT 10.0; Win64; x64) AppleWebKit/537.36 (KHTML, like Gecko) Chrome/134.0.0.0 Safari/537.36" [0 dbevts]
2025-03-26 19:20:55,570 - synapse.access.http.8008 - 508 - INFO - GET-427 - 10.89.0.1 - 8008 - {@admincjw:matrix.localhost} Processed request: 0.002sec/0.000sec (0.000sec, 0.000sec) (0.000sec/0.000sec/0) 372B 200 "GET /_matrix/client/v3/sync?filter=0&timeout=30000&org.matrix.msc4222.use_state_after=true&set_presence=unavailable&since=s1_56_0_1_5_1_1_8_0_1 HTTP/1.1" "Mozilla/5.0 (Windows NT 10.0; Win64; x64) AppleWebKit/537.36 (KHTML, like Gecko) Chrome/134.0.0.0 Safari/537.36" [0 dbevts]
2025-03-26 19:21:09,628 - synapse.storage.databases.main.event_push_actions - 1396 - INFO - rotate_notifs-126 - Rotating notifications
2025-03-26 19:21:09,629 - synapse.storage.databases.main.event_push_actions - 1599 - INFO - rotate_notifs-126 - Rotating notifications up to: 1
2025-03-26 19:21:09,630 - synapse.storage.databases.main.event_push_actions - 1685 - INFO - rotate_notifs-126 - Rotating notifications, handling 0 rows
2025-03-26 19:21:09,637 - synapse.storage.databases.main.event_push_actions - 1770 - INFO - rotate_notifs-126 - Rotating notifications, deleted 0 push actions
2025-03-26 19:21:09,695 - synapse.util.caches.lrucache - 217 - INFO - LruCache._expire_old_entries-126 - Dropped 0 items from caches
2025-03-26 19:21:25,588 - synapse.access.http.8008 - 508 - INFO - GET-429 - 10.89.0.1 - 8008 - {@admincjw:matrix.localhost} Processed request: 30.001sec/0.001sec (0.000sec, 0.000sec) (0.000sec/0.000sec/0) 225B 200 "GET /_matrix/client/v3/sync?filter=0&timeout=30000&org.matrix.msc4222.use_state_after=true&set_presence=unavailable&since=s1_57_0_1_5_1_1_8_0_1 HTTP/1.1" "Mozilla/5.0 (Windows NT 10.0; Win64; x64) AppleWebKit/537.36 (KHTML, like Gecko) Chrome/134.0.0.0 Safari/537.36" [0 dbevts]
2025-03-26 19:21:39,630 - synapse.storage.databases.main.event_push_actions - 1396 - INFO - rotate_notifs-127 - Rotating notifications
2025-03-26 19:21:39,632 - synapse.storage.databases.main.event_push_actions - 1599 - INFO - rotate_notifs-127 - Rotating notifications up to: 1
2025-03-26 19:21:39,633 - synapse.storage.databases.main.event_push_actions - 1685 - INFO - rotate_notifs-127 - Rotating notifications, handling 0 rows
2025-03-26 19:21:39,640 - synapse.storage.databases.main.event_push_actions - 1770 - INFO - rotate_notifs-127 - Rotating notifications, deleted 0 push actions
2025-03-26 19:21:39,668 - synapse.handlers.presence - 914 - INFO - persist_presence_changes-62 - Persisting 1 unpersisted presence updates
2025-03-26 19:21:39,695 - synapse.util.caches.lrucache - 217 - INFO - LruCache._expire_old_entries-127 - Dropped 0 items from caches
2025-03-26 19:21:55,621 - synapse.access.http.8008 - 508 - INFO - GET-431 - 10.89.0.1 - 8008 - {@admincjw:matrix.localhost} Processed request: 30.002sec/0.001sec (0.001sec, 0.000sec) (0.000sec/0.000sec/0) 225B 200 "GET /_matrix/client/v3/sync?filter=0&timeout=30000&org.matrix.msc4222.use_state_after=true&set_presence=unavailable&since=s1_57_0_1_5_1_1_8_0_1 HTTP/1.1" "Mozilla/5.0 (Windows NT 10.0; Win64; x64) AppleWebKit/537.36 (KHTML, like Gecko) Chrome/134.0.0.0 Safari/537.36" [0 dbevts]
2025-03-26 19:21:55,658 - synapse.access.http.8008 - 508 - INFO - GET-433 - 10.89.0.1 - 8008 - {@admincjw:matrix.localhost} Processed request: 0.003sec/0.000sec (0.000sec, 0.000sec) (0.000sec/0.000sec/0) 372B 200 "GET /_matrix/client/v3/sync?filter=0&timeout=30000&org.matrix.msc4222.use_state_after=true&set_presence=unavailable&since=s1_57_0_1_5_1_1_8_0_1 HTTP/1.1" "Mozilla/5.0 (Windows NT 10.0; Win64; x64) AppleWebKit/537.36 (KHTML, like Gecko) Chrome/134.0.0.0 Safari/537.36" [0 dbevts]
2025-03-26 19:22:09,628 - synapse.storage.databases.main.event_push_actions - 1396 - INFO - rotate_notifs-128 - Rotating notifications
2025-03-26 19:22:09,630 - synapse.storage.databases.main.event_push_actions - 1599 - INFO - rotate_notifs-128 - Rotating notifications up to: 1
2025-03-26 19:22:09,633 - synapse.storage.databases.main.event_push_actions - 1685 - INFO - rotate_notifs-128 - Rotating notifications, handling 0 rows
2025-03-26 19:22:09,643 - synapse.storage.databases.main.event_push_actions - 1770 - INFO - rotate_notifs-128 - Rotating notifications, deleted 0 push actions
2025-03-26 19:22:09,696 - synapse.util.caches.lrucache - 217 - INFO - LruCache._expire_old_entries-128 - Dropped 0 items from caches
2025-03-26 19:22:25,677 - synapse.access.http.8008 - 508 - INFO - GET-435 - 10.89.0.1 - 8008 - {@admincjw:matrix.localhost} Processed request: 30.002sec/0.001sec (0.000sec, 0.000sec) (0.000sec/0.000sec/0) 225B 200 "GET /_matrix/client/v3/sync?filter=0&timeout=30000&org.matrix.msc4222.use_state_after=true&set_presence=unavailable&since=s1_58_0_1_5_1_1_8_0_1 HTTP/1.1" "Mozilla/5.0 (Windows NT 10.0; Win64; x64) AppleWebKit/537.36 (KHTML, like Gecko) Chrome/134.0.0.0 Safari/537.36" [0 dbevts]
2025-03-26 19:22:39,629 - synapse.storage.databases.main.event_push_actions - 1396 - INFO - rotate_notifs-129 - Rotating notifications
2025-03-26 19:22:39,632 - synapse.storage.databases.main.event_push_actions - 1599 - INFO - rotate_notifs-129 - Rotating notifications up to: 1
2025-03-26 19:22:39,636 - synapse.storage.databases.main.event_push_actions - 1685 - INFO - rotate_notifs-129 - Rotating notifications, handling 0 rows
2025-03-26 19:22:39,648 - synapse.storage.databases.main.event_push_actions - 1770 - INFO - rotate_notifs-129 - Rotating notifications, deleted 0 push actions
2025-03-26 19:22:39,669 - synapse.handlers.presence - 914 - INFO - persist_presence_changes-63 - Persisting 1 unpersisted presence updates
2025-03-26 19:22:39,695 - synapse.util.caches.lrucache - 217 - INFO - LruCache._expire_old_entries-129 - Dropped 0 items from caches
2025-03-26 19:22:39,717 - synapse.storage.databases.main.metrics - 399 - INFO - generate_user_daily_visits-12 - Calling _generate_user_daily_visits
2025-03-26 19:22:55,714 - synapse.access.http.8008 - 508 - INFO - GET-437 - 10.89.0.1 - 8008 - {@admincjw:matrix.localhost} Processed request: 30.003sec/0.001sec (0.000sec, 0.000sec) (0.000sec/0.000sec/0) 225B 200 "GET /_matrix/client/v3/sync?filter=0&timeout=30000&org.matrix.msc4222.use_state_after=true&set_presence=unavailable&since=s1_58_0_1_5_1_1_8_0_1 HTTP/1.1" "Mozilla/5.0 (Windows NT 10.0; Win64; x64) AppleWebKit/537.36 (KHTML, like Gecko) Chrome/134.0.0.0 Safari/537.36" [0 dbevts]
2025-03-26 19:22:55,748 - synapse.access.http.8008 - 508 - INFO - GET-439 - 10.89.0.1 - 8008 - {@admincjw:matrix.localhost} Processed request: 0.002sec/0.000sec (0.002sec, 0.000sec) (0.000sec/0.000sec/0) 372B 200 "GET /_matrix/client/v3/sync?filter=0&timeout=30000&org.matrix.msc4222.use_state_after=true&set_presence=unavailable&since=s1_58_0_1_5_1_1_8_0_1 HTTP/1.1" "Mozilla/5.0 (Windows NT 10.0; Win64; x64) AppleWebKit/537.36 (KHTML, like Gecko) Chrome/134.0.0.0 Safari/537.36" [0 dbevts]
2025-03-26 19:23:09,630 - synapse.storage.databases.main.event_push_actions - 1396 - INFO - rotate_notifs-130 - Rotating notifications
2025-03-26 19:23:09,632 - synapse.storage.databases.main.event_push_actions - 1599 - INFO - rotate_notifs-130 - Rotating notifications up to: 1
2025-03-26 19:23:09,633 - synapse.storage.databases.main.event_push_actions - 1685 - INFO - rotate_notifs-130 - Rotating notifications, handling 0 rows
2025-03-26 19:23:09,642 - synapse.storage.databases.main.event_push_actions - 1770 - INFO - rotate_notifs-130 - Rotating notifications, deleted 0 push actions
2025-03-26 19:23:09,696 - synapse.util.caches.lrucache - 217 - INFO - LruCache._expire_old_entries-130 - Dropped 0 items from caches
2025-03-26 19:23:25,764 - synapse.access.http.8008 - 508 - INFO - GET-441 - 10.89.0.1 - 8008 - {@admincjw:matrix.localhost} Processed request: 30.001sec/0.001sec (0.000sec, 0.000sec) (0.000sec/0.000sec/0) 225B 200 "GET /_matrix/client/v3/sync?filter=0&timeout=30000&org.matrix.msc4222.use_state_after=true&set_presence=unavailable&since=s1_59_0_1_5_1_1_8_0_1 HTTP/1.1" "Mozilla/5.0 (Windows NT 10.0; Win64; x64) AppleWebKit/537.36 (KHTML, like Gecko) Chrome/134.0.0.0 Safari/537.36" [0 dbevts]
2025-03-26 19:23:39,628 - synapse.storage.databases.main.event_push_actions - 1396 - INFO - rotate_notifs-131 - Rotating notifications
2025-03-26 19:23:39,629 - synapse.storage.databases.main.event_push_actions - 1599 - INFO - rotate_notifs-131 - Rotating notifications up to: 1
2025-03-26 19:23:39,630 - synapse.storage.databases.main.event_push_actions - 1685 - INFO - rotate_notifs-131 - Rotating notifications, handling 0 rows
2025-03-26 19:23:39,636 - synapse.storage.databases.main.event_push_actions - 1770 - INFO - rotate_notifs-131 - Rotating notifications, deleted 0 push actions
2025-03-26 19:23:39,667 - synapse.handlers.presence - 914 - INFO - persist_presence_changes-64 - Persisting 1 unpersisted presence updates
2025-03-26 19:23:39,695 - synapse.util.caches.lrucache - 217 - INFO - LruCache._expire_old_entries-131 - Dropped 0 items from caches
2025-03-26 19:23:55,799 - synapse.access.http.8008 - 508 - INFO - GET-443 - 10.89.0.1 - 8008 - {@admincjw:matrix.localhost} Processed request: 30.004sec/0.001sec (0.002sec, 0.000sec) (0.000sec/0.000sec/0) 225B 200 "GET /_matrix/client/v3/sync?filter=0&timeout=30000&org.matrix.msc4222.use_state_after=true&set_presence=unavailable&since=s1_59_0_1_5_1_1_8_0_1 HTTP/1.1" "Mozilla/5.0 (Windows NT 10.0; Win64; x64) AppleWebKit/537.36 (KHTML, like Gecko) Chrome/134.0.0.0 Safari/537.36" [0 dbevts]
2025-03-26 19:23:55,840 - synapse.access.http.8008 - 508 - INFO - GET-445 - 10.89.0.1 - 8008 - {@admincjw:matrix.localhost} Processed request: 0.003sec/0.001sec (0.000sec, 0.000sec) (0.000sec/0.000sec/0) 372B 200 "GET /_matrix/client/v3/sync?filter=0&timeout=30000&org.matrix.msc4222.use_state_after=true&set_presence=unavailable&since=s1_59_0_1_5_1_1_8_0_1 HTTP/1.1" "Mozilla/5.0 (Windows NT 10.0; Win64; x64) AppleWebKit/537.36 (KHTML, like Gecko) Chrome/134.0.0.0 Safari/537.36" [0 dbevts]
2025-03-26 19:24:09,628 - synapse.storage.databases.main.event_push_actions - 1396 - INFO - rotate_notifs-132 - Rotating notifications
2025-03-26 19:24:09,631 - synapse.storage.databases.main.event_push_actions - 1599 - INFO - rotate_notifs-132 - Rotating notifications up to: 1
2025-03-26 19:24:09,632 - synapse.storage.databases.main.event_push_actions - 1685 - INFO - rotate_notifs-132 - Rotating notifications, handling 0 rows
2025-03-26 19:24:09,641 - synapse.storage.databases.main.event_push_actions - 1770 - INFO - rotate_notifs-132 - Rotating notifications, deleted 0 push actions
2025-03-26 19:24:09,696 - synapse.util.caches.lrucache - 217 - INFO - LruCache._expire_old_entries-132 - Dropped 0 items from caches
2025-03-26 19:24:25,866 - synapse.access.http.8008 - 508 - INFO - GET-447 - 10.89.0.1 - 8008 - {@admincjw:matrix.localhost} Processed request: 30.004sec/0.001sec (0.000sec, 0.000sec) (0.000sec/0.000sec/0) 225B 200 "GET /_matrix/client/v3/sync?filter=0&timeout=30000&org.matrix.msc4222.use_state_after=true&set_presence=unavailable&since=s1_60_0_1_5_1_1_8_0_1 HTTP/1.1" "Mozilla/5.0 (Windows NT 10.0; Win64; x64) AppleWebKit/537.36 (KHTML, like Gecko) Chrome/134.0.0.0 Safari/537.36" [0 dbevts]
2025-03-26 19:24:39,628 - synapse.storage.databases.main.event_push_actions - 1396 - INFO - rotate_notifs-133 - Rotating notifications
2025-03-26 19:24:39,629 - synapse.storage.databases.main.event_push_actions - 1599 - INFO - rotate_notifs-133 - Rotating notifications up to: 1
2025-03-26 19:24:39,631 - synapse.storage.databases.main.event_push_actions - 1685 - INFO - rotate_notifs-133 - Rotating notifications, handling 0 rows
2025-03-26 19:24:39,638 - synapse.storage.databases.main.event_push_actions - 1770 - INFO - rotate_notifs-133 - Rotating notifications, deleted 0 push actions
2025-03-26 19:24:39,668 - synapse.handlers.presence - 914 - INFO - persist_presence_changes-65 - Persisting 1 unpersisted presence updates
2025-03-26 19:24:39,695 - synapse.util.caches.lrucache - 217 - INFO - LruCache._expire_old_entries-133 - Dropped 0 items from caches
2025-03-26 19:24:55,905 - synapse.access.http.8008 - 508 - INFO - GET-449 - 10.89.0.1 - 8008 - {@admincjw:matrix.localhost} Processed request: 30.002sec/0.001sec (0.002sec, 0.000sec) (0.000sec/0.000sec/0) 225B 200 "GET /_matrix/client/v3/sync?filter=0&timeout=30000&org.matrix.msc4222.use_state_after=true&set_presence=unavailable&since=s1_60_0_1_5_1_1_8_0_1 HTTP/1.1" "Mozilla/5.0 (Windows NT 10.0; Win64; x64) AppleWebKit/537.36 (KHTML, like Gecko) Chrome/134.0.0.0 Safari/537.36" [0 dbevts]
2025-03-26 19:24:55,945 - synapse.access.http.8008 - 508 - INFO - GET-451 - 10.89.0.1 - 8008 - {@admincjw:matrix.localhost} Processed request: 0.002sec/0.001sec (0.000sec, 0.000sec) (0.000sec/0.000sec/0) 372B 200 "GET /_matrix/client/v3/sync?filter=0&timeout=30000&org.matrix.msc4222.use_state_after=true&set_presence=unavailable&since=s1_60_0_1_5_1_1_8_0_1 HTTP/1.1" "Mozilla/5.0 (Windows NT 10.0; Win64; x64) AppleWebKit/537.36 (KHTML, like Gecko) Chrome/134.0.0.0 Safari/537.36" [0 dbevts]
2025-03-26 19:25:09,630 - synapse.storage.databases.main.event_push_actions - 1396 - INFO - rotate_notifs-134 - Rotating notifications
2025-03-26 19:25:09,633 - synapse.storage.databases.main.event_push_actions - 1599 - INFO - rotate_notifs-134 - Rotating notifications up to: 1
2025-03-26 19:25:09,635 - synapse.storage.databases.main.event_push_actions - 1685 - INFO - rotate_notifs-134 - Rotating notifications, handling 0 rows
2025-03-26 19:25:09,645 - synapse.storage.databases.main.event_push_actions - 1770 - INFO - rotate_notifs-134 - Rotating notifications, deleted 0 push actions
2025-03-26 19:25:09,695 - synapse.util.caches.lrucache - 217 - INFO - LruCache._expire_old_entries-134 - Dropped 0 items from caches
2025-03-26 19:25:25,966 - synapse.access.http.8008 - 508 - INFO - GET-453 - 10.89.0.1 - 8008 - {@admincjw:matrix.localhost} Processed request: 30.003sec/0.001sec (0.000sec, 0.000sec) (0.000sec/0.000sec/0) 225B 200 "GET /_matrix/client/v3/sync?filter=0&timeout=30000&org.matrix.msc4222.use_state_after=true&set_presence=unavailable&since=s1_61_0_1_5_1_1_8_0_1 HTTP/1.1" "Mozilla/5.0 (Windows NT 10.0; Win64; x64) AppleWebKit/537.36 (KHTML, like Gecko) Chrome/134.0.0.0 Safari/537.36" [0 dbevts]
2025-03-26 19:25:39,629 - synapse.storage.databases.main.event_push_actions - 1396 - INFO - rotate_notifs-135 - Rotating notifications
2025-03-26 19:25:39,631 - synapse.storage.databases.main.event_push_actions - 1599 - INFO - rotate_notifs-135 - Rotating notifications up to: 1
2025-03-26 19:25:39,634 - synapse.storage.databases.main.event_push_actions - 1685 - INFO - rotate_notifs-135 - Rotating notifications, handling 0 rows
2025-03-26 19:25:39,642 - synapse.storage.databases.main.event_push_actions - 1770 - INFO - rotate_notifs-135 - Rotating notifications, deleted 0 push actions
2025-03-26 19:25:39,667 - synapse.handlers.presence - 914 - INFO - persist_presence_changes-66 - Persisting 1 unpersisted presence updates
2025-03-26 19:25:39,695 - synapse.util.caches.lrucache - 217 - INFO - LruCache._expire_old_entries-135 - Dropped 0 items from caches
2025-03-26 19:25:55,999 - synapse.access.http.8008 - 508 - INFO - GET-455 - 10.89.0.1 - 8008 - {@admincjw:matrix.localhost} Processed request: 30.002sec/0.001sec (0.000sec, 0.000sec) (0.000sec/0.000sec/0) 225B 200 "GET /_matrix/client/v3/sync?filter=0&timeout=30000&org.matrix.msc4222.use_state_after=true&set_presence=unavailable&since=s1_61_0_1_5_1_1_8_0_1 HTTP/1.1" "Mozilla/5.0 (Windows NT 10.0; Win64; x64) AppleWebKit/537.36 (KHTML, like Gecko) Chrome/134.0.0.0 Safari/537.36" [0 dbevts]
2025-03-26 19:25:56,031 - synapse.access.http.8008 - 508 - INFO - GET-457 - 10.89.0.1 - 8008 - {@admincjw:matrix.localhost} Processed request: 0.002sec/0.000sec (0.001sec, 0.000sec) (0.000sec/0.000sec/0) 372B 200 "GET /_matrix/client/v3/sync?filter=0&timeout=30000&org.matrix.msc4222.use_state_after=true&set_presence=unavailable&since=s1_61_0_1_5_1_1_8_0_1 HTTP/1.1" "Mozilla/5.0 (Windows NT 10.0; Win64; x64) AppleWebKit/537.36 (KHTML, like Gecko) Chrome/134.0.0.0 Safari/537.36" [0 dbevts]
2025-03-26 19:26:09,629 - synapse.storage.databases.main.event_push_actions - 1396 - INFO - rotate_notifs-136 - Rotating notifications
2025-03-26 19:26:09,630 - synapse.storage.databases.main.event_push_actions - 1599 - INFO - rotate_notifs-136 - Rotating notifications up to: 1
2025-03-26 19:26:09,632 - synapse.storage.databases.main.event_push_actions - 1685 - INFO - rotate_notifs-136 - Rotating notifications, handling 0 rows
2025-03-26 19:26:09,638 - synapse.storage.databases.main.event_push_actions - 1770 - INFO - rotate_notifs-136 - Rotating notifications, deleted 0 push actions
2025-03-26 19:26:09,695 - synapse.util.caches.lrucache - 217 - INFO - LruCache._expire_old_entries-136 - Dropped 0 items from caches
2025-03-26 19:26:26,047 - synapse.access.http.8008 - 508 - INFO - GET-459 - 10.89.0.1 - 8008 - {@admincjw:matrix.localhost} Processed request: 30.001sec/0.001sec (0.000sec, 0.000sec) (0.000sec/0.000sec/0) 225B 200 "GET /_matrix/client/v3/sync?filter=0&timeout=30000&org.matrix.msc4222.use_state_after=true&set_presence=unavailable&since=s1_62_0_1_5_1_1_8_0_1 HTTP/1.1" "Mozilla/5.0 (Windows NT 10.0; Win64; x64) AppleWebKit/537.36 (KHTML, like Gecko) Chrome/134.0.0.0 Safari/537.36" [0 dbevts]
2025-03-26 19:26:39,632 - synapse.storage.databases.main.event_push_actions - 1396 - INFO - rotate_notifs-137 - Rotating notifications
2025-03-26 19:26:39,634 - synapse.storage.databases.main.event_push_actions - 1599 - INFO - rotate_notifs-137 - Rotating notifications up to: 1
2025-03-26 19:26:39,635 - synapse.storage.databases.main.event_push_actions - 1685 - INFO - rotate_notifs-137 - Rotating notifications, handling 0 rows
2025-03-26 19:26:39,644 - synapse.storage.databases.main.event_push_actions - 1770 - INFO - rotate_notifs-137 - Rotating notifications, deleted 0 push actions
2025-03-26 19:26:39,668 - synapse.handlers.presence - 914 - INFO - persist_presence_changes-67 - Persisting 1 unpersisted presence updates
2025-03-26 19:26:39,695 - synapse.util.caches.lrucache - 217 - INFO - LruCache._expire_old_entries-137 - Dropped 0 items from caches
2025-03-26 19:26:56,248 - synapse.access.http.8008 - 508 - INFO - GET-461 - 10.89.0.1 - 8008 - {@admincjw:matrix.localhost} Processed request: 30.003sec/0.001sec (0.000sec, 0.000sec) (0.000sec/0.000sec/0) 225B 200 "GET /_matrix/client/v3/sync?filter=0&timeout=30000&org.matrix.msc4222.use_state_after=true&set_presence=unavailable&since=s1_62_0_1_5_1_1_8_0_1 HTTP/1.1" "Mozilla/5.0 (Windows NT 10.0; Win64; x64) AppleWebKit/537.36 (KHTML, like Gecko) Chrome/134.0.0.0 Safari/537.36" [0 dbevts]
2025-03-26 19:26:56,282 - synapse.access.http.8008 - 508 - INFO - GET-463 - 10.89.0.1 - 8008 - {@admincjw:matrix.localhost} Processed request: 0.002sec/0.000sec (0.000sec, 0.000sec) (0.000sec/0.000sec/0) 372B 200 "GET /_matrix/client/v3/sync?filter=0&timeout=30000&org.matrix.msc4222.use_state_after=true&set_presence=unavailable&since=s1_62_0_1_5_1_1_8_0_1 HTTP/1.1" "Mozilla/5.0 (Windows NT 10.0; Win64; x64) AppleWebKit/537.36 (KHTML, like Gecko) Chrome/134.0.0.0 Safari/537.36" [0 dbevts]
2025-03-26 19:27:09,633 - synapse.storage.databases.main.event_push_actions - 1396 - INFO - rotate_notifs-138 - Rotating notifications
2025-03-26 19:27:09,634 - synapse.storage.databases.main.event_push_actions - 1599 - INFO - rotate_notifs-138 - Rotating notifications up to: 1
2025-03-26 19:27:09,638 - synapse.storage.databases.main.event_push_actions - 1685 - INFO - rotate_notifs-138 - Rotating notifications, handling 0 rows
2025-03-26 19:27:09,646 - synapse.storage.databases.main.event_push_actions - 1770 - INFO - rotate_notifs-138 - Rotating notifications, deleted 0 push actions
2025-03-26 19:27:09,695 - synapse.util.caches.lrucache - 217 - INFO - LruCache._expire_old_entries-138 - Dropped 0 items from caches
2025-03-26 19:27:11,388 - synapse.access.http.8008 - 508 - INFO - GET-467 - 10.89.0.1 - 8008 - {@admincjw:matrix.localhost} Processed request: 0.001sec/0.001sec (0.000sec, 0.000sec) (0.000sec/0.000sec/0) 2B 200 "GET /_matrix/client/v3/voip/turnServer HTTP/1.1" "Mozilla/5.0 (Windows NT 10.0; Win64; x64) AppleWebKit/537.36 (KHTML, like Gecko) Chrome/134.0.0.0 Safari/537.36" [0 dbevts]
2025-03-26 19:27:26,301 - synapse.access.http.8008 - 508 - INFO - GET-465 - 10.89.0.1 - 8008 - {@admincjw:matrix.localhost} Processed request: 30.003sec/0.001sec (0.000sec, 0.000sec) (0.000sec/0.000sec/0) 225B 200 "GET /_matrix/client/v3/sync?filter=0&timeout=30000&org.matrix.msc4222.use_state_after=true&set_presence=unavailable&since=s1_63_0_1_5_1_1_8_0_1 HTTP/1.1" "Mozilla/5.0 (Windows NT 10.0; Win64; x64) AppleWebKit/537.36 (KHTML, like Gecko) Chrome/134.0.0.0 Safari/537.36" [0 dbevts]
2025-03-26 19:27:39,620 - synapse.storage.databases.main.event_push_actions - 1242 - INFO - event_push_action_stream_orderings-6 - Searching for stream ordering 1 month ago
2025-03-26 19:27:39,621 - synapse.storage.databases.main.event_push_actions - 1246 - INFO - event_push_action_stream_orderings-6 - Found stream ordering 1 month ago: it's 0
2025-03-26 19:27:39,621 - synapse.storage.databases.main.event_push_actions - 1249 - INFO - event_push_action_stream_orderings-6 - Searching for stream ordering 1 day ago
2025-03-26 19:27:39,622 - synapse.storage.databases.main.event_push_actions - 1253 - INFO - event_push_action_stream_orderings-6 - Found stream ordering 1 day ago: it's 0
2025-03-26 19:27:39,627 - synapse.storage.databases.main.event_push_actions - 1396 - INFO - rotate_notifs-139 - Rotating notifications
2025-03-26 19:27:39,628 - synapse.storage.databases.main.event_push_actions - 1599 - INFO - rotate_notifs-139 - Rotating notifications up to: 1
2025-03-26 19:27:39,630 - synapse.storage.databases.main.event_push_actions - 1685 - INFO - rotate_notifs-139 - Rotating notifications, handling 0 rows
2025-03-26 19:27:39,637 - synapse.storage.databases.main.event_push_actions - 1770 - INFO - rotate_notifs-139 - Rotating notifications, deleted 0 push actions
2025-03-26 19:27:39,668 - synapse.handlers.presence - 914 - INFO - persist_presence_changes-68 - Persisting 1 unpersisted presence updates
2025-03-26 19:27:39,695 - synapse.util.caches.lrucache - 217 - INFO - LruCache._expire_old_entries-139 - Dropped 0 items from caches
2025-03-26 19:27:39,717 - synapse.storage.databases.main.metrics - 399 - INFO - generate_user_daily_visits-13 - Calling _generate_user_daily_visits
2025-03-26 19:27:54,212 - synapse.access.http.8008 - 508 - INFO - GET-470 - 10.89.0.1 - 8008 - {None} Processed request: 0.000sec/-0.000sec (0.000sec, 0.000sec) (0.000sec/0.000sec/0) 208B 302 "GET / HTTP/1.1" "Mozilla/5.0 (Windows NT 10.0; Win64; x64) AppleWebKit/537.36 (KHTML, like Gecko) Chrome/134.0.0.0 Safari/537.36" [0 dbevts]
2025-03-26 19:27:54,225 - synapse.access.http.8008 - 508 - INFO - GET-471 - 10.89.0.1 - 8008 - {None} Processed request: 0.001sec/-0.000sec (0.000sec, 0.000sec) (0.000sec/0.000sec/0) 210B 302 "GET /_matrix/static HTTP/1.1" "Mozilla/5.0 (Windows NT 10.0; Win64; x64) AppleWebKit/537.36 (KHTML, like Gecko) Chrome/134.0.0.0 Safari/537.36" [0 dbevts]
2025-03-26 19:27:54,236 - synapse.access.http.8008 - 508 - INFO - GET-472 - 10.89.0.1 - 8008 - {None} Processed request: 0.001sec/-0.000sec (0.000sec, 0.000sec) (0.000sec/0.000sec/0) 10145B 200 "GET /_matrix/static/ HTTP/1.1" "Mozilla/5.0 (Windows NT 10.0; Win64; x64) AppleWebKit/537.36 (KHTML, like Gecko) Chrome/134.0.0.0 Safari/537.36" [0 dbevts]
2025-03-26 19:27:56,324 - synapse.access.http.8008 - 508 - INFO - GET-469 - 10.89.0.1 - 8008 - {@admincjw:matrix.localhost} Processed request: 30.003sec/0.001sec (0.000sec, 0.000sec) (0.000sec/0.000sec/0) 225B 200 "GET /_matrix/client/v3/sync?filter=0&timeout=30000&org.matrix.msc4222.use_state_after=true&set_presence=unavailable&since=s1_63_0_1_5_1_1_8_0_1 HTTP/1.1" "Mozilla/5.0 (Windows NT 10.0; Win64; x64) AppleWebKit/537.36 (KHTML, like Gecko) Chrome/134.0.0.0 Safari/537.36" [0 dbevts]
2025-03-26 19:27:56,370 - synapse.access.http.8008 - 508 - INFO - GET-474 - 10.89.0.1 - 8008 - {@admincjw:matrix.localhost} Processed request: 0.005sec/0.001sec (0.000sec, 0.000sec) (0.000sec/0.000sec/0) 372B 200 "GET /_matrix/client/v3/sync?filter=0&timeout=30000&org.matrix.msc4222.use_state_after=true&set_presence=unavailable&since=s1_63_0_1_5_1_1_8_0_1 HTTP/1.1" "Mozilla/5.0 (Windows NT 10.0; Win64; x64) AppleWebKit/537.36 (KHTML, like Gecko) Chrome/134.0.0.0 Safari/537.36" [0 dbevts]
2025-03-26 19:28:09,632 - synapse.storage.databases.main.event_push_actions - 1396 - INFO - rotate_notifs-140 - Rotating notifications
2025-03-26 19:28:09,633 - synapse.storage.databases.main.event_push_actions - 1599 - INFO - rotate_notifs-140 - Rotating notifications up to: 1
2025-03-26 19:28:09,636 - synapse.storage.databases.main.event_push_actions - 1685 - INFO - rotate_notifs-140 - Rotating notifications, handling 0 rows
2025-03-26 19:28:09,644 - synapse.storage.databases.main.event_push_actions - 1770 - INFO - rotate_notifs-140 - Rotating notifications, deleted 0 push actions
2025-03-26 19:28:09,696 - synapse.util.caches.lrucache - 217 - INFO - LruCache._expire_old_entries-140 - Dropped 0 items from caches
2025-03-26 19:28:26,404 - synapse.access.http.8008 - 508 - INFO - GET-476 - 10.89.0.1 - 8008 - {@admincjw:matrix.localhost} Processed request: 30.002sec/0.000sec (0.000sec, 0.000sec) (0.000sec/0.000sec/0) 225B 200 "GET /_matrix/client/v3/sync?filter=0&timeout=30000&org.matrix.msc4222.use_state_after=true&set_presence=unavailable&since=s1_64_0_1_5_1_1_8_0_1 HTTP/1.1" "Mozilla/5.0 (Windows NT 10.0; Win64; x64) AppleWebKit/537.36 (KHTML, like Gecko) Chrome/134.0.0.0 Safari/537.36" [0 dbevts]
2025-03-26 19:28:39,637 - synapse.storage.databases.main.event_push_actions - 1396 - INFO - rotate_notifs-141 - Rotating notifications
2025-03-26 19:28:39,640 - synapse.storage.databases.main.event_push_actions - 1599 - INFO - rotate_notifs-141 - Rotating notifications up to: 1
2025-03-26 19:28:39,643 - synapse.storage.databases.main.event_push_actions - 1685 - INFO - rotate_notifs-141 - Rotating notifications, handling 0 rows
2025-03-26 19:28:39,653 - synapse.storage.databases.main.event_push_actions - 1770 - INFO - rotate_notifs-141 - Rotating notifications, deleted 0 push actions
2025-03-26 19:28:39,668 - synapse.handlers.presence - 914 - INFO - persist_presence_changes-69 - Persisting 1 unpersisted presence updates
2025-03-26 19:28:39,695 - synapse.util.caches.lrucache - 217 - INFO - LruCache._expire_old_entries-141 - Dropped 0 items from caches
2025-03-26 19:28:54,236 - twisted - 279 - INFO - sentinel - Timing out client: IPv6Address(type='TCP', host='::ffff:10.89.0.206', port=47980, flowInfo=0, scopeID=0)
2025-03-26 19:28:56,438 - synapse.access.http.8008 - 508 - INFO - GET-478 - 10.89.0.1 - 8008 - {@admincjw:matrix.localhost} Processed request: 30.002sec/0.001sec (0.000sec, 0.000sec) (0.000sec/0.000sec/0) 225B 200 "GET /_matrix/client/v3/sync?filter=0&timeout=30000&org.matrix.msc4222.use_state_after=true&set_presence=unavailable&since=s1_64_0_1_5_1_1_8_0_1 HTTP/1.1" "Mozilla/5.0 (Windows NT 10.0; Win64; x64) AppleWebKit/537.36 (KHTML, like Gecko) Chrome/134.0.0.0 Safari/537.36" [0 dbevts]
2025-03-26 19:28:56,469 - synapse.access.http.8008 - 508 - INFO - GET-480 - 10.89.0.1 - 8008 - {@admincjw:matrix.localhost} Processed request: 0.002sec/0.001sec (0.000sec, 0.000sec) (0.000sec/0.000sec/0) 372B 200 "GET /_matrix/client/v3/sync?filter=0&timeout=30000&org.matrix.msc4222.use_state_after=true&set_presence=unavailable&since=s1_64_0_1_5_1_1_8_0_1 HTTP/1.1" "Mozilla/5.0 (Windows NT 10.0; Win64; x64) AppleWebKit/537.36 (KHTML, like Gecko) Chrome/134.0.0.0 Safari/537.36" [0 dbevts]
2025-03-26 19:29:09,632 - synapse.storage.databases.main.event_push_actions - 1396 - INFO - rotate_notifs-142 - Rotating notifications
2025-03-26 19:29:09,634 - synapse.storage.databases.main.event_push_actions - 1599 - INFO - rotate_notifs-142 - Rotating notifications up to: 1
2025-03-26 19:29:09,635 - synapse.storage.databases.main.event_push_actions - 1685 - INFO - rotate_notifs-142 - Rotating notifications, handling 0 rows
2025-03-26 19:29:09,643 - synapse.storage.databases.main.event_push_actions - 1770 - INFO - rotate_notifs-142 - Rotating notifications, deleted 0 push actions
2025-03-26 19:29:09,695 - synapse.util.caches.lrucache - 217 - INFO - LruCache._expire_old_entries-142 - Dropped 0 items from caches
2025-03-26 19:29:26,489 - synapse.access.http.8008 - 508 - INFO - GET-482 - 10.89.0.1 - 8008 - {@admincjw:matrix.localhost} Processed request: 30.003sec/0.001sec (0.000sec, 0.000sec) (0.000sec/0.000sec/0) 225B 200 "GET /_matrix/client/v3/sync?filter=0&timeout=30000&org.matrix.msc4222.use_state_after=true&set_presence=unavailable&since=s1_65_0_1_5_1_1_8_0_1 HTTP/1.1" "Mozilla/5.0 (Windows NT 10.0; Win64; x64) AppleWebKit/537.36 (KHTML, like Gecko) Chrome/134.0.0.0 Safari/537.36" [0 dbevts]
2025-03-26 19:29:39,627 - synapse.storage.databases.main.event_push_actions - 1396 - INFO - rotate_notifs-143 - Rotating notifications
2025-03-26 19:29:39,628 - synapse.storage.databases.main.event_push_actions - 1599 - INFO - rotate_notifs-143 - Rotating notifications up to: 1
2025-03-26 19:29:39,630 - synapse.storage.databases.main.event_push_actions - 1685 - INFO - rotate_notifs-143 - Rotating notifications, handling 0 rows
2025-03-26 19:29:39,636 - synapse.storage.databases.main.event_push_actions - 1770 - INFO - rotate_notifs-143 - Rotating notifications, deleted 0 push actions
2025-03-26 19:29:39,668 - synapse.handlers.presence - 914 - INFO - persist_presence_changes-70 - Persisting 1 unpersisted presence updates
2025-03-26 19:29:39,695 - synapse.util.caches.lrucache - 217 - INFO - LruCache._expire_old_entries-143 - Dropped 0 items from caches
2025-03-26 19:29:56,540 - synapse.access.http.8008 - 508 - INFO - GET-484 - 10.89.0.1 - 8008 - {@admincjw:matrix.localhost} Processed request: 30.004sec/0.000sec (0.000sec, 0.000sec) (0.000sec/0.000sec/0) 225B 200 "GET /_matrix/client/v3/sync?filter=0&timeout=30000&org.matrix.msc4222.use_state_after=true&set_presence=unavailable&since=s1_65_0_1_5_1_1_8_0_1 HTTP/1.1" "Mozilla/5.0 (Windows NT 10.0; Win64; x64) AppleWebKit/537.36 (KHTML, like Gecko) Chrome/134.0.0.0 Safari/537.36" [0 dbevts]
2025-03-26 19:29:56,600 - synapse.access.http.8008 - 508 - INFO - GET-486 - 10.89.0.1 - 8008 - {@admincjw:matrix.localhost} Processed request: 0.002sec/0.000sec (0.001sec, 0.000sec) (0.000sec/0.000sec/0) 372B 200 "GET /_matrix/client/v3/sync?filter=0&timeout=30000&org.matrix.msc4222.use_state_after=true&set_presence=unavailable&since=s1_65_0_1_5_1_1_8_0_1 HTTP/1.1" "Mozilla/5.0 (Windows NT 10.0; Win64; x64) AppleWebKit/537.36 (KHTML, like Gecko) Chrome/134.0.0.0 Safari/537.36" [0 dbevts]
2025-03-26 19:30:09,628 - synapse.storage.databases.main.event_push_actions - 1396 - INFO - rotate_notifs-144 - Rotating notifications
2025-03-26 19:30:09,629 - synapse.storage.databases.main.event_push_actions - 1599 - INFO - rotate_notifs-144 - Rotating notifications up to: 1
2025-03-26 19:30:09,631 - synapse.storage.databases.main.event_push_actions - 1685 - INFO - rotate_notifs-144 - Rotating notifications, handling 0 rows
2025-03-26 19:30:09,638 - synapse.storage.databases.main.event_push_actions - 1770 - INFO - rotate_notifs-144 - Rotating notifications, deleted 0 push actions
2025-03-26 19:30:09,695 - synapse.util.caches.lrucache - 217 - INFO - LruCache._expire_old_entries-144 - Dropped 0 items from caches
2025-03-26 19:30:26,620 - synapse.access.http.8008 - 508 - INFO - GET-488 - 10.89.0.1 - 8008 - {@admincjw:matrix.localhost} Processed request: 30.002sec/0.001sec (0.001sec, 0.000sec) (0.000sec/0.000sec/0) 225B 200 "GET /_matrix/client/v3/sync?filter=0&timeout=30000&org.matrix.msc4222.use_state_after=true&set_presence=unavailable&since=s1_66_0_1_5_1_1_8_0_1 HTTP/1.1" "Mozilla/5.0 (Windows NT 10.0; Win64; x64) AppleWebKit/537.36 (KHTML, like Gecko) Chrome/134.0.0.0 Safari/537.36" [0 dbevts]
2025-03-26 19:30:39,628 - synapse.storage.databases.main.event_push_actions - 1396 - INFO - rotate_notifs-145 - Rotating notifications
2025-03-26 19:30:39,630 - synapse.storage.databases.main.event_push_actions - 1599 - INFO - rotate_notifs-145 - Rotating notifications up to: 1
2025-03-26 19:30:39,632 - synapse.storage.databases.main.event_push_actions - 1685 - INFO - rotate_notifs-145 - Rotating notifications, handling 0 rows
2025-03-26 19:30:39,640 - synapse.storage.databases.main.event_push_actions - 1770 - INFO - rotate_notifs-145 - Rotating notifications, deleted 0 push actions
2025-03-26 19:30:39,667 - synapse.handlers.presence - 914 - INFO - persist_presence_changes-71 - Persisting 1 unpersisted presence updates
2025-03-26 19:30:39,695 - synapse.util.caches.lrucache - 217 - INFO - LruCache._expire_old_entries-145 - Dropped 0 items from caches
2025-03-26 19:30:56,670 - synapse.access.http.8008 - 508 - INFO - GET-490 - 10.89.0.1 - 8008 - {@admincjw:matrix.localhost} Processed request: 30.003sec/0.001sec (0.001sec, 0.000sec) (0.000sec/0.000sec/0) 225B 200 "GET /_matrix/client/v3/sync?filter=0&timeout=30000&org.matrix.msc4222.use_state_after=true&set_presence=unavailable&since=s1_66_0_1_5_1_1_8_0_1 HTTP/1.1" "Mozilla/5.0 (Windows NT 10.0; Win64; x64) AppleWebKit/537.36 (KHTML, like Gecko) Chrome/134.0.0.0 Safari/537.36" [0 dbevts]
2025-03-26 19:30:56,727 - synapse.access.http.8008 - 508 - INFO - GET-492 - 10.89.0.1 - 8008 - {@admincjw:matrix.localhost} Processed request: 0.006sec/0.001sec (0.005sec, 0.000sec) (0.000sec/0.000sec/0) 372B 200 "GET /_matrix/client/v3/sync?filter=0&timeout=30000&org.matrix.msc4222.use_state_after=true&set_presence=unavailable&since=s1_66_0_1_5_1_1_8_0_1 HTTP/1.1" "Mozilla/5.0 (Windows NT 10.0; Win64; x64) AppleWebKit/537.36 (KHTML, like Gecko) Chrome/134.0.0.0 Safari/537.36" [0 dbevts]
2025-03-26 19:31:09,629 - synapse.storage.databases.main.event_push_actions - 1396 - INFO - rotate_notifs-146 - Rotating notifications
2025-03-26 19:31:09,632 - synapse.storage.databases.main.event_push_actions - 1599 - INFO - rotate_notifs-146 - Rotating notifications up to: 1
2025-03-26 19:31:09,634 - synapse.storage.databases.main.event_push_actions - 1685 - INFO - rotate_notifs-146 - Rotating notifications, handling 0 rows
2025-03-26 19:31:09,641 - synapse.storage.databases.main.event_push_actions - 1770 - INFO - rotate_notifs-146 - Rotating notifications, deleted 0 push actions
2025-03-26 19:31:09,696 - synapse.util.caches.lrucache - 217 - INFO - LruCache._expire_old_entries-146 - Dropped 0 items from caches
2025-03-26 19:31:26,751 - synapse.access.http.8008 - 508 - INFO - GET-494 - 10.89.0.1 - 8008 - {@admincjw:matrix.localhost} Processed request: 30.003sec/0.001sec (0.000sec, 0.000sec) (0.000sec/0.000sec/0) 225B 200 "GET /_matrix/client/v3/sync?filter=0&timeout=30000&org.matrix.msc4222.use_state_after=true&set_presence=unavailable&since=s1_67_0_1_5_1_1_8_0_1 HTTP/1.1" "Mozilla/5.0 (Windows NT 10.0; Win64; x64) AppleWebKit/537.36 (KHTML, like Gecko) Chrome/134.0.0.0 Safari/537.36" [0 dbevts]
2025-03-26 19:31:39,631 - synapse.storage.databases.main.event_push_actions - 1396 - INFO - rotate_notifs-147 - Rotating notifications
2025-03-26 19:31:39,633 - synapse.storage.databases.main.event_push_actions - 1599 - INFO - rotate_notifs-147 - Rotating notifications up to: 1
2025-03-26 19:31:39,636 - synapse.storage.databases.main.event_push_actions - 1685 - INFO - rotate_notifs-147 - Rotating notifications, handling 0 rows
2025-03-26 19:31:39,645 - synapse.storage.databases.main.event_push_actions - 1770 - INFO - rotate_notifs-147 - Rotating notifications, deleted 0 push actions
2025-03-26 19:31:39,668 - synapse.handlers.presence - 914 - INFO - persist_presence_changes-72 - Persisting 1 unpersisted presence updates
2025-03-26 19:31:39,695 - synapse.util.caches.lrucache - 217 - INFO - LruCache._expire_old_entries-147 - Dropped 0 items from caches
2025-03-26 19:31:56,790 - synapse.access.http.8008 - 508 - INFO - GET-496 - 10.89.0.1 - 8008 - {@admincjw:matrix.localhost} Processed request: 30.003sec/0.001sec (0.000sec, 0.000sec) (0.000sec/0.000sec/0) 225B 200 "GET /_matrix/client/v3/sync?filter=0&timeout=30000&org.matrix.msc4222.use_state_after=true&set_presence=unavailable&since=s1_67_0_1_5_1_1_8_0_1 HTTP/1.1" "Mozilla/5.0 (Windows NT 10.0; Win64; x64) AppleWebKit/537.36 (KHTML, like Gecko) Chrome/134.0.0.0 Safari/537.36" [0 dbevts]
2025-03-26 19:31:56,827 - synapse.access.http.8008 - 508 - INFO - GET-498 - 10.89.0.1 - 8008 - {@admincjw:matrix.localhost} Processed request: 0.002sec/0.001sec (0.000sec, 0.000sec) (0.000sec/0.000sec/0) 372B 200 "GET /_matrix/client/v3/sync?filter=0&timeout=30000&org.matrix.msc4222.use_state_after=true&set_presence=unavailable&since=s1_67_0_1_5_1_1_8_0_1 HTTP/1.1" "Mozilla/5.0 (Windows NT 10.0; Win64; x64) AppleWebKit/537.36 (KHTML, like Gecko) Chrome/134.0.0.0 Safari/537.36" [0 dbevts]
2025-03-26 19:31:56,973 - synapse.metrics._gc - 127 - INFO - sentinel - Collecting gc 1
2025-03-26 19:32:09,629 - synapse.storage.databases.main.event_push_actions - 1396 - INFO - rotate_notifs-148 - Rotating notifications
2025-03-26 19:32:09,631 - synapse.storage.databases.main.event_push_actions - 1599 - INFO - rotate_notifs-148 - Rotating notifications up to: 1
2025-03-26 19:32:09,633 - synapse.storage.databases.main.event_push_actions - 1685 - INFO - rotate_notifs-148 - Rotating notifications, handling 0 rows
2025-03-26 19:32:09,643 - synapse.storage.databases.main.event_push_actions - 1770 - INFO - rotate_notifs-148 - Rotating notifications, deleted 0 push actions
2025-03-26 19:32:09,695 - synapse.util.caches.lrucache - 217 - INFO - LruCache._expire_old_entries-148 - Dropped 0 items from caches
2025-03-26 19:32:26,848 - synapse.access.http.8008 - 508 - INFO - GET-500 - 10.89.0.1 - 8008 - {@admincjw:matrix.localhost} Processed request: 30.002sec/0.001sec (0.000sec, 0.000sec) (0.000sec/0.000sec/0) 225B 200 "GET /_matrix/client/v3/sync?filter=0&timeout=30000&org.matrix.msc4222.use_state_after=true&set_presence=unavailable&since=s1_68_0_1_5_1_1_8_0_1 HTTP/1.1" "Mozilla/5.0 (Windows NT 10.0; Win64; x64) AppleWebKit/537.36 (KHTML, like Gecko) Chrome/134.0.0.0 Safari/537.36" [0 dbevts]
2025-03-26 19:32:39,629 - synapse.storage.databases.main.event_push_actions - 1396 - INFO - rotate_notifs-149 - Rotating notifications
2025-03-26 19:32:39,631 - synapse.storage.databases.main.event_push_actions - 1599 - INFO - rotate_notifs-149 - Rotating notifications up to: 1
2025-03-26 19:32:39,634 - synapse.storage.databases.main.event_push_actions - 1685 - INFO - rotate_notifs-149 - Rotating notifications, handling 0 rows
2025-03-26 19:32:39,642 - synapse.storage.databases.main.event_push_actions - 1770 - INFO - rotate_notifs-149 - Rotating notifications, deleted 0 push actions
2025-03-26 19:32:39,668 - synapse.handlers.presence - 914 - INFO - persist_presence_changes-73 - Persisting 1 unpersisted presence updates
2025-03-26 19:32:39,695 - synapse.util.caches.lrucache - 217 - INFO - LruCache._expire_old_entries-149 - Dropped 0 items from caches
2025-03-26 19:32:39,718 - synapse.storage.databases.main.metrics - 399 - INFO - generate_user_daily_visits-14 - Calling _generate_user_daily_visits
2025-03-26 19:32:56,890 - synapse.access.http.8008 - 508 - INFO - GET-502 - 10.89.0.1 - 8008 - {@admincjw:matrix.localhost} Processed request: 30.003sec/0.000sec (0.000sec, 0.000sec) (0.000sec/0.000sec/0) 225B 200 "GET /_matrix/client/v3/sync?filter=0&timeout=30000&org.matrix.msc4222.use_state_after=true&set_presence=unavailable&since=s1_68_0_1_5_1_1_8_0_1 HTTP/1.1" "Mozilla/5.0 (Windows NT 10.0; Win64; x64) AppleWebKit/537.36 (KHTML, like Gecko) Chrome/134.0.0.0 Safari/537.36" [0 dbevts]
2025-03-26 19:32:56,924 - synapse.access.http.8008 - 508 - INFO - GET-504 - 10.89.0.1 - 8008 - {@admincjw:matrix.localhost} Processed request: 0.002sec/0.000sec (0.000sec, 0.000sec) (0.000sec/0.000sec/0) 372B 200 "GET /_matrix/client/v3/sync?filter=0&timeout=30000&org.matrix.msc4222.use_state_after=true&set_presence=unavailable&since=s1_68_0_1_5_1_1_8_0_1 HTTP/1.1" "Mozilla/5.0 (Windows NT 10.0; Win64; x64) AppleWebKit/537.36 (KHTML, like Gecko) Chrome/134.0.0.0 Safari/537.36" [0 dbevts]
2025-03-26 19:33:09,629 - synapse.storage.databases.main.event_push_actions - 1396 - INFO - rotate_notifs-150 - Rotating notifications
2025-03-26 19:33:09,631 - synapse.storage.databases.main.event_push_actions - 1599 - INFO - rotate_notifs-150 - Rotating notifications up to: 1
2025-03-26 19:33:09,633 - synapse.storage.databases.main.event_push_actions - 1685 - INFO - rotate_notifs-150 - Rotating notifications, handling 0 rows
2025-03-26 19:33:09,640 - synapse.storage.databases.main.event_push_actions - 1770 - INFO - rotate_notifs-150 - Rotating notifications, deleted 0 push actions
2025-03-26 19:33:09,695 - synapse.util.caches.lrucache - 217 - INFO - LruCache._expire_old_entries-150 - Dropped 0 items from caches
2025-03-26 19:33:26,942 - synapse.access.http.8008 - 508 - INFO - GET-506 - 10.89.0.1 - 8008 - {@admincjw:matrix.localhost} Processed request: 30.002sec/0.001sec (0.000sec, 0.000sec) (0.000sec/0.000sec/0) 225B 200 "GET /_matrix/client/v3/sync?filter=0&timeout=30000&org.matrix.msc4222.use_state_after=true&set_presence=unavailable&since=s1_69_0_1_5_1_1_8_0_1 HTTP/1.1" "Mozilla/5.0 (Windows NT 10.0; Win64; x64) AppleWebKit/537.36 (KHTML, like Gecko) Chrome/134.0.0.0 Safari/537.36" [0 dbevts]
2025-03-26 19:33:39,626 - synapse.storage.databases.main.event_push_actions - 1396 - INFO - rotate_notifs-151 - Rotating notifications
2025-03-26 19:33:39,628 - synapse.storage.databases.main.event_push_actions - 1599 - INFO - rotate_notifs-151 - Rotating notifications up to: 1
2025-03-26 19:33:39,629 - synapse.storage.databases.main.event_push_actions - 1685 - INFO - rotate_notifs-151 - Rotating notifications, handling 0 rows
2025-03-26 19:33:39,635 - synapse.storage.databases.main.event_push_actions - 1770 - INFO - rotate_notifs-151 - Rotating notifications, deleted 0 push actions
2025-03-26 19:33:39,667 - synapse.handlers.presence - 914 - INFO - persist_presence_changes-74 - Persisting 1 unpersisted presence updates
2025-03-26 19:33:39,695 - synapse.util.caches.lrucache - 217 - INFO - LruCache._expire_old_entries-151 - Dropped 0 items from caches
2025-03-26 19:33:56,989 - synapse.access.http.8008 - 508 - INFO - GET-508 - 10.89.0.1 - 8008 - {@admincjw:matrix.localhost} Processed request: 30.003sec/0.001sec (0.000sec, 0.000sec) (0.000sec/0.000sec/0) 225B 200 "GET /_matrix/client/v3/sync?filter=0&timeout=30000&org.matrix.msc4222.use_state_after=true&set_presence=unavailable&since=s1_69_0_1_5_1_1_8_0_1 HTTP/1.1" "Mozilla/5.0 (Windows NT 10.0; Win64; x64) AppleWebKit/537.36 (KHTML, like Gecko) Chrome/134.0.0.0 Safari/537.36" [0 dbevts]
2025-03-26 19:33:57,044 - synapse.access.http.8008 - 508 - INFO - GET-510 - 10.89.0.1 - 8008 - {@admincjw:matrix.localhost} Processed request: 0.002sec/0.000sec (0.000sec, 0.000sec) (0.000sec/0.000sec/0) 372B 200 "GET /_matrix/client/v3/sync?filter=0&timeout=30000&org.matrix.msc4222.use_state_after=true&set_presence=unavailable&since=s1_69_0_1_5_1_1_8_0_1 HTTP/1.1" "Mozilla/5.0 (Windows NT 10.0; Win64; x64) AppleWebKit/537.36 (KHTML, like Gecko) Chrome/134.0.0.0 Safari/537.36" [0 dbevts]
2025-03-26 19:34:09,626 - synapse.storage.databases.main.event_push_actions - 1396 - INFO - rotate_notifs-152 - Rotating notifications
2025-03-26 19:34:09,627 - synapse.storage.databases.main.event_push_actions - 1599 - INFO - rotate_notifs-152 - Rotating notifications up to: 1
2025-03-26 19:34:09,628 - synapse.storage.databases.main.event_push_actions - 1685 - INFO - rotate_notifs-152 - Rotating notifications, handling 0 rows
2025-03-26 19:34:09,635 - synapse.storage.databases.main.event_push_actions - 1770 - INFO - rotate_notifs-152 - Rotating notifications, deleted 0 push actions
2025-03-26 19:34:09,695 - synapse.util.caches.lrucache - 217 - INFO - LruCache._expire_old_entries-152 - Dropped 0 items from caches
2025-03-26 19:34:27,067 - synapse.access.http.8008 - 508 - INFO - GET-512 - 10.89.0.1 - 8008 - {@admincjw:matrix.localhost} Processed request: 30.002sec/0.001sec (0.000sec, 0.000sec) (0.000sec/0.000sec/0) 225B 200 "GET /_matrix/client/v3/sync?filter=0&timeout=30000&org.matrix.msc4222.use_state_after=true&set_presence=unavailable&since=s1_70_0_1_5_1_1_8_0_1 HTTP/1.1" "Mozilla/5.0 (Windows NT 10.0; Win64; x64) AppleWebKit/537.36 (KHTML, like Gecko) Chrome/134.0.0.0 Safari/537.36" [0 dbevts]
2025-03-26 19:34:39,628 - synapse.storage.databases.main.event_push_actions - 1396 - INFO - rotate_notifs-153 - Rotating notifications
2025-03-26 19:34:39,629 - synapse.storage.databases.main.event_push_actions - 1599 - INFO - rotate_notifs-153 - Rotating notifications up to: 1
2025-03-26 19:34:39,631 - synapse.storage.databases.main.event_push_actions - 1685 - INFO - rotate_notifs-153 - Rotating notifications, handling 0 rows
2025-03-26 19:34:39,638 - synapse.storage.databases.main.event_push_actions - 1770 - INFO - rotate_notifs-153 - Rotating notifications, deleted 0 push actions
2025-03-26 19:34:39,668 - synapse.handlers.presence - 914 - INFO - persist_presence_changes-75 - Persisting 1 unpersisted presence updates
2025-03-26 19:34:39,695 - synapse.util.caches.lrucache - 217 - INFO - LruCache._expire_old_entries-153 - Dropped 0 items from caches
2025-03-26 19:34:57,106 - synapse.access.http.8008 - 508 - INFO - GET-514 - 10.89.0.1 - 8008 - {@admincjw:matrix.localhost} Processed request: 30.003sec/0.001sec (0.003sec, 0.000sec) (0.000sec/0.000sec/0) 225B 200 "GET /_matrix/client/v3/sync?filter=0&timeout=30000&org.matrix.msc4222.use_state_after=true&set_presence=unavailable&since=s1_70_0_1_5_1_1_8_0_1 HTTP/1.1" "Mozilla/5.0 (Windows NT 10.0; Win64; x64) AppleWebKit/537.36 (KHTML, like Gecko) Chrome/134.0.0.0 Safari/537.36" [0 dbevts]
2025-03-26 19:34:57,138 - synapse.access.http.8008 - 508 - INFO - GET-516 - 10.89.0.1 - 8008 - {@admincjw:matrix.localhost} Processed request: 0.002sec/0.001sec (0.000sec, 0.000sec) (0.000sec/0.000sec/0) 372B 200 "GET /_matrix/client/v3/sync?filter=0&timeout=30000&org.matrix.msc4222.use_state_after=true&set_presence=unavailable&since=s1_70_0_1_5_1_1_8_0_1 HTTP/1.1" "Mozilla/5.0 (Windows NT 10.0; Win64; x64) AppleWebKit/537.36 (KHTML, like Gecko) Chrome/134.0.0.0 Safari/537.36" [0 dbevts]
2025-03-26 19:35:09,629 - synapse.storage.databases.main.event_push_actions - 1396 - INFO - rotate_notifs-154 - Rotating notifications
2025-03-26 19:35:09,631 - synapse.storage.databases.main.event_push_actions - 1599 - INFO - rotate_notifs-154 - Rotating notifications up to: 1
2025-03-26 19:35:09,634 - synapse.storage.databases.main.event_push_actions - 1685 - INFO - rotate_notifs-154 - Rotating notifications, handling 0 rows
2025-03-26 19:35:09,640 - synapse.storage.databases.main.event_push_actions - 1770 - INFO - rotate_notifs-154 - Rotating notifications, deleted 0 push actions
2025-03-26 19:35:09,696 - synapse.util.caches.lrucache - 217 - INFO - LruCache._expire_old_entries-154 - Dropped 0 items from caches
2025-03-26 19:35:27,159 - synapse.access.http.8008 - 508 - INFO - GET-518 - 10.89.0.1 - 8008 - {@admincjw:matrix.localhost} Processed request: 30.004sec/0.001sec (0.000sec, 0.000sec) (0.000sec/0.000sec/0) 225B 200 "GET /_matrix/client/v3/sync?filter=0&timeout=30000&org.matrix.msc4222.use_state_after=true&set_presence=unavailable&since=s1_71_0_1_5_1_1_8_0_1 HTTP/1.1" "Mozilla/5.0 (Windows NT 10.0; Win64; x64) AppleWebKit/537.36 (KHTML, like Gecko) Chrome/134.0.0.0 Safari/537.36" [0 dbevts]
2025-03-26 19:35:39,627 - synapse.storage.databases.main.event_push_actions - 1396 - INFO - rotate_notifs-155 - Rotating notifications
2025-03-26 19:35:39,628 - synapse.storage.databases.main.event_push_actions - 1599 - INFO - rotate_notifs-155 - Rotating notifications up to: 1
2025-03-26 19:35:39,630 - synapse.storage.databases.main.event_push_actions - 1685 - INFO - rotate_notifs-155 - Rotating notifications, handling 0 rows
2025-03-26 19:35:39,637 - synapse.storage.databases.main.event_push_actions - 1770 - INFO - rotate_notifs-155 - Rotating notifications, deleted 0 push actions
2025-03-26 19:35:39,668 - synapse.handlers.presence - 914 - INFO - persist_presence_changes-76 - Persisting 1 unpersisted presence updates
2025-03-26 19:35:39,696 - synapse.util.caches.lrucache - 217 - INFO - LruCache._expire_old_entries-155 - Dropped 0 items from caches
2025-03-26 19:35:57,234 - synapse.access.http.8008 - 508 - INFO - GET-520 - 10.89.0.1 - 8008 - {@admincjw:matrix.localhost} Processed request: 30.004sec/0.001sec (0.004sec, 0.000sec) (0.000sec/0.000sec/0) 225B 200 "GET /_matrix/client/v3/sync?filter=0&timeout=30000&org.matrix.msc4222.use_state_after=true&set_presence=unavailable&since=s1_71_0_1_5_1_1_8_0_1 HTTP/1.1" "Mozilla/5.0 (Windows NT 10.0; Win64; x64) AppleWebKit/537.36 (KHTML, like Gecko) Chrome/134.0.0.0 Safari/537.36" [0 dbevts]
2025-03-26 19:35:57,281 - synapse.access.http.8008 - 508 - INFO - GET-522 - 10.89.0.1 - 8008 - {@admincjw:matrix.localhost} Processed request: 0.004sec/0.001sec (0.000sec, 0.000sec) (0.000sec/0.000sec/0) 372B 200 "GET /_matrix/client/v3/sync?filter=0&timeout=30000&org.matrix.msc4222.use_state_after=true&set_presence=unavailable&since=s1_71_0_1_5_1_1_8_0_1 HTTP/1.1" "Mozilla/5.0 (Windows NT 10.0; Win64; x64) AppleWebKit/537.36 (KHTML, like Gecko) Chrome/134.0.0.0 Safari/537.36" [0 dbevts]
2025-03-26 19:36:09,631 - synapse.storage.databases.main.event_push_actions - 1396 - INFO - rotate_notifs-156 - Rotating notifications
2025-03-26 19:36:09,634 - synapse.storage.databases.main.event_push_actions - 1599 - INFO - rotate_notifs-156 - Rotating notifications up to: 1
2025-03-26 19:36:09,636 - synapse.storage.databases.main.event_push_actions - 1685 - INFO - rotate_notifs-156 - Rotating notifications, handling 0 rows
2025-03-26 19:36:09,646 - synapse.storage.databases.main.event_push_actions - 1770 - INFO - rotate_notifs-156 - Rotating notifications, deleted 0 push actions
2025-03-26 19:36:09,696 - synapse.util.caches.lrucache - 217 - INFO - LruCache._expire_old_entries-156 - Dropped 0 items from caches
2025-03-26 19:36:27,306 - synapse.access.http.8008 - 508 - INFO - GET-524 - 10.89.0.1 - 8008 - {@admincjw:matrix.localhost} Processed request: 30.003sec/0.000sec (0.000sec, 0.000sec) (0.000sec/0.000sec/0) 225B 200 "GET /_matrix/client/v3/sync?filter=0&timeout=30000&org.matrix.msc4222.use_state_after=true&set_presence=unavailable&since=s1_72_0_1_5_1_1_8_0_1 HTTP/1.1" "Mozilla/5.0 (Windows NT 10.0; Win64; x64) AppleWebKit/537.36 (KHTML, like Gecko) Chrome/134.0.0.0 Safari/537.36" [0 dbevts]
2025-03-26 19:36:39,628 - synapse.storage.databases.main.event_push_actions - 1396 - INFO - rotate_notifs-157 - Rotating notifications
2025-03-26 19:36:39,630 - synapse.storage.databases.main.event_push_actions - 1599 - INFO - rotate_notifs-157 - Rotating notifications up to: 1
2025-03-26 19:36:39,631 - synapse.storage.databases.main.event_push_actions - 1685 - INFO - rotate_notifs-157 - Rotating notifications, handling 0 rows
2025-03-26 19:36:39,640 - synapse.storage.databases.main.event_push_actions - 1770 - INFO - rotate_notifs-157 - Rotating notifications, deleted 0 push actions
2025-03-26 19:36:39,668 - synapse.handlers.presence - 914 - INFO - persist_presence_changes-77 - Persisting 1 unpersisted presence updates
2025-03-26 19:36:39,695 - synapse.util.caches.lrucache - 217 - INFO - LruCache._expire_old_entries-157 - Dropped 0 items from caches
2025-03-26 19:36:57,767 - synapse.access.http.8008 - 508 - INFO - GET-526 - 10.89.0.1 - 8008 - {@admincjw:matrix.localhost} Processed request: 30.002sec/0.001sec (0.000sec, 0.000sec) (0.000sec/0.000sec/0) 225B 200 "GET /_matrix/client/v3/sync?filter=0&timeout=30000&org.matrix.msc4222.use_state_after=true&set_presence=unavailable&since=s1_72_0_1_5_1_1_8_0_1 HTTP/1.1" "Mozilla/5.0 (Windows NT 10.0; Win64; x64) AppleWebKit/537.36 (KHTML, like Gecko) Chrome/134.0.0.0 Safari/537.36" [0 dbevts]
2025-03-26 19:36:57,797 - synapse.access.http.8008 - 508 - INFO - GET-528 - 10.89.0.1 - 8008 - {@admincjw:matrix.localhost} Processed request: 0.002sec/0.000sec (0.000sec, 0.000sec) (0.000sec/0.000sec/0) 372B 200 "GET /_matrix/client/v3/sync?filter=0&timeout=30000&org.matrix.msc4222.use_state_after=true&set_presence=unavailable&since=s1_72_0_1_5_1_1_8_0_1 HTTP/1.1" "Mozilla/5.0 (Windows NT 10.0; Win64; x64) AppleWebKit/537.36 (KHTML, like Gecko) Chrome/134.0.0.0 Safari/537.36" [0 dbevts]
2025-03-26 19:37:09,629 - synapse.storage.databases.main.event_push_actions - 1396 - INFO - rotate_notifs-158 - Rotating notifications
2025-03-26 19:37:09,631 - synapse.storage.databases.main.event_push_actions - 1599 - INFO - rotate_notifs-158 - Rotating notifications up to: 1
2025-03-26 19:37:09,633 - synapse.storage.databases.main.event_push_actions - 1685 - INFO - rotate_notifs-158 - Rotating notifications, handling 0 rows
2025-03-26 19:37:09,640 - synapse.storage.databases.main.event_push_actions - 1770 - INFO - rotate_notifs-158 - Rotating notifications, deleted 0 push actions
2025-03-26 19:37:09,695 - synapse.util.caches.lrucache - 217 - INFO - LruCache._expire_old_entries-158 - Dropped 0 items from caches
2025-03-26 19:37:11,375 - synapse.access.http.8008 - 508 - INFO - GET-532 - 10.89.0.1 - 8008 - {@admincjw:matrix.localhost} Processed request: 0.000sec/0.000sec (0.000sec, 0.000sec) (0.000sec/0.000sec/0) 2B 200 "GET /_matrix/client/v3/voip/turnServer HTTP/1.1" "Mozilla/5.0 (Windows NT 10.0; Win64; x64) AppleWebKit/537.36 (KHTML, like Gecko) Chrome/134.0.0.0 Safari/537.36" [0 dbevts]
2025-03-26 19:37:27,815 - synapse.access.http.8008 - 508 - INFO - GET-530 - 10.89.0.1 - 8008 - {@admincjw:matrix.localhost} Processed request: 30.003sec/0.001sec (0.000sec, 0.000sec) (0.000sec/0.000sec/0) 225B 200 "GET /_matrix/client/v3/sync?filter=0&timeout=30000&org.matrix.msc4222.use_state_after=true&set_presence=unavailable&since=s1_73_0_1_5_1_1_8_0_1 HTTP/1.1" "Mozilla/5.0 (Windows NT 10.0; Win64; x64) AppleWebKit/537.36 (KHTML, like Gecko) Chrome/134.0.0.0 Safari/537.36" [0 dbevts]
2025-03-26 19:37:39,621 - synapse.storage.databases.main.event_push_actions - 1242 - INFO - event_push_action_stream_orderings-7 - Searching for stream ordering 1 month ago
2025-03-26 19:37:39,623 - synapse.storage.databases.main.event_push_actions - 1246 - INFO - event_push_action_stream_orderings-7 - Found stream ordering 1 month ago: it's 0
2025-03-26 19:37:39,623 - synapse.storage.databases.main.event_push_actions - 1249 - INFO - event_push_action_stream_orderings-7 - Searching for stream ordering 1 day ago
2025-03-26 19:37:39,624 - synapse.storage.databases.main.event_push_actions - 1253 - INFO - event_push_action_stream_orderings-7 - Found stream ordering 1 day ago: it's 0
2025-03-26 19:37:39,635 - synapse.storage.databases.main.event_push_actions - 1396 - INFO - rotate_notifs-159 - Rotating notifications
2025-03-26 19:37:39,638 - synapse.storage.databases.main.event_push_actions - 1599 - INFO - rotate_notifs-159 - Rotating notifications up to: 1
2025-03-26 19:37:39,640 - synapse.storage.databases.main.event_push_actions - 1685 - INFO - rotate_notifs-159 - Rotating notifications, handling 0 rows
2025-03-26 19:37:39,649 - synapse.storage.databases.main.event_push_actions - 1770 - INFO - rotate_notifs-159 - Rotating notifications, deleted 0 push actions
2025-03-26 19:37:39,668 - synapse.handlers.presence - 914 - INFO - persist_presence_changes-78 - Persisting 1 unpersisted presence updates
2025-03-26 19:37:39,695 - synapse.util.caches.lrucache - 217 - INFO - LruCache._expire_old_entries-159 - Dropped 0 items from caches
2025-03-26 19:37:39,717 - synapse.storage.databases.main.metrics - 399 - INFO - generate_user_daily_visits-15 - Calling _generate_user_daily_visits
2025-03-26 19:37:57,871 - synapse.access.http.8008 - 508 - INFO - GET-534 - 10.89.0.1 - 8008 - {@admincjw:matrix.localhost} Processed request: 30.003sec/0.000sec (0.000sec, 0.000sec) (0.000sec/0.000sec/0) 225B 200 "GET /_matrix/client/v3/sync?filter=0&timeout=30000&org.matrix.msc4222.use_state_after=true&set_presence=unavailable&since=s1_73_0_1_5_1_1_8_0_1 HTTP/1.1" "Mozilla/5.0 (Windows NT 10.0; Win64; x64) AppleWebKit/537.36 (KHTML, like Gecko) Chrome/134.0.0.0 Safari/537.36" [0 dbevts]
2025-03-26 19:37:57,897 - synapse.access.http.8008 - 508 - INFO - GET-536 - 10.89.0.1 - 8008 - {@admincjw:matrix.localhost} Processed request: 0.002sec/0.000sec (0.001sec, 0.000sec) (0.000sec/0.000sec/0) 372B 200 "GET /_matrix/client/v3/sync?filter=0&timeout=30000&org.matrix.msc4222.use_state_after=true&set_presence=unavailable&since=s1_73_0_1_5_1_1_8_0_1 HTTP/1.1" "Mozilla/5.0 (Windows NT 10.0; Win64; x64) AppleWebKit/537.36 (KHTML, like Gecko) Chrome/134.0.0.0 Safari/537.36" [0 dbevts]
2025-03-26 19:38:09,634 - synapse.storage.databases.main.event_push_actions - 1396 - INFO - rotate_notifs-160 - Rotating notifications
2025-03-26 19:38:09,637 - synapse.storage.databases.main.event_push_actions - 1599 - INFO - rotate_notifs-160 - Rotating notifications up to: 1
2025-03-26 19:38:09,640 - synapse.storage.databases.main.event_push_actions - 1685 - INFO - rotate_notifs-160 - Rotating notifications, handling 0 rows
2025-03-26 19:38:09,648 - synapse.storage.databases.main.event_push_actions - 1770 - INFO - rotate_notifs-160 - Rotating notifications, deleted 0 push actions
2025-03-26 19:38:09,695 - synapse.util.caches.lrucache - 217 - INFO - LruCache._expire_old_entries-160 - Dropped 0 items from caches
2025-03-26 19:38:11,376 - twisted - 279 - INFO - sentinel - Timing out client: IPv6Address(type='TCP', host='::ffff:10.89.0.206', port=47108, flowInfo=0, scopeID=0)
2025-03-26 19:38:27,915 - synapse.access.http.8008 - 508 - INFO - GET-538 - 10.89.0.1 - 8008 - {@admincjw:matrix.localhost} Processed request: 30.003sec/0.001sec (0.000sec, 0.000sec) (0.000sec/0.000sec/0) 225B 200 "GET /_matrix/client/v3/sync?filter=0&timeout=30000&org.matrix.msc4222.use_state_after=true&set_presence=unavailable&since=s1_74_0_1_5_1_1_8_0_1 HTTP/1.1" "Mozilla/5.0 (Windows NT 10.0; Win64; x64) AppleWebKit/537.36 (KHTML, like Gecko) Chrome/134.0.0.0 Safari/537.36" [0 dbevts]
2025-03-26 19:38:39,630 - synapse.storage.databases.main.event_push_actions - 1396 - INFO - rotate_notifs-161 - Rotating notifications
2025-03-26 19:38:39,631 - synapse.storage.databases.main.event_push_actions - 1599 - INFO - rotate_notifs-161 - Rotating notifications up to: 1
2025-03-26 19:38:39,632 - synapse.storage.databases.main.event_push_actions - 1685 - INFO - rotate_notifs-161 - Rotating notifications, handling 0 rows
2025-03-26 19:38:39,639 - synapse.storage.databases.main.event_push_actions - 1770 - INFO - rotate_notifs-161 - Rotating notifications, deleted 0 push actions
2025-03-26 19:38:39,667 - synapse.handlers.presence - 914 - INFO - persist_presence_changes-79 - Persisting 1 unpersisted presence updates
2025-03-26 19:38:39,695 - synapse.util.caches.lrucache - 217 - INFO - LruCache._expire_old_entries-161 - Dropped 0 items from caches
2025-03-26 19:38:57,986 - synapse.access.http.8008 - 508 - INFO - GET-540 - 10.89.0.1 - 8008 - {@admincjw:matrix.localhost} Processed request: 30.004sec/0.000sec (0.001sec, 0.000sec) (0.000sec/0.000sec/0) 225B 200 "GET /_matrix/client/v3/sync?filter=0&timeout=30000&org.matrix.msc4222.use_state_after=true&set_presence=unavailable&since=s1_74_0_1_5_1_1_8_0_1 HTTP/1.1" "Mozilla/5.0 (Windows NT 10.0; Win64; x64) AppleWebKit/537.36 (KHTML, like Gecko) Chrome/134.0.0.0 Safari/537.36" [0 dbevts]
2025-03-26 19:38:58,016 - synapse.access.http.8008 - 508 - INFO - GET-542 - 10.89.0.1 - 8008 - {@admincjw:matrix.localhost} Processed request: 0.002sec/0.000sec (0.000sec, 0.000sec) (0.000sec/0.000sec/0) 372B 200 "GET /_matrix/client/v3/sync?filter=0&timeout=30000&org.matrix.msc4222.use_state_after=true&set_presence=unavailable&since=s1_74_0_1_5_1_1_8_0_1 HTTP/1.1" "Mozilla/5.0 (Windows NT 10.0; Win64; x64) AppleWebKit/537.36 (KHTML, like Gecko) Chrome/134.0.0.0 Safari/537.36" [0 dbevts]
2025-03-26 19:39:09,632 - synapse.storage.databases.main.event_push_actions - 1396 - INFO - rotate_notifs-162 - Rotating notifications
2025-03-26 19:39:09,633 - synapse.storage.databases.main.event_push_actions - 1599 - INFO - rotate_notifs-162 - Rotating notifications up to: 1
2025-03-26 19:39:09,635 - synapse.storage.databases.main.event_push_actions - 1685 - INFO - rotate_notifs-162 - Rotating notifications, handling 0 rows
2025-03-26 19:39:09,642 - synapse.storage.databases.main.event_push_actions - 1770 - INFO - rotate_notifs-162 - Rotating notifications, deleted 0 push actions
2025-03-26 19:39:09,696 - synapse.util.caches.lrucache - 217 - INFO - LruCache._expire_old_entries-162 - Dropped 0 items from caches
2025-03-26 19:39:28,036 - synapse.access.http.8008 - 508 - INFO - GET-544 - 10.89.0.1 - 8008 - {@admincjw:matrix.localhost} Processed request: 30.002sec/0.001sec (0.000sec, 0.000sec) (0.000sec/0.000sec/0) 225B 200 "GET /_matrix/client/v3/sync?filter=0&timeout=30000&org.matrix.msc4222.use_state_after=true&set_presence=unavailable&since=s1_75_0_1_5_1_1_8_0_1 HTTP/1.1" "Mozilla/5.0 (Windows NT 10.0; Win64; x64) AppleWebKit/537.36 (KHTML, like Gecko) Chrome/134.0.0.0 Safari/537.36" [0 dbevts]
2025-03-26 19:39:33,399 - synapse.http.server - 130 - INFO - GET-548 - <XForwardedForRequest at 0x7f2f65d2e210 method='GET' uri='/_matrix/client/unstable/org.matrix.msc2965/auth_metadata' clientproto='HTTP/1.1' site='8008'> SynapseError: 404 - Unrecognized request
2025-03-26 19:39:33,399 - synapse.access.http.8008 - 508 - INFO - GET-548 - 10.89.0.1 - 8008 - {None} Processed request: 0.001sec/0.000sec (0.000sec, 0.000sec) (0.000sec/0.000sec/0) 59B 404 "GET /_matrix/client/unstable/org.matrix.msc2965/auth_metadata HTTP/1.1" "Mozilla/5.0 (Windows NT 10.0; Win64; x64) AppleWebKit/537.36 (KHTML, like Gecko) Chrome/134.0.0.0 Safari/537.36" [0 dbevts]
2025-03-26 19:39:33,448 - synapse.util.task_scheduler - 383 - INFO - task-delete_device_messages-0-VfOZrixhmCgQfENN - Task complete: 0.006sec (0.000sec, 0.000sec) (0.000sec/0.005sec/2) [0 dbevts] 'BPSDOUVDGT', {'user_id': '@admincjw:matrix.localhost', 'device_id': 'BPSDOUVDGT', 'up_to_stream_id': 1}
2025-03-26 19:39:33,450 - synapse.http.site - 420 - INFO - GET-546 - Connection from client lost before response was sent
2025-03-26 19:39:33,453 - synapse.access.http.8008 - 508 - INFO - POST-550 - 10.89.0.1 - 8008 - {@admincjw:matrix.localhost} Processed request: 0.049sec/0.001sec (0.002sec, 0.003sec) (0.002sec/0.039sec/9) 2B 200 "POST /_matrix/client/v3/logout HTTP/1.1" "Mozilla/5.0 (Windows NT 10.0; Win64; x64) AppleWebKit/537.36 (KHTML, like Gecko) Chrome/134.0.0.0 Safari/537.36" [0 dbevts]
2025-03-26 19:39:33,459 - synapse.rest.client.sync - 279 - INFO - GET-546 - Client has disconnected; not serializing response.
2025-03-26 19:39:33,459 - synapse.http.server - 782 - WARNING - GET-546 - Not sending response to request <XForwardedForRequest at 0x7f2f668071d0 method='GET' uri='/_matrix/client/v3/sync?filter=0&timeout=30000&org.matrix.msc4222.use_state_after=true&set_presence=unavailable&since=s1_75_0_1_5_1_1_8_0_1' clientproto='HTTP/1.1' site='8008'>, already disconnected.
2025-03-26 19:39:33,460 - synapse.access.http.8008 - 508 - INFO - GET-546 - 10.89.0.1 - 8008 - {@admincjw:matrix.localhost} Processed request: 5.376sec/-0.010sec (0.002sec, 0.001sec) (0.002sec/0.003sec/3) 0B 200! "GET /_matrix/client/v3/sync?filter=0&timeout=30000&org.matrix.msc4222.use_state_after=true&set_presence=unavailable&since=s1_75_0_1_5_1_1_8_0_1 HTTP/1.1" "Mozilla/5.0 (Windows NT 10.0; Win64; x64) AppleWebKit/537.36 (KHTML, like Gecko) Chrome/134.0.0.0 Safari/537.36" [0 dbevts]
2025-03-26 19:39:33,498 - synapse.access.http.8008 - 508 - INFO - GET-552 - 10.89.0.1 - 8008 - {None} Processed request: 0.000sec/0.001sec (0.000sec, 0.000sec) (0.000sec/0.000sec/0) 1036B 200 "GET /_matrix/client/versions HTTP/1.1" "Mozilla/5.0 (Windows NT 10.0; Win64; x64) AppleWebKit/537.36 (KHTML, like Gecko) Chrome/134.0.0.0 Safari/537.36" [0 dbevts]
2025-03-26 19:39:34,898 - synapse.http.server - 130 - INFO - GET-554 - <XForwardedForRequest at 0x7f2f65d31a30 method='GET' uri='/_matrix/client/unstable/org.matrix.msc2965/auth_metadata' clientproto='HTTP/1.1' site='8008'> SynapseError: 404 - Unrecognized request
2025-03-26 19:39:34,899 - synapse.access.http.8008 - 508 - INFO - GET-554 - 10.89.0.1 - 8008 - {None} Processed request: 0.001sec/0.001sec (0.000sec, 0.000sec) (0.000sec/0.000sec/0) 59B 404 "GET /_matrix/client/unstable/org.matrix.msc2965/auth_metadata HTTP/1.1" "Mozilla/5.0 (Windows NT 10.0; Win64; x64) AppleWebKit/537.36 (KHTML, like Gecko) Chrome/134.0.0.0 Safari/537.36" [0 dbevts]
2025-03-26 19:39:34,912 - synapse.http.server - 130 - INFO - GET-556 - <XForwardedForRequest at 0x7f2f65cc7da0 method='GET' uri='/_matrix/client/unstable/org.matrix.msc2965/auth_issuer' clientproto='HTTP/1.1' site='8008'> SynapseError: 404 - Unrecognized request
2025-03-26 19:39:34,913 - synapse.access.http.8008 - 508 - INFO - GET-556 - 10.89.0.1 - 8008 - {None} Processed request: 0.001sec/0.001sec (0.000sec, 0.000sec) (0.000sec/0.000sec/0) 59B 404 "GET /_matrix/client/unstable/org.matrix.msc2965/auth_issuer HTTP/1.1" "Mozilla/5.0 (Windows NT 10.0; Win64; x64) AppleWebKit/537.36 (KHTML, like Gecko) Chrome/134.0.0.0 Safari/537.36" [0 dbevts]
2025-03-26 19:39:34,925 - synapse.access.http.8008 - 508 - INFO - GET-558 - 10.89.0.1 - 8008 - {None} Processed request: 0.000sec/0.001sec (0.000sec, 0.000sec) (0.000sec/0.000sec/0) 78B 200 "GET /_matrix/client/v3/login HTTP/1.1" "Mozilla/5.0 (Windows NT 10.0; Win64; x64) AppleWebKit/537.36 (KHTML, like Gecko) Chrome/134.0.0.0 Safari/537.36" [0 dbevts]
2025-03-26 19:39:39,629 - synapse.storage.databases.main.event_push_actions - 1396 - INFO - rotate_notifs-163 - Rotating notifications
2025-03-26 19:39:39,630 - synapse.storage.databases.main.event_push_actions - 1599 - INFO - rotate_notifs-163 - Rotating notifications up to: 1
2025-03-26 19:39:39,632 - synapse.storage.databases.main.event_push_actions - 1685 - INFO - rotate_notifs-163 - Rotating notifications, handling 0 rows
2025-03-26 19:39:39,638 - synapse.storage.databases.main.event_push_actions - 1770 - INFO - rotate_notifs-163 - Rotating notifications, deleted 0 push actions
2025-03-26 19:39:39,668 - synapse.handlers.presence - 914 - INFO - persist_presence_changes-80 - Persisting 1 unpersisted presence updates
2025-03-26 19:39:39,695 - synapse.util.caches.lrucache - 217 - INFO - LruCache._expire_old_entries-163 - Dropped 0 items from caches
2025-03-26 19:40:09,627 - synapse.storage.databases.main.event_push_actions - 1396 - INFO - rotate_notifs-164 - Rotating notifications
2025-03-26 19:40:09,628 - synapse.storage.databases.main.event_push_actions - 1599 - INFO - rotate_notifs-164 - Rotating notifications up to: 1
2025-03-26 19:40:09,630 - synapse.storage.databases.main.event_push_actions - 1685 - INFO - rotate_notifs-164 - Rotating notifications, handling 0 rows
2025-03-26 19:40:09,636 - synapse.storage.databases.main.event_push_actions - 1770 - INFO - rotate_notifs-164 - Rotating notifications, deleted 0 push actions
2025-03-26 19:40:09,695 - synapse.util.caches.lrucache - 217 - INFO - LruCache._expire_old_entries-164 - Dropped 0 items from caches
2025-03-26 19:40:34,926 - twisted - 279 - INFO - sentinel - Timing out client: IPv6Address(type='TCP', host='::ffff:10.89.0.206', port=48198, flowInfo=0, scopeID=0)
2025-03-26 19:40:39,628 - synapse.storage.databases.main.event_push_actions - 1396 - INFO - rotate_notifs-165 - Rotating notifications
2025-03-26 19:40:39,630 - synapse.storage.databases.main.event_push_actions - 1599 - INFO - rotate_notifs-165 - Rotating notifications up to: 1
2025-03-26 19:40:39,631 - synapse.storage.databases.main.event_push_actions - 1685 - INFO - rotate_notifs-165 - Rotating notifications, handling 0 rows
2025-03-26 19:40:39,638 - synapse.storage.databases.main.event_push_actions - 1770 - INFO - rotate_notifs-165 - Rotating notifications, deleted 0 push actions
2025-03-26 19:40:39,695 - synapse.util.caches.lrucache - 217 - INFO - LruCache._expire_old_entries-165 - Dropped 0 items from caches
2025-03-26 19:41:09,628 - synapse.storage.databases.main.event_push_actions - 1396 - INFO - rotate_notifs-166 - Rotating notifications
2025-03-26 19:41:09,629 - synapse.storage.databases.main.event_push_actions - 1599 - INFO - rotate_notifs-166 - Rotating notifications up to: 1
2025-03-26 19:41:09,630 - synapse.storage.databases.main.event_push_actions - 1685 - INFO - rotate_notifs-166 - Rotating notifications, handling 0 rows
2025-03-26 19:41:09,636 - synapse.storage.databases.main.event_push_actions - 1770 - INFO - rotate_notifs-166 - Rotating notifications, deleted 0 push actions
2025-03-26 19:41:09,696 - synapse.util.caches.lrucache - 217 - INFO - LruCache._expire_old_entries-166 - Dropped 0 items from caches
2025-03-26 19:41:39,627 - synapse.storage.databases.main.event_push_actions - 1396 - INFO - rotate_notifs-167 - Rotating notifications
2025-03-26 19:41:39,629 - synapse.storage.databases.main.event_push_actions - 1599 - INFO - rotate_notifs-167 - Rotating notifications up to: 1
2025-03-26 19:41:39,630 - synapse.storage.databases.main.event_push_actions - 1685 - INFO - rotate_notifs-167 - Rotating notifications, handling 0 rows
2025-03-26 19:41:39,637 - synapse.storage.databases.main.event_push_actions - 1770 - INFO - rotate_notifs-167 - Rotating notifications, deleted 0 push actions
2025-03-26 19:41:39,695 - synapse.util.caches.lrucache - 217 - INFO - LruCache._expire_old_entries-167 - Dropped 0 items from caches
2025-03-26 19:42:09,626 - synapse.storage.databases.main.event_push_actions - 1396 - INFO - rotate_notifs-168 - Rotating notifications
2025-03-26 19:42:09,627 - synapse.storage.databases.main.event_push_actions - 1599 - INFO - rotate_notifs-168 - Rotating notifications up to: 1
2025-03-26 19:42:09,629 - synapse.storage.databases.main.event_push_actions - 1685 - INFO - rotate_notifs-168 - Rotating notifications, handling 0 rows
2025-03-26 19:42:09,635 - synapse.storage.databases.main.event_push_actions - 1770 - INFO - rotate_notifs-168 - Rotating notifications, deleted 0 push actions
2025-03-26 19:42:09,695 - synapse.util.caches.lrucache - 217 - INFO - LruCache._expire_old_entries-168 - Dropped 0 items from caches
2025-03-26 19:42:39,626 - synapse.storage.databases.main.event_push_actions - 1396 - INFO - rotate_notifs-169 - Rotating notifications
2025-03-26 19:42:39,627 - synapse.storage.databases.main.event_push_actions - 1599 - INFO - rotate_notifs-169 - Rotating notifications up to: 1
2025-03-26 19:42:39,629 - synapse.storage.databases.main.event_push_actions - 1685 - INFO - rotate_notifs-169 - Rotating notifications, handling 0 rows
2025-03-26 19:42:39,638 - synapse.storage.databases.main.event_push_actions - 1770 - INFO - rotate_notifs-169 - Rotating notifications, deleted 0 push actions
2025-03-26 19:42:39,695 - synapse.util.caches.lrucache - 217 - INFO - LruCache._expire_old_entries-169 - Dropped 0 items from caches
2025-03-26 19:42:39,718 - synapse.storage.databases.main.metrics - 399 - INFO - generate_user_daily_visits-16 - Calling _generate_user_daily_visits
2025-03-26 19:43:09,625 - synapse.storage.databases.main.event_push_actions - 1396 - INFO - rotate_notifs-170 - Rotating notifications
2025-03-26 19:43:09,626 - synapse.storage.databases.main.event_push_actions - 1599 - INFO - rotate_notifs-170 - Rotating notifications up to: 1
2025-03-26 19:43:09,628 - synapse.storage.databases.main.event_push_actions - 1685 - INFO - rotate_notifs-170 - Rotating notifications, handling 0 rows
2025-03-26 19:43:09,634 - synapse.storage.databases.main.event_push_actions - 1770 - INFO - rotate_notifs-170 - Rotating notifications, deleted 0 push actions
2025-03-26 19:43:09,695 - synapse.util.caches.lrucache - 217 - INFO - LruCache._expire_old_entries-170 - Dropped 0 items from caches
2025-03-26 19:43:39,626 - synapse.storage.databases.main.event_push_actions - 1396 - INFO - rotate_notifs-171 - Rotating notifications
2025-03-26 19:43:39,627 - synapse.storage.databases.main.event_push_actions - 1599 - INFO - rotate_notifs-171 - Rotating notifications up to: 1
2025-03-26 19:43:39,629 - synapse.storage.databases.main.event_push_actions - 1685 - INFO - rotate_notifs-171 - Rotating notifications, handling 0 rows
2025-03-26 19:43:39,636 - synapse.storage.databases.main.event_push_actions - 1770 - INFO - rotate_notifs-171 - Rotating notifications, deleted 0 push actions
2025-03-26 19:43:39,696 - synapse.util.caches.lrucache - 217 - INFO - LruCache._expire_old_entries-171 - Dropped 0 items from caches
2025-03-26 19:44:09,627 - synapse.storage.databases.main.event_push_actions - 1396 - INFO - rotate_notifs-172 - Rotating notifications
2025-03-26 19:44:09,628 - synapse.storage.databases.main.event_push_actions - 1599 - INFO - rotate_notifs-172 - Rotating notifications up to: 1
2025-03-26 19:44:09,630 - synapse.storage.databases.main.event_push_actions - 1685 - INFO - rotate_notifs-172 - Rotating notifications, handling 0 rows
2025-03-26 19:44:09,636 - synapse.storage.databases.main.event_push_actions - 1770 - INFO - rotate_notifs-172 - Rotating notifications, deleted 0 push actions
2025-03-26 19:44:09,695 - synapse.util.caches.lrucache - 217 - INFO - LruCache._expire_old_entries-172 - Dropped 0 items from caches
2025-03-26 19:44:39,627 - synapse.storage.databases.main.event_push_actions - 1396 - INFO - rotate_notifs-173 - Rotating notifications
2025-03-26 19:44:39,629 - synapse.storage.databases.main.event_push_actions - 1599 - INFO - rotate_notifs-173 - Rotating notifications up to: 1
2025-03-26 19:44:39,630 - synapse.storage.databases.main.event_push_actions - 1685 - INFO - rotate_notifs-173 - Rotating notifications, handling 0 rows
2025-03-26 19:44:39,645 - synapse.storage.databases.main.event_push_actions - 1770 - INFO - rotate_notifs-173 - Rotating notifications, deleted 0 push actions
2025-03-26 19:44:39,696 - synapse.util.caches.lrucache - 217 - INFO - LruCache._expire_old_entries-173 - Dropped 0 items from caches
2025-03-26 19:45:09,629 - synapse.storage.databases.main.event_push_actions - 1396 - INFO - rotate_notifs-174 - Rotating notifications
2025-03-26 19:45:09,631 - synapse.storage.databases.main.event_push_actions - 1599 - INFO - rotate_notifs-174 - Rotating notifications up to: 1
2025-03-26 19:45:09,632 - synapse.storage.databases.main.event_push_actions - 1685 - INFO - rotate_notifs-174 - Rotating notifications, handling 0 rows
2025-03-26 19:45:09,639 - synapse.storage.databases.main.event_push_actions - 1770 - INFO - rotate_notifs-174 - Rotating notifications, deleted 0 push actions
2025-03-26 19:45:09,695 - synapse.util.caches.lrucache - 217 - INFO - LruCache._expire_old_entries-174 - Dropped 0 items from caches
2025-03-26 19:45:39,627 - synapse.storage.databases.main.event_push_actions - 1396 - INFO - rotate_notifs-175 - Rotating notifications
2025-03-26 19:45:39,628 - synapse.storage.databases.main.event_push_actions - 1599 - INFO - rotate_notifs-175 - Rotating notifications up to: 1
2025-03-26 19:45:39,629 - synapse.storage.databases.main.event_push_actions - 1685 - INFO - rotate_notifs-175 - Rotating notifications, handling 0 rows
2025-03-26 19:45:39,635 - synapse.storage.databases.main.event_push_actions - 1770 - INFO - rotate_notifs-175 - Rotating notifications, deleted 0 push actions
2025-03-26 19:45:39,695 - synapse.util.caches.lrucache - 217 - INFO - LruCache._expire_old_entries-175 - Dropped 0 items from caches
2025-03-26 19:46:09,627 - synapse.storage.databases.main.event_push_actions - 1396 - INFO - rotate_notifs-176 - Rotating notifications
2025-03-26 19:46:09,628 - synapse.storage.databases.main.event_push_actions - 1599 - INFO - rotate_notifs-176 - Rotating notifications up to: 1
2025-03-26 19:46:09,630 - synapse.storage.databases.main.event_push_actions - 1685 - INFO - rotate_notifs-176 - Rotating notifications, handling 0 rows
2025-03-26 19:46:09,636 - synapse.storage.databases.main.event_push_actions - 1770 - INFO - rotate_notifs-176 - Rotating notifications, deleted 0 push actions
2025-03-26 19:46:09,696 - synapse.util.caches.lrucache - 217 - INFO - LruCache._expire_old_entries-176 - Dropped 0 items from caches
2025-03-26 19:46:39,628 - synapse.storage.databases.main.event_push_actions - 1396 - INFO - rotate_notifs-177 - Rotating notifications
2025-03-26 19:46:39,630 - synapse.storage.databases.main.event_push_actions - 1599 - INFO - rotate_notifs-177 - Rotating notifications up to: 1
2025-03-26 19:46:39,632 - synapse.storage.databases.main.event_push_actions - 1685 - INFO - rotate_notifs-177 - Rotating notifications, handling 0 rows
2025-03-26 19:46:39,639 - synapse.storage.databases.main.event_push_actions - 1770 - INFO - rotate_notifs-177 - Rotating notifications, deleted 0 push actions
2025-03-26 19:46:39,695 - synapse.util.caches.lrucache - 217 - INFO - LruCache._expire_old_entries-177 - Dropped 0 items from caches
2025-03-26 19:47:09,628 - synapse.storage.databases.main.event_push_actions - 1396 - INFO - rotate_notifs-178 - Rotating notifications
2025-03-26 19:47:09,629 - synapse.storage.databases.main.event_push_actions - 1599 - INFO - rotate_notifs-178 - Rotating notifications up to: 1
2025-03-26 19:47:09,630 - synapse.storage.databases.main.event_push_actions - 1685 - INFO - rotate_notifs-178 - Rotating notifications, handling 0 rows
2025-03-26 19:47:09,637 - synapse.storage.databases.main.event_push_actions - 1770 - INFO - rotate_notifs-178 - Rotating notifications, deleted 0 push actions
2025-03-26 19:47:09,696 - synapse.util.caches.lrucache - 217 - INFO - LruCache._expire_old_entries-178 - Dropped 0 items from caches
2025-03-26 19:47:39,621 - synapse.storage.databases.main.event_push_actions - 1242 - INFO - event_push_action_stream_orderings-8 - Searching for stream ordering 1 month ago
2025-03-26 19:47:39,622 - synapse.storage.databases.main.event_push_actions - 1246 - INFO - event_push_action_stream_orderings-8 - Found stream ordering 1 month ago: it's 0
2025-03-26 19:47:39,622 - synapse.storage.databases.main.event_push_actions - 1249 - INFO - event_push_action_stream_orderings-8 - Searching for stream ordering 1 day ago
2025-03-26 19:47:39,623 - synapse.storage.databases.main.event_push_actions - 1253 - INFO - event_push_action_stream_orderings-8 - Found stream ordering 1 day ago: it's 0
2025-03-26 19:47:39,629 - synapse.storage.databases.main.event_push_actions - 1396 - INFO - rotate_notifs-179 - Rotating notifications
2025-03-26 19:47:39,630 - synapse.storage.databases.main.event_push_actions - 1599 - INFO - rotate_notifs-179 - Rotating notifications up to: 1
2025-03-26 19:47:39,632 - synapse.storage.databases.main.event_push_actions - 1685 - INFO - rotate_notifs-179 - Rotating notifications, handling 0 rows
2025-03-26 19:47:39,641 - synapse.storage.databases.main.event_push_actions - 1770 - INFO - rotate_notifs-179 - Rotating notifications, deleted 0 push actions
2025-03-26 19:47:39,695 - synapse.util.caches.lrucache - 217 - INFO - LruCache._expire_old_entries-179 - Dropped 0 items from caches
2025-03-26 19:47:39,717 - synapse.storage.databases.main.metrics - 399 - INFO - generate_user_daily_visits-17 - Calling _generate_user_daily_visits
2025-03-26 19:48:09,627 - synapse.storage.databases.main.event_push_actions - 1396 - INFO - rotate_notifs-180 - Rotating notifications
2025-03-26 19:48:09,628 - synapse.storage.databases.main.event_push_actions - 1599 - INFO - rotate_notifs-180 - Rotating notifications up to: 1
2025-03-26 19:48:09,630 - synapse.storage.databases.main.event_push_actions - 1685 - INFO - rotate_notifs-180 - Rotating notifications, handling 0 rows
2025-03-26 19:48:09,636 - synapse.storage.databases.main.event_push_actions - 1770 - INFO - rotate_notifs-180 - Rotating notifications, deleted 0 push actions
2025-03-26 19:48:09,695 - synapse.util.caches.lrucache - 217 - INFO - LruCache._expire_old_entries-180 - Dropped 0 items from caches
2025-03-26 19:48:39,627 - synapse.storage.databases.main.event_push_actions - 1396 - INFO - rotate_notifs-181 - Rotating notifications
2025-03-26 19:48:39,629 - synapse.storage.databases.main.event_push_actions - 1599 - INFO - rotate_notifs-181 - Rotating notifications up to: 1
2025-03-26 19:48:39,630 - synapse.storage.databases.main.event_push_actions - 1685 - INFO - rotate_notifs-181 - Rotating notifications, handling 0 rows
2025-03-26 19:48:39,635 - synapse.storage.databases.main.event_push_actions - 1770 - INFO - rotate_notifs-181 - Rotating notifications, deleted 0 push actions
2025-03-26 19:48:39,695 - synapse.util.caches.lrucache - 217 - INFO - LruCache._expire_old_entries-181 - Dropped 0 items from caches
2025-03-26 19:49:09,627 - synapse.storage.databases.main.event_push_actions - 1396 - INFO - rotate_notifs-182 - Rotating notifications
2025-03-26 19:49:09,628 - synapse.storage.databases.main.event_push_actions - 1599 - INFO - rotate_notifs-182 - Rotating notifications up to: 1
2025-03-26 19:49:09,629 - synapse.storage.databases.main.event_push_actions - 1685 - INFO - rotate_notifs-182 - Rotating notifications, handling 0 rows
2025-03-26 19:49:09,634 - synapse.storage.databases.main.event_push_actions - 1770 - INFO - rotate_notifs-182 - Rotating notifications, deleted 0 push actions
2025-03-26 19:49:09,696 - synapse.util.caches.lrucache - 217 - INFO - LruCache._expire_old_entries-182 - Dropped 0 items from caches
2025-03-26 19:49:39,626 - synapse.storage.databases.main.event_push_actions - 1396 - INFO - rotate_notifs-183 - Rotating notifications
2025-03-26 19:49:39,627 - synapse.storage.databases.main.event_push_actions - 1599 - INFO - rotate_notifs-183 - Rotating notifications up to: 1
2025-03-26 19:49:39,629 - synapse.storage.databases.main.event_push_actions - 1685 - INFO - rotate_notifs-183 - Rotating notifications, handling 0 rows
2025-03-26 19:49:39,635 - synapse.storage.databases.main.event_push_actions - 1770 - INFO - rotate_notifs-183 - Rotating notifications, deleted 0 push actions
2025-03-26 19:49:39,695 - synapse.util.caches.lrucache - 217 - INFO - LruCache._expire_old_entries-183 - Dropped 0 items from caches
2025-03-26 19:50:09,626 - synapse.storage.databases.main.event_push_actions - 1396 - INFO - rotate_notifs-184 - Rotating notifications
2025-03-26 19:50:09,627 - synapse.storage.databases.main.event_push_actions - 1599 - INFO - rotate_notifs-184 - Rotating notifications up to: 1
2025-03-26 19:50:09,628 - synapse.storage.databases.main.event_push_actions - 1685 - INFO - rotate_notifs-184 - Rotating notifications, handling 0 rows
2025-03-26 19:50:09,634 - synapse.storage.databases.main.event_push_actions - 1770 - INFO - rotate_notifs-184 - Rotating notifications, deleted 0 push actions
2025-03-26 19:50:09,695 - synapse.util.caches.lrucache - 217 - INFO - LruCache._expire_old_entries-184 - Dropped 0 items from caches
2025-03-26 19:50:39,627 - synapse.storage.databases.main.event_push_actions - 1396 - INFO - rotate_notifs-185 - Rotating notifications
2025-03-26 19:50:39,628 - synapse.storage.databases.main.event_push_actions - 1599 - INFO - rotate_notifs-185 - Rotating notifications up to: 1
2025-03-26 19:50:39,629 - synapse.storage.databases.main.event_push_actions - 1685 - INFO - rotate_notifs-185 - Rotating notifications, handling 0 rows
2025-03-26 19:50:39,636 - synapse.storage.databases.main.event_push_actions - 1770 - INFO - rotate_notifs-185 - Rotating notifications, deleted 0 push actions
2025-03-26 19:50:39,695 - synapse.util.caches.lrucache - 217 - INFO - LruCache._expire_old_entries-185 - Dropped 0 items from caches
2025-03-26 19:51:09,628 - synapse.storage.databases.main.event_push_actions - 1396 - INFO - rotate_notifs-186 - Rotating notifications
2025-03-26 19:51:09,629 - synapse.storage.databases.main.event_push_actions - 1599 - INFO - rotate_notifs-186 - Rotating notifications up to: 1
2025-03-26 19:51:09,630 - synapse.storage.databases.main.event_push_actions - 1685 - INFO - rotate_notifs-186 - Rotating notifications, handling 0 rows
2025-03-26 19:51:09,635 - synapse.storage.databases.main.event_push_actions - 1770 - INFO - rotate_notifs-186 - Rotating notifications, deleted 0 push actions
2025-03-26 19:51:09,695 - synapse.util.caches.lrucache - 217 - INFO - LruCache._expire_old_entries-186 - Dropped 0 items from caches
2025-03-26 19:51:39,626 - synapse.storage.databases.main.event_push_actions - 1396 - INFO - rotate_notifs-187 - Rotating notifications
2025-03-26 19:51:39,627 - synapse.storage.databases.main.event_push_actions - 1599 - INFO - rotate_notifs-187 - Rotating notifications up to: 1
2025-03-26 19:51:39,629 - synapse.storage.databases.main.event_push_actions - 1685 - INFO - rotate_notifs-187 - Rotating notifications, handling 0 rows
2025-03-26 19:51:39,634 - synapse.storage.databases.main.event_push_actions - 1770 - INFO - rotate_notifs-187 - Rotating notifications, deleted 0 push actions
2025-03-26 19:51:39,695 - synapse.util.caches.lrucache - 217 - INFO - LruCache._expire_old_entries-187 - Dropped 0 items from caches
2025-03-26 19:52:09,634 - synapse.storage.databases.main.event_push_actions - 1396 - INFO - rotate_notifs-188 - Rotating notifications
2025-03-26 19:52:09,635 - synapse.storage.databases.main.event_push_actions - 1599 - INFO - rotate_notifs-188 - Rotating notifications up to: 1
2025-03-26 19:52:09,636 - synapse.storage.databases.main.event_push_actions - 1685 - INFO - rotate_notifs-188 - Rotating notifications, handling 0 rows
2025-03-26 19:52:09,642 - synapse.storage.databases.main.event_push_actions - 1770 - INFO - rotate_notifs-188 - Rotating notifications, deleted 0 push actions
2025-03-26 19:52:09,695 - synapse.util.caches.lrucache - 217 - INFO - LruCache._expire_old_entries-188 - Dropped 0 items from caches
2025-03-26 19:52:39,634 - synapse.storage.databases.main.event_push_actions - 1396 - INFO - rotate_notifs-189 - Rotating notifications
2025-03-26 19:52:39,635 - synapse.storage.databases.main.event_push_actions - 1599 - INFO - rotate_notifs-189 - Rotating notifications up to: 1
2025-03-26 19:52:39,636 - synapse.storage.databases.main.event_push_actions - 1685 - INFO - rotate_notifs-189 - Rotating notifications, handling 0 rows
2025-03-26 19:52:39,642 - synapse.storage.databases.main.event_push_actions - 1770 - INFO - rotate_notifs-189 - Rotating notifications, deleted 0 push actions
2025-03-26 19:52:39,695 - synapse.util.caches.lrucache - 217 - INFO - LruCache._expire_old_entries-189 - Dropped 0 items from caches
2025-03-26 19:52:39,718 - synapse.storage.databases.main.metrics - 399 - INFO - generate_user_daily_visits-18 - Calling _generate_user_daily_visits
2025-03-26 19:53:09,627 - synapse.storage.databases.main.event_push_actions - 1396 - INFO - rotate_notifs-190 - Rotating notifications
2025-03-26 19:53:09,628 - synapse.storage.databases.main.event_push_actions - 1599 - INFO - rotate_notifs-190 - Rotating notifications up to: 1
2025-03-26 19:53:09,629 - synapse.storage.databases.main.event_push_actions - 1685 - INFO - rotate_notifs-190 - Rotating notifications, handling 0 rows
2025-03-26 19:53:09,635 - synapse.storage.databases.main.event_push_actions - 1770 - INFO - rotate_notifs-190 - Rotating notifications, deleted 0 push actions
2025-03-26 19:53:09,696 - synapse.util.caches.lrucache - 217 - INFO - LruCache._expire_old_entries-190 - Dropped 0 items from caches
2025-03-26 19:53:39,626 - synapse.storage.databases.main.event_push_actions - 1396 - INFO - rotate_notifs-191 - Rotating notifications
2025-03-26 19:53:39,627 - synapse.storage.databases.main.event_push_actions - 1599 - INFO - rotate_notifs-191 - Rotating notifications up to: 1
2025-03-26 19:53:39,629 - synapse.storage.databases.main.event_push_actions - 1685 - INFO - rotate_notifs-191 - Rotating notifications, handling 0 rows
2025-03-26 19:53:39,635 - synapse.storage.databases.main.event_push_actions - 1770 - INFO - rotate_notifs-191 - Rotating notifications, deleted 0 push actions
2025-03-26 19:53:39,695 - synapse.util.caches.lrucache - 217 - INFO - LruCache._expire_old_entries-191 - Dropped 0 items from caches
2025-03-26 19:54:09,628 - synapse.storage.databases.main.event_push_actions - 1396 - INFO - rotate_notifs-192 - Rotating notifications
2025-03-26 19:54:09,629 - synapse.storage.databases.main.event_push_actions - 1599 - INFO - rotate_notifs-192 - Rotating notifications up to: 1
2025-03-26 19:54:09,631 - synapse.storage.databases.main.event_push_actions - 1685 - INFO - rotate_notifs-192 - Rotating notifications, handling 0 rows
2025-03-26 19:54:09,637 - synapse.storage.databases.main.event_push_actions - 1770 - INFO - rotate_notifs-192 - Rotating notifications, deleted 0 push actions
2025-03-26 19:54:09,695 - synapse.util.caches.lrucache - 217 - INFO - LruCache._expire_old_entries-192 - Dropped 0 items from caches
2025-03-26 19:54:39,627 - synapse.storage.databases.main.event_push_actions - 1396 - INFO - rotate_notifs-193 - Rotating notifications
2025-03-26 19:54:39,628 - synapse.storage.databases.main.event_push_actions - 1599 - INFO - rotate_notifs-193 - Rotating notifications up to: 1
2025-03-26 19:54:39,629 - synapse.storage.databases.main.event_push_actions - 1685 - INFO - rotate_notifs-193 - Rotating notifications, handling 0 rows
2025-03-26 19:54:39,635 - synapse.storage.databases.main.event_push_actions - 1770 - INFO - rotate_notifs-193 - Rotating notifications, deleted 0 push actions
2025-03-26 19:54:39,695 - synapse.util.caches.lrucache - 217 - INFO - LruCache._expire_old_entries-193 - Dropped 0 items from caches
2025-03-26 19:55:09,627 - synapse.storage.databases.main.event_push_actions - 1396 - INFO - rotate_notifs-194 - Rotating notifications
2025-03-26 19:55:09,629 - synapse.storage.databases.main.event_push_actions - 1599 - INFO - rotate_notifs-194 - Rotating notifications up to: 1
2025-03-26 19:55:09,630 - synapse.storage.databases.main.event_push_actions - 1685 - INFO - rotate_notifs-194 - Rotating notifications, handling 0 rows
2025-03-26 19:55:09,636 - synapse.storage.databases.main.event_push_actions - 1770 - INFO - rotate_notifs-194 - Rotating notifications, deleted 0 push actions
2025-03-26 19:55:09,696 - synapse.util.caches.lrucache - 217 - INFO - LruCache._expire_old_entries-194 - Dropped 0 items from caches
2025-03-26 19:55:39,628 - synapse.storage.databases.main.event_push_actions - 1396 - INFO - rotate_notifs-195 - Rotating notifications
2025-03-26 19:55:39,629 - synapse.storage.databases.main.event_push_actions - 1599 - INFO - rotate_notifs-195 - Rotating notifications up to: 1
2025-03-26 19:55:39,631 - synapse.storage.databases.main.event_push_actions - 1685 - INFO - rotate_notifs-195 - Rotating notifications, handling 0 rows
2025-03-26 19:55:39,642 - synapse.storage.databases.main.event_push_actions - 1770 - INFO - rotate_notifs-195 - Rotating notifications, deleted 0 push actions
2025-03-26 19:55:39,695 - synapse.util.caches.lrucache - 217 - INFO - LruCache._expire_old_entries-195 - Dropped 0 items from caches
2025-03-26 19:56:09,626 - synapse.storage.databases.main.event_push_actions - 1396 - INFO - rotate_notifs-196 - Rotating notifications
2025-03-26 19:56:09,627 - synapse.storage.databases.main.event_push_actions - 1599 - INFO - rotate_notifs-196 - Rotating notifications up to: 1
2025-03-26 19:56:09,629 - synapse.storage.databases.main.event_push_actions - 1685 - INFO - rotate_notifs-196 - Rotating notifications, handling 0 rows
2025-03-26 19:56:09,635 - synapse.storage.databases.main.event_push_actions - 1770 - INFO - rotate_notifs-196 - Rotating notifications, deleted 0 push actions
2025-03-26 19:56:09,695 - synapse.util.caches.lrucache - 217 - INFO - LruCache._expire_old_entries-196 - Dropped 0 items from caches
2025-03-26 19:56:39,627 - synapse.storage.databases.main.event_push_actions - 1396 - INFO - rotate_notifs-197 - Rotating notifications
2025-03-26 19:56:39,628 - synapse.storage.databases.main.event_push_actions - 1599 - INFO - rotate_notifs-197 - Rotating notifications up to: 1
2025-03-26 19:56:39,630 - synapse.storage.databases.main.event_push_actions - 1685 - INFO - rotate_notifs-197 - Rotating notifications, handling 0 rows
2025-03-26 19:56:39,636 - synapse.storage.databases.main.event_push_actions - 1770 - INFO - rotate_notifs-197 - Rotating notifications, deleted 0 push actions
2025-03-26 19:56:39,696 - synapse.util.caches.lrucache - 217 - INFO - LruCache._expire_old_entries-197 - Dropped 0 items from caches
2025-03-26 19:57:09,626 - synapse.storage.databases.main.event_push_actions - 1396 - INFO - rotate_notifs-198 - Rotating notifications
2025-03-26 19:57:09,627 - synapse.storage.databases.main.event_push_actions - 1599 - INFO - rotate_notifs-198 - Rotating notifications up to: 1
2025-03-26 19:57:09,629 - synapse.storage.databases.main.event_push_actions - 1685 - INFO - rotate_notifs-198 - Rotating notifications, handling 0 rows
2025-03-26 19:57:09,634 - synapse.storage.databases.main.event_push_actions - 1770 - INFO - rotate_notifs-198 - Rotating notifications, deleted 0 push actions
2025-03-26 19:57:09,696 - synapse.util.caches.lrucache - 217 - INFO - LruCache._expire_old_entries-198 - Dropped 0 items from caches
2025-03-26 19:57:39,621 - synapse.storage.databases.main.event_push_actions - 1242 - INFO - event_push_action_stream_orderings-9 - Searching for stream ordering 1 month ago
2025-03-26 19:57:39,622 - synapse.storage.databases.main.event_push_actions - 1246 - INFO - event_push_action_stream_orderings-9 - Found stream ordering 1 month ago: it's 0
2025-03-26 19:57:39,622 - synapse.storage.databases.main.event_push_actions - 1249 - INFO - event_push_action_stream_orderings-9 - Searching for stream ordering 1 day ago
2025-03-26 19:57:39,622 - synapse.storage.databases.main.event_push_actions - 1253 - INFO - event_push_action_stream_orderings-9 - Found stream ordering 1 day ago: it's 0
2025-03-26 19:57:39,695 - synapse.util.caches.lrucache - 217 - INFO - LruCache._expire_old_entries-199 - Dropped 0 items from caches
2025-03-26 19:57:39,717 - synapse.storage.databases.main.metrics - 399 - INFO - generate_user_daily_visits-19 - Calling _generate_user_daily_visits
2025-03-26 19:57:40,137 - synapse.storage.databases.main.event_push_actions - 1396 - INFO - rotate_notifs-199 - Rotating notifications
2025-03-26 19:57:40,139 - synapse.storage.databases.main.event_push_actions - 1599 - INFO - rotate_notifs-199 - Rotating notifications up to: 1
2025-03-26 19:57:40,142 - synapse.storage.databases.main.event_push_actions - 1685 - INFO - rotate_notifs-199 - Rotating notifications, handling 0 rows
2025-03-26 19:57:40,150 - synapse.storage.databases.main.event_push_actions - 1770 - INFO - rotate_notifs-199 - Rotating notifications, deleted 0 push actions
2025-03-26 19:58:09,627 - synapse.storage.databases.main.event_push_actions - 1396 - INFO - rotate_notifs-200 - Rotating notifications
2025-03-26 19:58:09,628 - synapse.storage.databases.main.event_push_actions - 1599 - INFO - rotate_notifs-200 - Rotating notifications up to: 1
2025-03-26 19:58:09,629 - synapse.storage.databases.main.event_push_actions - 1685 - INFO - rotate_notifs-200 - Rotating notifications, handling 0 rows
2025-03-26 19:58:09,634 - synapse.storage.databases.main.event_push_actions - 1770 - INFO - rotate_notifs-200 - Rotating notifications, deleted 0 push actions
2025-03-26 19:58:09,695 - synapse.util.caches.lrucache - 217 - INFO - LruCache._expire_old_entries-200 - Dropped 0 items from caches
2025-03-26 19:58:39,630 - synapse.storage.databases.main.event_push_actions - 1396 - INFO - rotate_notifs-201 - Rotating notifications
2025-03-26 19:58:39,631 - synapse.storage.databases.main.event_push_actions - 1599 - INFO - rotate_notifs-201 - Rotating notifications up to: 1
2025-03-26 19:58:39,632 - synapse.storage.databases.main.event_push_actions - 1685 - INFO - rotate_notifs-201 - Rotating notifications, handling 0 rows
2025-03-26 19:58:39,638 - synapse.storage.databases.main.event_push_actions - 1770 - INFO - rotate_notifs-201 - Rotating notifications, deleted 0 push actions
2025-03-26 19:58:39,695 - synapse.util.caches.lrucache - 217 - INFO - LruCache._expire_old_entries-201 - Dropped 0 items from caches
2025-03-26 19:59:09,630 - synapse.storage.databases.main.event_push_actions - 1396 - INFO - rotate_notifs-202 - Rotating notifications
2025-03-26 19:59:09,631 - synapse.storage.databases.main.event_push_actions - 1599 - INFO - rotate_notifs-202 - Rotating notifications up to: 1
2025-03-26 19:59:09,632 - synapse.storage.databases.main.event_push_actions - 1685 - INFO - rotate_notifs-202 - Rotating notifications, handling 0 rows
2025-03-26 19:59:09,637 - synapse.storage.databases.main.event_push_actions - 1770 - INFO - rotate_notifs-202 - Rotating notifications, deleted 0 push actions
2025-03-26 19:59:09,695 - synapse.util.caches.lrucache - 217 - INFO - LruCache._expire_old_entries-202 - Dropped 0 items from caches
2025-03-26 19:59:39,628 - synapse.storage.databases.main.event_push_actions - 1396 - INFO - rotate_notifs-203 - Rotating notifications
2025-03-26 19:59:39,629 - synapse.storage.databases.main.event_push_actions - 1599 - INFO - rotate_notifs-203 - Rotating notifications up to: 1
2025-03-26 19:59:39,631 - synapse.storage.databases.main.event_push_actions - 1685 - INFO - rotate_notifs-203 - Rotating notifications, handling 0 rows
2025-03-26 19:59:39,637 - synapse.storage.databases.main.event_push_actions - 1770 - INFO - rotate_notifs-203 - Rotating notifications, deleted 0 push actions
2025-03-26 19:59:39,695 - synapse.util.caches.lrucache - 217 - INFO - LruCache._expire_old_entries-203 - Dropped 0 items from caches
2025-03-26 20:00:09,626 - synapse.storage.databases.main.event_push_actions - 1396 - INFO - rotate_notifs-204 - Rotating notifications
2025-03-26 20:00:09,628 - synapse.storage.databases.main.event_push_actions - 1599 - INFO - rotate_notifs-204 - Rotating notifications up to: 1
2025-03-26 20:00:09,629 - synapse.storage.databases.main.event_push_actions - 1685 - INFO - rotate_notifs-204 - Rotating notifications, handling 0 rows
2025-03-26 20:00:09,634 - synapse.storage.databases.main.event_push_actions - 1770 - INFO - rotate_notifs-204 - Rotating notifications, deleted 0 push actions
2025-03-26 20:00:09,695 - synapse.util.caches.lrucache - 217 - INFO - LruCache._expire_old_entries-204 - Dropped 0 items from caches
2025-03-26 20:00:39,629 - synapse.storage.databases.main.event_push_actions - 1396 - INFO - rotate_notifs-205 - Rotating notifications
2025-03-26 20:00:39,630 - synapse.storage.databases.main.event_push_actions - 1599 - INFO - rotate_notifs-205 - Rotating notifications up to: 1
2025-03-26 20:00:39,632 - synapse.storage.databases.main.event_push_actions - 1685 - INFO - rotate_notifs-205 - Rotating notifications, handling 0 rows
2025-03-26 20:00:39,638 - synapse.storage.databases.main.event_push_actions - 1770 - INFO - rotate_notifs-205 - Rotating notifications, deleted 0 push actions
2025-03-26 20:00:39,695 - synapse.util.caches.lrucache - 217 - INFO - LruCache._expire_old_entries-205 - Dropped 0 items from caches
2025-03-26 20:01:09,631 - synapse.storage.databases.main.event_push_actions - 1396 - INFO - rotate_notifs-206 - Rotating notifications
2025-03-26 20:01:09,632 - synapse.storage.databases.main.event_push_actions - 1599 - INFO - rotate_notifs-206 - Rotating notifications up to: 1
2025-03-26 20:01:09,633 - synapse.storage.databases.main.event_push_actions - 1685 - INFO - rotate_notifs-206 - Rotating notifications, handling 0 rows
2025-03-26 20:01:09,640 - synapse.storage.databases.main.event_push_actions - 1770 - INFO - rotate_notifs-206 - Rotating notifications, deleted 0 push actions
2025-03-26 20:01:09,695 - synapse.util.caches.lrucache - 217 - INFO - LruCache._expire_old_entries-206 - Dropped 0 items from caches
2025-03-26 20:01:39,626 - synapse.storage.databases.main.event_push_actions - 1396 - INFO - rotate_notifs-207 - Rotating notifications
2025-03-26 20:01:39,628 - synapse.storage.databases.main.event_push_actions - 1599 - INFO - rotate_notifs-207 - Rotating notifications up to: 1
2025-03-26 20:01:39,629 - synapse.storage.databases.main.event_push_actions - 1685 - INFO - rotate_notifs-207 - Rotating notifications, handling 0 rows
2025-03-26 20:01:39,634 - synapse.storage.databases.main.event_push_actions - 1770 - INFO - rotate_notifs-207 - Rotating notifications, deleted 0 push actions
2025-03-26 20:01:39,695 - synapse.util.caches.lrucache - 217 - INFO - LruCache._expire_old_entries-207 - Dropped 0 items from caches
2025-03-26 20:02:09,628 - synapse.storage.databases.main.event_push_actions - 1396 - INFO - rotate_notifs-208 - Rotating notifications
2025-03-26 20:02:09,629 - synapse.storage.databases.main.event_push_actions - 1599 - INFO - rotate_notifs-208 - Rotating notifications up to: 1
2025-03-26 20:02:09,630 - synapse.storage.databases.main.event_push_actions - 1685 - INFO - rotate_notifs-208 - Rotating notifications, handling 0 rows
2025-03-26 20:02:09,637 - synapse.storage.databases.main.event_push_actions - 1770 - INFO - rotate_notifs-208 - Rotating notifications, deleted 0 push actions
2025-03-26 20:02:09,695 - synapse.util.caches.lrucache - 217 - INFO - LruCache._expire_old_entries-208 - Dropped 0 items from caches
2025-03-26 20:02:39,627 - synapse.storage.databases.main.event_push_actions - 1396 - INFO - rotate_notifs-209 - Rotating notifications
2025-03-26 20:02:39,628 - synapse.storage.databases.main.event_push_actions - 1599 - INFO - rotate_notifs-209 - Rotating notifications up to: 1
2025-03-26 20:02:39,629 - synapse.storage.databases.main.event_push_actions - 1685 - INFO - rotate_notifs-209 - Rotating notifications, handling 0 rows
2025-03-26 20:02:39,635 - synapse.storage.databases.main.event_push_actions - 1770 - INFO - rotate_notifs-209 - Rotating notifications, deleted 0 push actions
2025-03-26 20:02:39,695 - synapse.util.caches.lrucache - 217 - INFO - LruCache._expire_old_entries-209 - Dropped 0 items from caches
2025-03-26 20:02:39,718 - synapse.storage.databases.main.metrics - 399 - INFO - generate_user_daily_visits-20 - Calling _generate_user_daily_visits
2025-03-26 20:02:39,773 - synapse.metrics._gc - 127 - INFO - sentinel - Collecting gc 1
2025-03-26 20:03:09,626 - synapse.storage.databases.main.event_push_actions - 1396 - INFO - rotate_notifs-210 - Rotating notifications
2025-03-26 20:03:09,627 - synapse.storage.databases.main.event_push_actions - 1599 - INFO - rotate_notifs-210 - Rotating notifications up to: 1
2025-03-26 20:03:09,628 - synapse.storage.databases.main.event_push_actions - 1685 - INFO - rotate_notifs-210 - Rotating notifications, handling 0 rows
2025-03-26 20:03:09,634 - synapse.storage.databases.main.event_push_actions - 1770 - INFO - rotate_notifs-210 - Rotating notifications, deleted 0 push actions
2025-03-26 20:03:09,695 - synapse.util.caches.lrucache - 217 - INFO - LruCache._expire_old_entries-210 - Dropped 0 items from caches
2025-03-26 20:03:39,626 - synapse.storage.databases.main.event_push_actions - 1396 - INFO - rotate_notifs-211 - Rotating notifications
2025-03-26 20:03:39,627 - synapse.storage.databases.main.event_push_actions - 1599 - INFO - rotate_notifs-211 - Rotating notifications up to: 1
2025-03-26 20:03:39,628 - synapse.storage.databases.main.event_push_actions - 1685 - INFO - rotate_notifs-211 - Rotating notifications, handling 0 rows
2025-03-26 20:03:39,634 - synapse.storage.databases.main.event_push_actions - 1770 - INFO - rotate_notifs-211 - Rotating notifications, deleted 0 push actions
2025-03-26 20:03:39,695 - synapse.util.caches.lrucache - 217 - INFO - LruCache._expire_old_entries-211 - Dropped 0 items from caches
2025-03-26 20:04:09,627 - synapse.storage.databases.main.event_push_actions - 1396 - INFO - rotate_notifs-212 - Rotating notifications
2025-03-26 20:04:09,628 - synapse.storage.databases.main.event_push_actions - 1599 - INFO - rotate_notifs-212 - Rotating notifications up to: 1
2025-03-26 20:04:09,630 - synapse.storage.databases.main.event_push_actions - 1685 - INFO - rotate_notifs-212 - Rotating notifications, handling 0 rows
2025-03-26 20:04:09,636 - synapse.storage.databases.main.event_push_actions - 1770 - INFO - rotate_notifs-212 - Rotating notifications, deleted 0 push actions
2025-03-26 20:04:09,696 - synapse.util.caches.lrucache - 217 - INFO - LruCache._expire_old_entries-212 - Dropped 0 items from caches
2025-03-26 20:04:39,627 - synapse.storage.databases.main.event_push_actions - 1396 - INFO - rotate_notifs-213 - Rotating notifications
2025-03-26 20:04:39,628 - synapse.storage.databases.main.event_push_actions - 1599 - INFO - rotate_notifs-213 - Rotating notifications up to: 1
2025-03-26 20:04:39,629 - synapse.storage.databases.main.event_push_actions - 1685 - INFO - rotate_notifs-213 - Rotating notifications, handling 0 rows
2025-03-26 20:04:39,635 - synapse.storage.databases.main.event_push_actions - 1770 - INFO - rotate_notifs-213 - Rotating notifications, deleted 0 push actions
2025-03-26 20:04:39,696 - synapse.util.caches.lrucache - 217 - INFO - LruCache._expire_old_entries-213 - Dropped 0 items from caches
2025-03-26 20:05:09,628 - synapse.storage.databases.main.event_push_actions - 1396 - INFO - rotate_notifs-214 - Rotating notifications
2025-03-26 20:05:09,629 - synapse.storage.databases.main.event_push_actions - 1599 - INFO - rotate_notifs-214 - Rotating notifications up to: 1
2025-03-26 20:05:09,631 - synapse.storage.databases.main.event_push_actions - 1685 - INFO - rotate_notifs-214 - Rotating notifications, handling 0 rows
2025-03-26 20:05:09,637 - synapse.storage.databases.main.event_push_actions - 1770 - INFO - rotate_notifs-214 - Rotating notifications, deleted 0 push actions
2025-03-26 20:05:09,695 - synapse.util.caches.lrucache - 217 - INFO - LruCache._expire_old_entries-214 - Dropped 0 items from caches
2025-03-26 20:05:39,626 - synapse.storage.databases.main.event_push_actions - 1396 - INFO - rotate_notifs-215 - Rotating notifications
2025-03-26 20:05:39,627 - synapse.storage.databases.main.event_push_actions - 1599 - INFO - rotate_notifs-215 - Rotating notifications up to: 1
2025-03-26 20:05:39,628 - synapse.storage.databases.main.event_push_actions - 1685 - INFO - rotate_notifs-215 - Rotating notifications, handling 0 rows
2025-03-26 20:05:39,633 - synapse.storage.databases.main.event_push_actions - 1770 - INFO - rotate_notifs-215 - Rotating notifications, deleted 0 push actions
2025-03-26 20:05:39,695 - synapse.util.caches.lrucache - 217 - INFO - LruCache._expire_old_entries-215 - Dropped 0 items from caches
2025-03-26 20:06:09,627 - synapse.storage.databases.main.event_push_actions - 1396 - INFO - rotate_notifs-216 - Rotating notifications
2025-03-26 20:06:09,628 - synapse.storage.databases.main.event_push_actions - 1599 - INFO - rotate_notifs-216 - Rotating notifications up to: 1
2025-03-26 20:06:09,630 - synapse.storage.databases.main.event_push_actions - 1685 - INFO - rotate_notifs-216 - Rotating notifications, handling 0 rows
2025-03-26 20:06:09,638 - synapse.storage.databases.main.event_push_actions - 1770 - INFO - rotate_notifs-216 - Rotating notifications, deleted 0 push actions
2025-03-26 20:06:09,696 - synapse.util.caches.lrucache - 217 - INFO - LruCache._expire_old_entries-216 - Dropped 0 items from caches
2025-03-26 20:06:39,627 - synapse.storage.databases.main.event_push_actions - 1396 - INFO - rotate_notifs-217 - Rotating notifications
2025-03-26 20:06:39,628 - synapse.storage.databases.main.event_push_actions - 1599 - INFO - rotate_notifs-217 - Rotating notifications up to: 1
2025-03-26 20:06:39,630 - synapse.storage.databases.main.event_push_actions - 1685 - INFO - rotate_notifs-217 - Rotating notifications, handling 0 rows
2025-03-26 20:06:39,637 - synapse.storage.databases.main.event_push_actions - 1770 - INFO - rotate_notifs-217 - Rotating notifications, deleted 0 push actions
2025-03-26 20:06:39,695 - synapse.util.caches.lrucache - 217 - INFO - LruCache._expire_old_entries-217 - Dropped 0 items from caches
2025-03-26 20:07:09,625 - synapse.storage.databases.main.event_push_actions - 1396 - INFO - rotate_notifs-218 - Rotating notifications
2025-03-26 20:07:09,627 - synapse.storage.databases.main.event_push_actions - 1599 - INFO - rotate_notifs-218 - Rotating notifications up to: 1
2025-03-26 20:07:09,628 - synapse.storage.databases.main.event_push_actions - 1685 - INFO - rotate_notifs-218 - Rotating notifications, handling 0 rows
2025-03-26 20:07:09,635 - synapse.storage.databases.main.event_push_actions - 1770 - INFO - rotate_notifs-218 - Rotating notifications, deleted 0 push actions
2025-03-26 20:07:09,696 - synapse.util.caches.lrucache - 217 - INFO - LruCache._expire_old_entries-218 - Dropped 0 items from caches
2025-03-26 20:07:39,621 - synapse.storage.databases.main.event_push_actions - 1242 - INFO - event_push_action_stream_orderings-10 - Searching for stream ordering 1 month ago
2025-03-26 20:07:39,621 - synapse.storage.databases.main.event_push_actions - 1246 - INFO - event_push_action_stream_orderings-10 - Found stream ordering 1 month ago: it's 0
2025-03-26 20:07:39,621 - synapse.storage.databases.main.event_push_actions - 1249 - INFO - event_push_action_stream_orderings-10 - Searching for stream ordering 1 day ago
2025-03-26 20:07:39,622 - synapse.storage.databases.main.event_push_actions - 1253 - INFO - event_push_action_stream_orderings-10 - Found stream ordering 1 day ago: it's 0
2025-03-26 20:07:39,628 - synapse.storage.databases.main.event_push_actions - 1396 - INFO - rotate_notifs-219 - Rotating notifications
2025-03-26 20:07:39,629 - synapse.storage.databases.main.event_push_actions - 1599 - INFO - rotate_notifs-219 - Rotating notifications up to: 1
2025-03-26 20:07:39,631 - synapse.storage.databases.main.event_push_actions - 1685 - INFO - rotate_notifs-219 - Rotating notifications, handling 0 rows
2025-03-26 20:07:39,637 - synapse.storage.databases.main.event_push_actions - 1770 - INFO - rotate_notifs-219 - Rotating notifications, deleted 0 push actions
2025-03-26 20:07:39,695 - synapse.util.caches.lrucache - 217 - INFO - LruCache._expire_old_entries-219 - Dropped 0 items from caches
2025-03-26 20:07:39,718 - synapse.storage.databases.main.metrics - 399 - INFO - generate_user_daily_visits-21 - Calling _generate_user_daily_visits
2025-03-26 20:08:09,627 - synapse.storage.databases.main.event_push_actions - 1396 - INFO - rotate_notifs-220 - Rotating notifications
2025-03-26 20:08:09,628 - synapse.storage.databases.main.event_push_actions - 1599 - INFO - rotate_notifs-220 - Rotating notifications up to: 1
2025-03-26 20:08:09,630 - synapse.storage.databases.main.event_push_actions - 1685 - INFO - rotate_notifs-220 - Rotating notifications, handling 0 rows
2025-03-26 20:08:09,636 - synapse.storage.databases.main.event_push_actions - 1770 - INFO - rotate_notifs-220 - Rotating notifications, deleted 0 push actions
2025-03-26 20:08:09,695 - synapse.util.caches.lrucache - 217 - INFO - LruCache._expire_old_entries-220 - Dropped 0 items from caches
2025-03-26 20:08:39,626 - synapse.storage.databases.main.event_push_actions - 1396 - INFO - rotate_notifs-221 - Rotating notifications
2025-03-26 20:08:39,627 - synapse.storage.databases.main.event_push_actions - 1599 - INFO - rotate_notifs-221 - Rotating notifications up to: 1
2025-03-26 20:08:39,629 - synapse.storage.databases.main.event_push_actions - 1685 - INFO - rotate_notifs-221 - Rotating notifications, handling 0 rows
2025-03-26 20:08:39,637 - synapse.storage.databases.main.event_push_actions - 1770 - INFO - rotate_notifs-221 - Rotating notifications, deleted 0 push actions
2025-03-26 20:08:39,695 - synapse.util.caches.lrucache - 217 - INFO - LruCache._expire_old_entries-221 - Dropped 0 items from caches
2025-03-26 20:09:09,626 - synapse.storage.databases.main.event_push_actions - 1396 - INFO - rotate_notifs-222 - Rotating notifications
2025-03-26 20:09:09,627 - synapse.storage.databases.main.event_push_actions - 1599 - INFO - rotate_notifs-222 - Rotating notifications up to: 1
2025-03-26 20:09:09,628 - synapse.storage.databases.main.event_push_actions - 1685 - INFO - rotate_notifs-222 - Rotating notifications, handling 0 rows
2025-03-26 20:09:09,634 - synapse.storage.databases.main.event_push_actions - 1770 - INFO - rotate_notifs-222 - Rotating notifications, deleted 0 push actions
2025-03-26 20:09:09,695 - synapse.util.caches.lrucache - 217 - INFO - LruCache._expire_old_entries-222 - Dropped 1 items from caches
2025-03-26 20:09:39,628 - synapse.storage.databases.main.event_push_actions - 1396 - INFO - rotate_notifs-223 - Rotating notifications
2025-03-26 20:09:39,629 - synapse.storage.databases.main.event_push_actions - 1599 - INFO - rotate_notifs-223 - Rotating notifications up to: 1
2025-03-26 20:09:39,631 - synapse.storage.databases.main.event_push_actions - 1685 - INFO - rotate_notifs-223 - Rotating notifications, handling 0 rows
2025-03-26 20:09:39,637 - synapse.storage.databases.main.event_push_actions - 1770 - INFO - rotate_notifs-223 - Rotating notifications, deleted 0 push actions
2025-03-26 20:09:39,695 - synapse.util.caches.lrucache - 217 - INFO - LruCache._expire_old_entries-223 - Dropped 10 items from caches
2025-03-26 20:10:09,627 - synapse.storage.databases.main.event_push_actions - 1396 - INFO - rotate_notifs-224 - Rotating notifications
2025-03-26 20:10:09,628 - synapse.storage.databases.main.event_push_actions - 1599 - INFO - rotate_notifs-224 - Rotating notifications up to: 1
2025-03-26 20:10:09,630 - synapse.storage.databases.main.event_push_actions - 1685 - INFO - rotate_notifs-224 - Rotating notifications, handling 0 rows
2025-03-26 20:10:09,636 - synapse.storage.databases.main.event_push_actions - 1770 - INFO - rotate_notifs-224 - Rotating notifications, deleted 0 push actions
2025-03-26 20:10:09,695 - synapse.util.caches.lrucache - 217 - INFO - LruCache._expire_old_entries-224 - Dropped 1 items from caches
2025-03-26 20:10:39,628 - synapse.storage.databases.main.event_push_actions - 1396 - INFO - rotate_notifs-225 - Rotating notifications
2025-03-26 20:10:39,629 - synapse.storage.databases.main.event_push_actions - 1599 - INFO - rotate_notifs-225 - Rotating notifications up to: 1
2025-03-26 20:10:39,631 - synapse.storage.databases.main.event_push_actions - 1685 - INFO - rotate_notifs-225 - Rotating notifications, handling 0 rows
2025-03-26 20:10:39,637 - synapse.storage.databases.main.event_push_actions - 1770 - INFO - rotate_notifs-225 - Rotating notifications, deleted 0 push actions
2025-03-26 20:10:39,695 - synapse.util.caches.lrucache - 217 - INFO - LruCache._expire_old_entries-225 - Dropped 0 items from caches
2025-03-26 20:11:09,634 - synapse.storage.databases.main.event_push_actions - 1396 - INFO - rotate_notifs-226 - Rotating notifications
2025-03-26 20:11:09,635 - synapse.storage.databases.main.event_push_actions - 1599 - INFO - rotate_notifs-226 - Rotating notifications up to: 1
2025-03-26 20:11:09,636 - synapse.storage.databases.main.event_push_actions - 1685 - INFO - rotate_notifs-226 - Rotating notifications, handling 0 rows
2025-03-26 20:11:09,646 - synapse.storage.databases.main.event_push_actions - 1770 - INFO - rotate_notifs-226 - Rotating notifications, deleted 0 push actions
2025-03-26 20:11:09,696 - synapse.util.caches.lrucache - 217 - INFO - LruCache._expire_old_entries-226 - Dropped 0 items from caches
2025-03-26 20:11:39,628 - synapse.storage.databases.main.event_push_actions - 1396 - INFO - rotate_notifs-227 - Rotating notifications
2025-03-26 20:11:39,629 - synapse.storage.databases.main.event_push_actions - 1599 - INFO - rotate_notifs-227 - Rotating notifications up to: 1
2025-03-26 20:11:39,630 - synapse.storage.databases.main.event_push_actions - 1685 - INFO - rotate_notifs-227 - Rotating notifications, handling 0 rows
2025-03-26 20:11:39,635 - synapse.storage.databases.main.event_push_actions - 1770 - INFO - rotate_notifs-227 - Rotating notifications, deleted 0 push actions
2025-03-26 20:11:39,695 - synapse.util.caches.lrucache - 217 - INFO - LruCache._expire_old_entries-227 - Dropped 0 items from caches
2025-03-26 20:12:09,626 - synapse.storage.databases.main.event_push_actions - 1396 - INFO - rotate_notifs-228 - Rotating notifications
2025-03-26 20:12:09,627 - synapse.storage.databases.main.event_push_actions - 1599 - INFO - rotate_notifs-228 - Rotating notifications up to: 1
2025-03-26 20:12:09,629 - synapse.storage.databases.main.event_push_actions - 1685 - INFO - rotate_notifs-228 - Rotating notifications, handling 0 rows
2025-03-26 20:12:09,635 - synapse.storage.databases.main.event_push_actions - 1770 - INFO - rotate_notifs-228 - Rotating notifications, deleted 0 push actions
2025-03-26 20:12:09,696 - synapse.util.caches.lrucache - 217 - INFO - LruCache._expire_old_entries-228 - Dropped 0 items from caches
2025-03-26 20:12:39,625 - synapse.storage.databases.main.event_push_actions - 1396 - INFO - rotate_notifs-229 - Rotating notifications
2025-03-26 20:12:39,626 - synapse.storage.databases.main.event_push_actions - 1599 - INFO - rotate_notifs-229 - Rotating notifications up to: 1
2025-03-26 20:12:39,627 - synapse.storage.databases.main.event_push_actions - 1685 - INFO - rotate_notifs-229 - Rotating notifications, handling 0 rows
2025-03-26 20:12:39,632 - synapse.storage.databases.main.event_push_actions - 1770 - INFO - rotate_notifs-229 - Rotating notifications, deleted 0 push actions
2025-03-26 20:12:39,695 - synapse.util.caches.lrucache - 217 - INFO - LruCache._expire_old_entries-229 - Dropped 0 items from caches
2025-03-26 20:12:39,718 - synapse.storage.databases.main.metrics - 399 - INFO - generate_user_daily_visits-22 - Calling _generate_user_daily_visits
2025-03-26 20:13:09,626 - synapse.storage.databases.main.event_push_actions - 1396 - INFO - rotate_notifs-230 - Rotating notifications
2025-03-26 20:13:09,627 - synapse.storage.databases.main.event_push_actions - 1599 - INFO - rotate_notifs-230 - Rotating notifications up to: 1
2025-03-26 20:13:09,628 - synapse.storage.databases.main.event_push_actions - 1685 - INFO - rotate_notifs-230 - Rotating notifications, handling 0 rows
2025-03-26 20:13:09,637 - synapse.storage.databases.main.event_push_actions - 1770 - INFO - rotate_notifs-230 - Rotating notifications, deleted 0 push actions
2025-03-26 20:13:09,695 - synapse.util.caches.lrucache - 217 - INFO - LruCache._expire_old_entries-230 - Dropped 0 items from caches
2025-03-26 20:13:39,626 - synapse.storage.databases.main.event_push_actions - 1396 - INFO - rotate_notifs-231 - Rotating notifications
2025-03-26 20:13:39,628 - synapse.storage.databases.main.event_push_actions - 1599 - INFO - rotate_notifs-231 - Rotating notifications up to: 1
2025-03-26 20:13:39,629 - synapse.storage.databases.main.event_push_actions - 1685 - INFO - rotate_notifs-231 - Rotating notifications, handling 0 rows
2025-03-26 20:13:39,636 - synapse.storage.databases.main.event_push_actions - 1770 - INFO - rotate_notifs-231 - Rotating notifications, deleted 0 push actions
2025-03-26 20:13:39,695 - synapse.util.caches.lrucache - 217 - INFO - LruCache._expire_old_entries-231 - Dropped 0 items from caches
2025-03-26 20:14:09,626 - synapse.storage.databases.main.event_push_actions - 1396 - INFO - rotate_notifs-232 - Rotating notifications
2025-03-26 20:14:09,627 - synapse.storage.databases.main.event_push_actions - 1599 - INFO - rotate_notifs-232 - Rotating notifications up to: 1
2025-03-26 20:14:09,629 - synapse.storage.databases.main.event_push_actions - 1685 - INFO - rotate_notifs-232 - Rotating notifications, handling 0 rows
2025-03-26 20:14:09,636 - synapse.storage.databases.main.event_push_actions - 1770 - INFO - rotate_notifs-232 - Rotating notifications, deleted 0 push actions
2025-03-26 20:14:09,695 - synapse.util.caches.lrucache - 217 - INFO - LruCache._expire_old_entries-232 - Dropped 0 items from caches
2025-03-26 20:14:39,627 - synapse.storage.databases.main.event_push_actions - 1396 - INFO - rotate_notifs-233 - Rotating notifications
2025-03-26 20:14:39,628 - synapse.storage.databases.main.event_push_actions - 1599 - INFO - rotate_notifs-233 - Rotating notifications up to: 1
2025-03-26 20:14:39,630 - synapse.storage.databases.main.event_push_actions - 1685 - INFO - rotate_notifs-233 - Rotating notifications, handling 0 rows
2025-03-26 20:14:39,636 - synapse.storage.databases.main.event_push_actions - 1770 - INFO - rotate_notifs-233 - Rotating notifications, deleted 0 push actions
2025-03-26 20:14:39,695 - synapse.util.caches.lrucache - 217 - INFO - LruCache._expire_old_entries-233 - Dropped 0 items from caches
2025-03-26 20:15:09,626 - synapse.storage.databases.main.event_push_actions - 1396 - INFO - rotate_notifs-234 - Rotating notifications
2025-03-26 20:15:09,627 - synapse.storage.databases.main.event_push_actions - 1599 - INFO - rotate_notifs-234 - Rotating notifications up to: 1
2025-03-26 20:15:09,628 - synapse.storage.databases.main.event_push_actions - 1685 - INFO - rotate_notifs-234 - Rotating notifications, handling 0 rows
2025-03-26 20:15:09,634 - synapse.storage.databases.main.event_push_actions - 1770 - INFO - rotate_notifs-234 - Rotating notifications, deleted 0 push actions
2025-03-26 20:15:09,696 - synapse.util.caches.lrucache - 217 - INFO - LruCache._expire_old_entries-234 - Dropped 0 items from caches
2025-03-26 20:15:39,628 - synapse.storage.databases.main.event_push_actions - 1396 - INFO - rotate_notifs-235 - Rotating notifications
2025-03-26 20:15:39,630 - synapse.storage.databases.main.event_push_actions - 1599 - INFO - rotate_notifs-235 - Rotating notifications up to: 1
2025-03-26 20:15:39,632 - synapse.storage.databases.main.event_push_actions - 1685 - INFO - rotate_notifs-235 - Rotating notifications, handling 0 rows
2025-03-26 20:15:39,639 - synapse.storage.databases.main.event_push_actions - 1770 - INFO - rotate_notifs-235 - Rotating notifications, deleted 0 push actions
2025-03-26 20:15:39,696 - synapse.util.caches.lrucache - 217 - INFO - LruCache._expire_old_entries-235 - Dropped 0 items from caches
2025-03-26 20:16:09,626 - synapse.storage.databases.main.event_push_actions - 1396 - INFO - rotate_notifs-236 - Rotating notifications
2025-03-26 20:16:09,627 - synapse.storage.databases.main.event_push_actions - 1599 - INFO - rotate_notifs-236 - Rotating notifications up to: 1
2025-03-26 20:16:09,628 - synapse.storage.databases.main.event_push_actions - 1685 - INFO - rotate_notifs-236 - Rotating notifications, handling 0 rows
2025-03-26 20:16:09,634 - synapse.storage.databases.main.event_push_actions - 1770 - INFO - rotate_notifs-236 - Rotating notifications, deleted 0 push actions
2025-03-26 20:16:09,695 - synapse.util.caches.lrucache - 217 - INFO - LruCache._expire_old_entries-236 - Dropped 0 items from caches
2025-03-26 20:16:39,626 - synapse.storage.databases.main.event_push_actions - 1396 - INFO - rotate_notifs-237 - Rotating notifications
2025-03-26 20:16:39,628 - synapse.storage.databases.main.event_push_actions - 1599 - INFO - rotate_notifs-237 - Rotating notifications up to: 1
2025-03-26 20:16:39,629 - synapse.storage.databases.main.event_push_actions - 1685 - INFO - rotate_notifs-237 - Rotating notifications, handling 0 rows
2025-03-26 20:16:39,635 - synapse.storage.databases.main.event_push_actions - 1770 - INFO - rotate_notifs-237 - Rotating notifications, deleted 0 push actions
2025-03-26 20:16:39,695 - synapse.util.caches.lrucache - 217 - INFO - LruCache._expire_old_entries-237 - Dropped 0 items from caches
2025-03-26 20:17:09,626 - synapse.storage.databases.main.event_push_actions - 1396 - INFO - rotate_notifs-238 - Rotating notifications
2025-03-26 20:17:09,627 - synapse.storage.databases.main.event_push_actions - 1599 - INFO - rotate_notifs-238 - Rotating notifications up to: 1
2025-03-26 20:17:09,628 - synapse.storage.databases.main.event_push_actions - 1685 - INFO - rotate_notifs-238 - Rotating notifications, handling 0 rows
2025-03-26 20:17:09,634 - synapse.storage.databases.main.event_push_actions - 1770 - INFO - rotate_notifs-238 - Rotating notifications, deleted 0 push actions
2025-03-26 20:17:09,695 - synapse.util.caches.lrucache - 217 - INFO - LruCache._expire_old_entries-238 - Dropped 0 items from caches
2025-03-26 20:17:39,622 - synapse.storage.databases.main.event_push_actions - 1242 - INFO - event_push_action_stream_orderings-11 - Searching for stream ordering 1 month ago
2025-03-26 20:17:39,623 - synapse.storage.databases.main.event_push_actions - 1246 - INFO - event_push_action_stream_orderings-11 - Found stream ordering 1 month ago: it's 0
2025-03-26 20:17:39,624 - synapse.storage.databases.main.event_push_actions - 1249 - INFO - event_push_action_stream_orderings-11 - Searching for stream ordering 1 day ago
2025-03-26 20:17:39,628 - synapse.storage.databases.main.event_push_actions - 1253 - INFO - event_push_action_stream_orderings-11 - Found stream ordering 1 day ago: it's 0
2025-03-26 20:17:39,637 - synapse.storage.databases.main.event_push_actions - 1396 - INFO - rotate_notifs-239 - Rotating notifications
2025-03-26 20:17:39,639 - synapse.storage.databases.main.event_push_actions - 1599 - INFO - rotate_notifs-239 - Rotating notifications up to: 1
2025-03-26 20:17:39,642 - synapse.storage.databases.main.event_push_actions - 1685 - INFO - rotate_notifs-239 - Rotating notifications, handling 0 rows
2025-03-26 20:17:39,650 - synapse.storage.databases.main.event_push_actions - 1770 - INFO - rotate_notifs-239 - Rotating notifications, deleted 0 push actions
2025-03-26 20:17:39,695 - synapse.util.caches.lrucache - 217 - INFO - LruCache._expire_old_entries-239 - Dropped 0 items from caches
2025-03-26 20:17:39,718 - synapse.storage.databases.main.metrics - 399 - INFO - generate_user_daily_visits-23 - Calling _generate_user_daily_visits
2025-03-26 20:18:09,625 - synapse.storage.databases.main.event_push_actions - 1396 - INFO - rotate_notifs-240 - Rotating notifications
2025-03-26 20:18:09,626 - synapse.storage.databases.main.event_push_actions - 1599 - INFO - rotate_notifs-240 - Rotating notifications up to: 1
2025-03-26 20:18:09,627 - synapse.storage.databases.main.event_push_actions - 1685 - INFO - rotate_notifs-240 - Rotating notifications, handling 0 rows
2025-03-26 20:18:09,632 - synapse.storage.databases.main.event_push_actions - 1770 - INFO - rotate_notifs-240 - Rotating notifications, deleted 0 push actions
2025-03-26 20:18:09,695 - synapse.util.caches.lrucache - 217 - INFO - LruCache._expire_old_entries-240 - Dropped 0 items from caches
2025-03-26 20:18:39,628 - synapse.storage.databases.main.event_push_actions - 1396 - INFO - rotate_notifs-241 - Rotating notifications
2025-03-26 20:18:39,630 - synapse.storage.databases.main.event_push_actions - 1599 - INFO - rotate_notifs-241 - Rotating notifications up to: 1
2025-03-26 20:18:39,633 - synapse.storage.databases.main.event_push_actions - 1685 - INFO - rotate_notifs-241 - Rotating notifications, handling 0 rows
2025-03-26 20:18:39,644 - synapse.storage.databases.main.event_push_actions - 1770 - INFO - rotate_notifs-241 - Rotating notifications, deleted 0 push actions
2025-03-26 20:18:39,696 - synapse.util.caches.lrucache - 217 - INFO - LruCache._expire_old_entries-241 - Dropped 0 items from caches
2025-03-26 20:19:09,628 - synapse.storage.databases.main.event_push_actions - 1396 - INFO - rotate_notifs-242 - Rotating notifications
2025-03-26 20:19:09,630 - synapse.storage.databases.main.event_push_actions - 1599 - INFO - rotate_notifs-242 - Rotating notifications up to: 1
2025-03-26 20:19:09,633 - synapse.storage.databases.main.event_push_actions - 1685 - INFO - rotate_notifs-242 - Rotating notifications, handling 0 rows
2025-03-26 20:19:09,643 - synapse.storage.databases.main.event_push_actions - 1770 - INFO - rotate_notifs-242 - Rotating notifications, deleted 0 push actions
2025-03-26 20:19:09,696 - synapse.util.caches.lrucache - 217 - INFO - LruCache._expire_old_entries-242 - Dropped 0 items from caches
2025-03-26 20:19:39,628 - synapse.storage.databases.main.event_push_actions - 1396 - INFO - rotate_notifs-243 - Rotating notifications
2025-03-26 20:19:39,630 - synapse.storage.databases.main.event_push_actions - 1599 - INFO - rotate_notifs-243 - Rotating notifications up to: 1
2025-03-26 20:19:39,632 - synapse.storage.databases.main.event_push_actions - 1685 - INFO - rotate_notifs-243 - Rotating notifications, handling 0 rows
2025-03-26 20:19:39,638 - synapse.storage.databases.main.event_push_actions - 1770 - INFO - rotate_notifs-243 - Rotating notifications, deleted 0 push actions
2025-03-26 20:19:39,695 - synapse.util.caches.lrucache - 217 - INFO - LruCache._expire_old_entries-243 - Dropped 0 items from caches
2025-03-26 20:20:09,628 - synapse.storage.databases.main.event_push_actions - 1396 - INFO - rotate_notifs-244 - Rotating notifications
2025-03-26 20:20:09,629 - synapse.storage.databases.main.event_push_actions - 1599 - INFO - rotate_notifs-244 - Rotating notifications up to: 1
2025-03-26 20:20:09,631 - synapse.storage.databases.main.event_push_actions - 1685 - INFO - rotate_notifs-244 - Rotating notifications, handling 0 rows
2025-03-26 20:20:09,638 - synapse.storage.databases.main.event_push_actions - 1770 - INFO - rotate_notifs-244 - Rotating notifications, deleted 0 push actions
2025-03-26 20:20:09,695 - synapse.util.caches.lrucache - 217 - INFO - LruCache._expire_old_entries-244 - Dropped 0 items from caches
2025-03-26 20:20:39,630 - synapse.storage.databases.main.event_push_actions - 1396 - INFO - rotate_notifs-245 - Rotating notifications
2025-03-26 20:20:39,631 - synapse.storage.databases.main.event_push_actions - 1599 - INFO - rotate_notifs-245 - Rotating notifications up to: 1
2025-03-26 20:20:39,632 - synapse.storage.databases.main.event_push_actions - 1685 - INFO - rotate_notifs-245 - Rotating notifications, handling 0 rows
2025-03-26 20:20:39,638 - synapse.storage.databases.main.event_push_actions - 1770 - INFO - rotate_notifs-245 - Rotating notifications, deleted 0 push actions
2025-03-26 20:20:39,696 - synapse.util.caches.lrucache - 217 - INFO - LruCache._expire_old_entries-245 - Dropped 0 items from caches
2025-03-26 20:21:09,631 - synapse.storage.databases.main.event_push_actions - 1396 - INFO - rotate_notifs-246 - Rotating notifications
2025-03-26 20:21:09,632 - synapse.storage.databases.main.event_push_actions - 1599 - INFO - rotate_notifs-246 - Rotating notifications up to: 1
2025-03-26 20:21:09,633 - synapse.storage.databases.main.event_push_actions - 1685 - INFO - rotate_notifs-246 - Rotating notifications, handling 0 rows
2025-03-26 20:21:09,639 - synapse.storage.databases.main.event_push_actions - 1770 - INFO - rotate_notifs-246 - Rotating notifications, deleted 0 push actions
2025-03-26 20:21:09,695 - synapse.util.caches.lrucache - 217 - INFO - LruCache._expire_old_entries-246 - Dropped 0 items from caches
2025-03-26 20:21:39,631 - synapse.storage.databases.main.event_push_actions - 1396 - INFO - rotate_notifs-247 - Rotating notifications
2025-03-26 20:21:39,632 - synapse.storage.databases.main.event_push_actions - 1599 - INFO - rotate_notifs-247 - Rotating notifications up to: 1
2025-03-26 20:21:39,634 - synapse.storage.databases.main.event_push_actions - 1685 - INFO - rotate_notifs-247 - Rotating notifications, handling 0 rows
2025-03-26 20:21:39,643 - synapse.storage.databases.main.event_push_actions - 1770 - INFO - rotate_notifs-247 - Rotating notifications, deleted 0 push actions
2025-03-26 20:21:39,695 - synapse.util.caches.lrucache - 217 - INFO - LruCache._expire_old_entries-247 - Dropped 0 items from caches
2025-03-26 20:22:09,633 - synapse.storage.databases.main.event_push_actions - 1396 - INFO - rotate_notifs-248 - Rotating notifications
2025-03-26 20:22:09,635 - synapse.storage.databases.main.event_push_actions - 1599 - INFO - rotate_notifs-248 - Rotating notifications up to: 1
2025-03-26 20:22:09,638 - synapse.storage.databases.main.event_push_actions - 1685 - INFO - rotate_notifs-248 - Rotating notifications, handling 0 rows
2025-03-26 20:22:09,647 - synapse.storage.databases.main.event_push_actions - 1770 - INFO - rotate_notifs-248 - Rotating notifications, deleted 0 push actions
2025-03-26 20:22:09,696 - synapse.util.caches.lrucache - 217 - INFO - LruCache._expire_old_entries-248 - Dropped 0 items from caches
2025-03-26 20:22:39,632 - synapse.storage.databases.main.event_push_actions - 1396 - INFO - rotate_notifs-249 - Rotating notifications
2025-03-26 20:22:39,635 - synapse.storage.databases.main.event_push_actions - 1599 - INFO - rotate_notifs-249 - Rotating notifications up to: 1
2025-03-26 20:22:39,640 - synapse.storage.databases.main.event_push_actions - 1685 - INFO - rotate_notifs-249 - Rotating notifications, handling 0 rows
2025-03-26 20:22:39,653 - synapse.storage.databases.main.event_push_actions - 1770 - INFO - rotate_notifs-249 - Rotating notifications, deleted 0 push actions
2025-03-26 20:22:39,695 - synapse.util.caches.lrucache - 217 - INFO - LruCache._expire_old_entries-249 - Dropped 0 items from caches
2025-03-26 20:22:39,718 - synapse.storage.databases.main.metrics - 399 - INFO - generate_user_daily_visits-24 - Calling _generate_user_daily_visits
2025-03-26 20:23:09,627 - synapse.storage.databases.main.event_push_actions - 1396 - INFO - rotate_notifs-250 - Rotating notifications
2025-03-26 20:23:09,629 - synapse.storage.databases.main.event_push_actions - 1599 - INFO - rotate_notifs-250 - Rotating notifications up to: 1
2025-03-26 20:23:09,630 - synapse.storage.databases.main.event_push_actions - 1685 - INFO - rotate_notifs-250 - Rotating notifications, handling 0 rows
2025-03-26 20:23:09,637 - synapse.storage.databases.main.event_push_actions - 1770 - INFO - rotate_notifs-250 - Rotating notifications, deleted 0 push actions
2025-03-26 20:23:09,696 - synapse.util.caches.lrucache - 217 - INFO - LruCache._expire_old_entries-250 - Dropped 0 items from caches
2025-03-26 20:23:39,629 - synapse.storage.databases.main.event_push_actions - 1396 - INFO - rotate_notifs-251 - Rotating notifications
2025-03-26 20:23:39,632 - synapse.storage.databases.main.event_push_actions - 1599 - INFO - rotate_notifs-251 - Rotating notifications up to: 1
2025-03-26 20:23:39,635 - synapse.storage.databases.main.event_push_actions - 1685 - INFO - rotate_notifs-251 - Rotating notifications, handling 0 rows
2025-03-26 20:23:39,645 - synapse.storage.databases.main.event_push_actions - 1770 - INFO - rotate_notifs-251 - Rotating notifications, deleted 0 push actions
2025-03-26 20:23:39,695 - synapse.util.caches.lrucache - 217 - INFO - LruCache._expire_old_entries-251 - Dropped 0 items from caches
2025-03-26 20:24:09,628 - synapse.storage.databases.main.event_push_actions - 1396 - INFO - rotate_notifs-252 - Rotating notifications
2025-03-26 20:24:09,629 - synapse.storage.databases.main.event_push_actions - 1599 - INFO - rotate_notifs-252 - Rotating notifications up to: 1
2025-03-26 20:24:09,631 - synapse.storage.databases.main.event_push_actions - 1685 - INFO - rotate_notifs-252 - Rotating notifications, handling 0 rows
2025-03-26 20:24:09,638 - synapse.storage.databases.main.event_push_actions - 1770 - INFO - rotate_notifs-252 - Rotating notifications, deleted 0 push actions
2025-03-26 20:24:09,696 - synapse.util.caches.lrucache - 217 - INFO - LruCache._expire_old_entries-252 - Dropped 0 items from caches
2025-03-26 20:24:39,629 - synapse.storage.databases.main.event_push_actions - 1396 - INFO - rotate_notifs-253 - Rotating notifications
2025-03-26 20:24:39,632 - synapse.storage.databases.main.event_push_actions - 1599 - INFO - rotate_notifs-253 - Rotating notifications up to: 1
2025-03-26 20:24:39,635 - synapse.storage.databases.main.event_push_actions - 1685 - INFO - rotate_notifs-253 - Rotating notifications, handling 0 rows
2025-03-26 20:24:39,645 - synapse.storage.databases.main.event_push_actions - 1770 - INFO - rotate_notifs-253 - Rotating notifications, deleted 0 push actions
2025-03-26 20:24:39,695 - synapse.util.caches.lrucache - 217 - INFO - LruCache._expire_old_entries-253 - Dropped 0 items from caches
2025-03-26 20:25:09,626 - synapse.storage.databases.main.event_push_actions - 1396 - INFO - rotate_notifs-254 - Rotating notifications
2025-03-26 20:25:09,627 - synapse.storage.databases.main.event_push_actions - 1599 - INFO - rotate_notifs-254 - Rotating notifications up to: 1
2025-03-26 20:25:09,629 - synapse.storage.databases.main.event_push_actions - 1685 - INFO - rotate_notifs-254 - Rotating notifications, handling 0 rows
2025-03-26 20:25:09,634 - synapse.storage.databases.main.event_push_actions - 1770 - INFO - rotate_notifs-254 - Rotating notifications, deleted 0 push actions
2025-03-26 20:25:09,696 - synapse.util.caches.lrucache - 217 - INFO - LruCache._expire_old_entries-254 - Dropped 0 items from caches
2025-03-26 20:25:39,629 - synapse.storage.databases.main.event_push_actions - 1396 - INFO - rotate_notifs-255 - Rotating notifications
2025-03-26 20:25:39,632 - synapse.storage.databases.main.event_push_actions - 1599 - INFO - rotate_notifs-255 - Rotating notifications up to: 1
2025-03-26 20:25:39,635 - synapse.storage.databases.main.event_push_actions - 1685 - INFO - rotate_notifs-255 - Rotating notifications, handling 0 rows
2025-03-26 20:25:39,644 - synapse.storage.databases.main.event_push_actions - 1770 - INFO - rotate_notifs-255 - Rotating notifications, deleted 0 push actions
2025-03-26 20:25:39,695 - synapse.util.caches.lrucache - 217 - INFO - LruCache._expire_old_entries-255 - Dropped 0 items from caches
2025-03-26 20:26:09,631 - synapse.storage.databases.main.event_push_actions - 1396 - INFO - rotate_notifs-256 - Rotating notifications
2025-03-26 20:26:09,633 - synapse.storage.databases.main.event_push_actions - 1599 - INFO - rotate_notifs-256 - Rotating notifications up to: 1
2025-03-26 20:26:09,636 - synapse.storage.databases.main.event_push_actions - 1685 - INFO - rotate_notifs-256 - Rotating notifications, handling 0 rows
2025-03-26 20:26:09,646 - synapse.storage.databases.main.event_push_actions - 1770 - INFO - rotate_notifs-256 - Rotating notifications, deleted 0 push actions
2025-03-26 20:26:09,696 - synapse.util.caches.lrucache - 217 - INFO - LruCache._expire_old_entries-256 - Dropped 0 items from caches
2025-03-26 20:26:39,628 - synapse.storage.databases.main.event_push_actions - 1396 - INFO - rotate_notifs-257 - Rotating notifications
2025-03-26 20:26:39,629 - synapse.storage.databases.main.event_push_actions - 1599 - INFO - rotate_notifs-257 - Rotating notifications up to: 1
2025-03-26 20:26:39,631 - synapse.storage.databases.main.event_push_actions - 1685 - INFO - rotate_notifs-257 - Rotating notifications, handling 0 rows
2025-03-26 20:26:39,638 - synapse.storage.databases.main.event_push_actions - 1770 - INFO - rotate_notifs-257 - Rotating notifications, deleted 0 push actions
2025-03-26 20:26:39,695 - synapse.util.caches.lrucache - 217 - INFO - LruCache._expire_old_entries-257 - Dropped 0 items from caches
2025-03-26 20:27:09,629 - synapse.storage.databases.main.event_push_actions - 1396 - INFO - rotate_notifs-258 - Rotating notifications
2025-03-26 20:27:09,631 - synapse.storage.databases.main.event_push_actions - 1599 - INFO - rotate_notifs-258 - Rotating notifications up to: 1
2025-03-26 20:27:09,634 - synapse.storage.databases.main.event_push_actions - 1685 - INFO - rotate_notifs-258 - Rotating notifications, handling 0 rows
2025-03-26 20:27:09,644 - synapse.storage.databases.main.event_push_actions - 1770 - INFO - rotate_notifs-258 - Rotating notifications, deleted 0 push actions
2025-03-26 20:27:09,695 - synapse.util.caches.lrucache - 217 - INFO - LruCache._expire_old_entries-258 - Dropped 0 items from caches
2025-03-26 20:27:39,621 - synapse.storage.databases.main.event_push_actions - 1242 - INFO - event_push_action_stream_orderings-12 - Searching for stream ordering 1 month ago
2025-03-26 20:27:39,621 - synapse.storage.databases.main.event_push_actions - 1246 - INFO - event_push_action_stream_orderings-12 - Found stream ordering 1 month ago: it's 0
2025-03-26 20:27:39,621 - synapse.storage.databases.main.event_push_actions - 1249 - INFO - event_push_action_stream_orderings-12 - Searching for stream ordering 1 day ago
2025-03-26 20:27:39,622 - synapse.storage.databases.main.event_push_actions - 1253 - INFO - event_push_action_stream_orderings-12 - Found stream ordering 1 day ago: it's 0
2025-03-26 20:27:39,627 - synapse.storage.databases.main.event_push_actions - 1396 - INFO - rotate_notifs-259 - Rotating notifications
2025-03-26 20:27:39,629 - synapse.storage.databases.main.event_push_actions - 1599 - INFO - rotate_notifs-259 - Rotating notifications up to: 1
2025-03-26 20:27:39,630 - synapse.storage.databases.main.event_push_actions - 1685 - INFO - rotate_notifs-259 - Rotating notifications, handling 0 rows
2025-03-26 20:27:39,639 - synapse.storage.databases.main.event_push_actions - 1770 - INFO - rotate_notifs-259 - Rotating notifications, deleted 0 push actions
2025-03-26 20:27:39,695 - synapse.util.caches.lrucache - 217 - INFO - LruCache._expire_old_entries-259 - Dropped 0 items from caches
2025-03-26 20:27:39,717 - synapse.storage.databases.main.metrics - 399 - INFO - generate_user_daily_visits-25 - Calling _generate_user_daily_visits
2025-03-26 20:28:09,629 - synapse.storage.databases.main.event_push_actions - 1396 - INFO - rotate_notifs-260 - Rotating notifications
2025-03-26 20:28:09,631 - synapse.storage.databases.main.event_push_actions - 1599 - INFO - rotate_notifs-260 - Rotating notifications up to: 1
2025-03-26 20:28:09,634 - synapse.storage.databases.main.event_push_actions - 1685 - INFO - rotate_notifs-260 - Rotating notifications, handling 0 rows
2025-03-26 20:28:09,644 - synapse.storage.databases.main.event_push_actions - 1770 - INFO - rotate_notifs-260 - Rotating notifications, deleted 0 push actions
2025-03-26 20:28:09,695 - synapse.util.caches.lrucache - 217 - INFO - LruCache._expire_old_entries-260 - Dropped 0 items from caches
2025-03-26 20:28:39,629 - synapse.storage.databases.main.event_push_actions - 1396 - INFO - rotate_notifs-261 - Rotating notifications
2025-03-26 20:28:39,631 - synapse.storage.databases.main.event_push_actions - 1599 - INFO - rotate_notifs-261 - Rotating notifications up to: 1
2025-03-26 20:28:39,632 - synapse.storage.databases.main.event_push_actions - 1685 - INFO - rotate_notifs-261 - Rotating notifications, handling 0 rows
2025-03-26 20:28:39,641 - synapse.storage.databases.main.event_push_actions - 1770 - INFO - rotate_notifs-261 - Rotating notifications, deleted 0 push actions
2025-03-26 20:28:39,695 - synapse.util.caches.lrucache - 217 - INFO - LruCache._expire_old_entries-261 - Dropped 0 items from caches
2025-03-26 20:29:09,628 - synapse.storage.databases.main.event_push_actions - 1396 - INFO - rotate_notifs-262 - Rotating notifications
2025-03-26 20:29:09,629 - synapse.storage.databases.main.event_push_actions - 1599 - INFO - rotate_notifs-262 - Rotating notifications up to: 1
2025-03-26 20:29:09,630 - synapse.storage.databases.main.event_push_actions - 1685 - INFO - rotate_notifs-262 - Rotating notifications, handling 0 rows
2025-03-26 20:29:09,638 - synapse.storage.databases.main.event_push_actions - 1770 - INFO - rotate_notifs-262 - Rotating notifications, deleted 0 push actions
2025-03-26 20:29:09,696 - synapse.util.caches.lrucache - 217 - INFO - LruCache._expire_old_entries-262 - Dropped 0 items from caches
2025-03-26 20:29:39,628 - synapse.storage.databases.main.event_push_actions - 1396 - INFO - rotate_notifs-263 - Rotating notifications
2025-03-26 20:29:39,629 - synapse.storage.databases.main.event_push_actions - 1599 - INFO - rotate_notifs-263 - Rotating notifications up to: 1
2025-03-26 20:29:39,630 - synapse.storage.databases.main.event_push_actions - 1685 - INFO - rotate_notifs-263 - Rotating notifications, handling 0 rows
2025-03-26 20:29:39,636 - synapse.storage.databases.main.event_push_actions - 1770 - INFO - rotate_notifs-263 - Rotating notifications, deleted 0 push actions
2025-03-26 20:29:39,695 - synapse.util.caches.lrucache - 217 - INFO - LruCache._expire_old_entries-263 - Dropped 0 items from caches
2025-03-26 20:30:09,626 - synapse.storage.databases.main.event_push_actions - 1396 - INFO - rotate_notifs-264 - Rotating notifications
2025-03-26 20:30:09,628 - synapse.storage.databases.main.event_push_actions - 1599 - INFO - rotate_notifs-264 - Rotating notifications up to: 1
2025-03-26 20:30:09,629 - synapse.storage.databases.main.event_push_actions - 1685 - INFO - rotate_notifs-264 - Rotating notifications, handling 0 rows
2025-03-26 20:30:09,635 - synapse.storage.databases.main.event_push_actions - 1770 - INFO - rotate_notifs-264 - Rotating notifications, deleted 0 push actions
2025-03-26 20:30:09,696 - synapse.util.caches.lrucache - 217 - INFO - LruCache._expire_old_entries-264 - Dropped 0 items from caches
2025-03-26 20:30:39,627 - synapse.storage.databases.main.event_push_actions - 1396 - INFO - rotate_notifs-265 - Rotating notifications
2025-03-26 20:30:39,629 - synapse.storage.databases.main.event_push_actions - 1599 - INFO - rotate_notifs-265 - Rotating notifications up to: 1
2025-03-26 20:30:39,632 - synapse.storage.databases.main.event_push_actions - 1685 - INFO - rotate_notifs-265 - Rotating notifications, handling 0 rows
2025-03-26 20:30:39,641 - synapse.storage.databases.main.event_push_actions - 1770 - INFO - rotate_notifs-265 - Rotating notifications, deleted 0 push actions
2025-03-26 20:30:39,695 - synapse.util.caches.lrucache - 217 - INFO - LruCache._expire_old_entries-265 - Dropped 0 items from caches
2025-03-26 20:31:09,634 - synapse.storage.databases.main.event_push_actions - 1396 - INFO - rotate_notifs-266 - Rotating notifications
2025-03-26 20:31:09,636 - synapse.storage.databases.main.event_push_actions - 1599 - INFO - rotate_notifs-266 - Rotating notifications up to: 1
2025-03-26 20:31:09,639 - synapse.storage.databases.main.event_push_actions - 1685 - INFO - rotate_notifs-266 - Rotating notifications, handling 0 rows
2025-03-26 20:31:09,649 - synapse.storage.databases.main.event_push_actions - 1770 - INFO - rotate_notifs-266 - Rotating notifications, deleted 0 push actions
2025-03-26 20:31:09,695 - synapse.util.caches.lrucache - 217 - INFO - LruCache._expire_old_entries-266 - Dropped 0 items from caches
2025-03-26 20:31:39,629 - synapse.storage.databases.main.event_push_actions - 1396 - INFO - rotate_notifs-267 - Rotating notifications
2025-03-26 20:31:39,631 - synapse.storage.databases.main.event_push_actions - 1599 - INFO - rotate_notifs-267 - Rotating notifications up to: 1
2025-03-26 20:31:39,633 - synapse.storage.databases.main.event_push_actions - 1685 - INFO - rotate_notifs-267 - Rotating notifications, handling 0 rows
2025-03-26 20:31:39,641 - synapse.storage.databases.main.event_push_actions - 1770 - INFO - rotate_notifs-267 - Rotating notifications, deleted 0 push actions
2025-03-26 20:31:39,695 - synapse.util.caches.lrucache - 217 - INFO - LruCache._expire_old_entries-267 - Dropped 0 items from caches
2025-03-26 20:32:09,629 - synapse.storage.databases.main.event_push_actions - 1396 - INFO - rotate_notifs-268 - Rotating notifications
2025-03-26 20:32:09,631 - synapse.storage.databases.main.event_push_actions - 1599 - INFO - rotate_notifs-268 - Rotating notifications up to: 1
2025-03-26 20:32:09,634 - synapse.storage.databases.main.event_push_actions - 1685 - INFO - rotate_notifs-268 - Rotating notifications, handling 0 rows
2025-03-26 20:32:09,643 - synapse.storage.databases.main.event_push_actions - 1770 - INFO - rotate_notifs-268 - Rotating notifications, deleted 0 push actions
2025-03-26 20:32:09,696 - synapse.util.caches.lrucache - 217 - INFO - LruCache._expire_old_entries-268 - Dropped 0 items from caches
2025-03-26 20:32:39,629 - synapse.storage.databases.main.event_push_actions - 1396 - INFO - rotate_notifs-269 - Rotating notifications
2025-03-26 20:32:39,632 - synapse.storage.databases.main.event_push_actions - 1599 - INFO - rotate_notifs-269 - Rotating notifications up to: 1
2025-03-26 20:32:39,635 - synapse.storage.databases.main.event_push_actions - 1685 - INFO - rotate_notifs-269 - Rotating notifications, handling 0 rows
2025-03-26 20:32:39,647 - synapse.storage.databases.main.event_push_actions - 1770 - INFO - rotate_notifs-269 - Rotating notifications, deleted 0 push actions
2025-03-26 20:32:39,695 - synapse.util.caches.lrucache - 217 - INFO - LruCache._expire_old_entries-269 - Dropped 0 items from caches
2025-03-26 20:32:39,718 - synapse.storage.databases.main.metrics - 399 - INFO - generate_user_daily_visits-26 - Calling _generate_user_daily_visits
2025-03-26 20:33:09,628 - synapse.storage.databases.main.event_push_actions - 1396 - INFO - rotate_notifs-270 - Rotating notifications
2025-03-26 20:33:09,629 - synapse.storage.databases.main.event_push_actions - 1599 - INFO - rotate_notifs-270 - Rotating notifications up to: 1
2025-03-26 20:33:09,630 - synapse.storage.databases.main.event_push_actions - 1685 - INFO - rotate_notifs-270 - Rotating notifications, handling 0 rows
2025-03-26 20:33:09,635 - synapse.storage.databases.main.event_push_actions - 1770 - INFO - rotate_notifs-270 - Rotating notifications, deleted 0 push actions
2025-03-26 20:33:09,696 - synapse.util.caches.lrucache - 217 - INFO - LruCache._expire_old_entries-270 - Dropped 0 items from caches
2025-03-26 20:33:39,627 - synapse.storage.databases.main.event_push_actions - 1396 - INFO - rotate_notifs-271 - Rotating notifications
2025-03-26 20:33:39,628 - synapse.storage.databases.main.event_push_actions - 1599 - INFO - rotate_notifs-271 - Rotating notifications up to: 1
2025-03-26 20:33:39,629 - synapse.storage.databases.main.event_push_actions - 1685 - INFO - rotate_notifs-271 - Rotating notifications, handling 0 rows
2025-03-26 20:33:39,635 - synapse.storage.databases.main.event_push_actions - 1770 - INFO - rotate_notifs-271 - Rotating notifications, deleted 0 push actions
2025-03-26 20:33:39,696 - synapse.util.caches.lrucache - 217 - INFO - LruCache._expire_old_entries-271 - Dropped 0 items from caches
2025-03-26 20:34:09,629 - synapse.storage.databases.main.event_push_actions - 1396 - INFO - rotate_notifs-272 - Rotating notifications
2025-03-26 20:34:09,631 - synapse.storage.databases.main.event_push_actions - 1599 - INFO - rotate_notifs-272 - Rotating notifications up to: 1
2025-03-26 20:34:09,634 - synapse.storage.databases.main.event_push_actions - 1685 - INFO - rotate_notifs-272 - Rotating notifications, handling 0 rows
2025-03-26 20:34:09,645 - synapse.storage.databases.main.event_push_actions - 1770 - INFO - rotate_notifs-272 - Rotating notifications, deleted 0 push actions
2025-03-26 20:34:09,695 - synapse.util.caches.lrucache - 217 - INFO - LruCache._expire_old_entries-272 - Dropped 0 items from caches
2025-03-26 20:34:39,630 - synapse.storage.databases.main.event_push_actions - 1396 - INFO - rotate_notifs-273 - Rotating notifications
2025-03-26 20:34:39,632 - synapse.storage.databases.main.event_push_actions - 1599 - INFO - rotate_notifs-273 - Rotating notifications up to: 1
2025-03-26 20:34:39,634 - synapse.storage.databases.main.event_push_actions - 1685 - INFO - rotate_notifs-273 - Rotating notifications, handling 0 rows
2025-03-26 20:34:39,640 - synapse.storage.databases.main.event_push_actions - 1770 - INFO - rotate_notifs-273 - Rotating notifications, deleted 0 push actions
2025-03-26 20:34:39,695 - synapse.util.caches.lrucache - 217 - INFO - LruCache._expire_old_entries-273 - Dropped 0 items from caches
2025-03-26 20:35:09,628 - synapse.storage.databases.main.event_push_actions - 1396 - INFO - rotate_notifs-274 - Rotating notifications
2025-03-26 20:35:09,631 - synapse.storage.databases.main.event_push_actions - 1599 - INFO - rotate_notifs-274 - Rotating notifications up to: 1
2025-03-26 20:35:09,634 - synapse.storage.databases.main.event_push_actions - 1685 - INFO - rotate_notifs-274 - Rotating notifications, handling 0 rows
2025-03-26 20:35:09,643 - synapse.storage.databases.main.event_push_actions - 1770 - INFO - rotate_notifs-274 - Rotating notifications, deleted 0 push actions
2025-03-26 20:35:09,696 - synapse.util.caches.lrucache - 217 - INFO - LruCache._expire_old_entries-274 - Dropped 0 items from caches
2025-03-26 20:35:39,628 - synapse.storage.databases.main.event_push_actions - 1396 - INFO - rotate_notifs-275 - Rotating notifications
2025-03-26 20:35:39,631 - synapse.storage.databases.main.event_push_actions - 1599 - INFO - rotate_notifs-275 - Rotating notifications up to: 1
2025-03-26 20:35:39,634 - synapse.storage.databases.main.event_push_actions - 1685 - INFO - rotate_notifs-275 - Rotating notifications, handling 0 rows
2025-03-26 20:35:39,645 - synapse.storage.databases.main.event_push_actions - 1770 - INFO - rotate_notifs-275 - Rotating notifications, deleted 0 push actions
2025-03-26 20:35:39,696 - synapse.util.caches.lrucache - 217 - INFO - LruCache._expire_old_entries-275 - Dropped 0 items from caches
2025-03-26 20:36:09,628 - synapse.storage.databases.main.event_push_actions - 1396 - INFO - rotate_notifs-276 - Rotating notifications
2025-03-26 20:36:09,630 - synapse.storage.databases.main.event_push_actions - 1599 - INFO - rotate_notifs-276 - Rotating notifications up to: 1
2025-03-26 20:36:09,632 - synapse.storage.databases.main.event_push_actions - 1685 - INFO - rotate_notifs-276 - Rotating notifications, handling 0 rows
2025-03-26 20:36:09,639 - synapse.storage.databases.main.event_push_actions - 1770 - INFO - rotate_notifs-276 - Rotating notifications, deleted 0 push actions
2025-03-26 20:36:09,696 - synapse.util.caches.lrucache - 217 - INFO - LruCache._expire_old_entries-276 - Dropped 0 items from caches
2025-03-26 20:36:39,626 - synapse.storage.databases.main.event_push_actions - 1396 - INFO - rotate_notifs-277 - Rotating notifications
2025-03-26 20:36:39,627 - synapse.storage.databases.main.event_push_actions - 1599 - INFO - rotate_notifs-277 - Rotating notifications up to: 1
2025-03-26 20:36:39,628 - synapse.storage.databases.main.event_push_actions - 1685 - INFO - rotate_notifs-277 - Rotating notifications, handling 0 rows
2025-03-26 20:36:39,635 - synapse.storage.databases.main.event_push_actions - 1770 - INFO - rotate_notifs-277 - Rotating notifications, deleted 0 push actions
2025-03-26 20:36:39,695 - synapse.util.caches.lrucache - 217 - INFO - LruCache._expire_old_entries-277 - Dropped 0 items from caches
2025-03-26 20:37:09,626 - synapse.storage.databases.main.event_push_actions - 1396 - INFO - rotate_notifs-278 - Rotating notifications
2025-03-26 20:37:09,627 - synapse.storage.databases.main.event_push_actions - 1599 - INFO - rotate_notifs-278 - Rotating notifications up to: 1
2025-03-26 20:37:09,628 - synapse.storage.databases.main.event_push_actions - 1685 - INFO - rotate_notifs-278 - Rotating notifications, handling 0 rows
2025-03-26 20:37:09,635 - synapse.storage.databases.main.event_push_actions - 1770 - INFO - rotate_notifs-278 - Rotating notifications, deleted 0 push actions
2025-03-26 20:37:09,696 - synapse.util.caches.lrucache - 217 - INFO - LruCache._expire_old_entries-278 - Dropped 0 items from caches
2025-03-26 20:37:39,621 - synapse.storage.databases.main.event_push_actions - 1242 - INFO - event_push_action_stream_orderings-13 - Searching for stream ordering 1 month ago
2025-03-26 20:37:39,622 - synapse.storage.databases.main.event_push_actions - 1246 - INFO - event_push_action_stream_orderings-13 - Found stream ordering 1 month ago: it's 0
2025-03-26 20:37:39,622 - synapse.storage.databases.main.event_push_actions - 1249 - INFO - event_push_action_stream_orderings-13 - Searching for stream ordering 1 day ago
2025-03-26 20:37:39,622 - synapse.storage.databases.main.event_push_actions - 1253 - INFO - event_push_action_stream_orderings-13 - Found stream ordering 1 day ago: it's 0
2025-03-26 20:37:39,626 - synapse.storage.databases.main.event_push_actions - 1396 - INFO - rotate_notifs-279 - Rotating notifications
2025-03-26 20:37:39,628 - synapse.storage.databases.main.event_push_actions - 1599 - INFO - rotate_notifs-279 - Rotating notifications up to: 1
2025-03-26 20:37:39,629 - synapse.storage.databases.main.event_push_actions - 1685 - INFO - rotate_notifs-279 - Rotating notifications, handling 0 rows
2025-03-26 20:37:39,635 - synapse.storage.databases.main.event_push_actions - 1770 - INFO - rotate_notifs-279 - Rotating notifications, deleted 0 push actions
2025-03-26 20:37:39,695 - synapse.util.caches.lrucache - 217 - INFO - LruCache._expire_old_entries-279 - Dropped 0 items from caches
2025-03-26 20:37:39,718 - synapse.storage.databases.main.metrics - 399 - INFO - generate_user_daily_visits-27 - Calling _generate_user_daily_visits
2025-03-26 20:38:09,626 - synapse.storage.databases.main.event_push_actions - 1396 - INFO - rotate_notifs-280 - Rotating notifications
2025-03-26 20:38:09,627 - synapse.storage.databases.main.event_push_actions - 1599 - INFO - rotate_notifs-280 - Rotating notifications up to: 1
2025-03-26 20:38:09,628 - synapse.storage.databases.main.event_push_actions - 1685 - INFO - rotate_notifs-280 - Rotating notifications, handling 0 rows
2025-03-26 20:38:09,634 - synapse.storage.databases.main.event_push_actions - 1770 - INFO - rotate_notifs-280 - Rotating notifications, deleted 0 push actions
2025-03-26 20:38:09,695 - synapse.util.caches.lrucache - 217 - INFO - LruCache._expire_old_entries-280 - Dropped 0 items from caches
2025-03-26 20:38:39,628 - synapse.storage.databases.main.event_push_actions - 1396 - INFO - rotate_notifs-281 - Rotating notifications
2025-03-26 20:38:39,629 - synapse.storage.databases.main.event_push_actions - 1599 - INFO - rotate_notifs-281 - Rotating notifications up to: 1
2025-03-26 20:38:39,630 - synapse.storage.databases.main.event_push_actions - 1685 - INFO - rotate_notifs-281 - Rotating notifications, handling 0 rows
2025-03-26 20:38:39,636 - synapse.storage.databases.main.event_push_actions - 1770 - INFO - rotate_notifs-281 - Rotating notifications, deleted 0 push actions
2025-03-26 20:38:39,695 - synapse.util.caches.lrucache - 217 - INFO - LruCache._expire_old_entries-281 - Dropped 0 items from caches
2025-03-26 20:39:09,628 - synapse.storage.databases.main.event_push_actions - 1396 - INFO - rotate_notifs-282 - Rotating notifications
2025-03-26 20:39:09,629 - synapse.storage.databases.main.event_push_actions - 1599 - INFO - rotate_notifs-282 - Rotating notifications up to: 1
2025-03-26 20:39:09,630 - synapse.storage.databases.main.event_push_actions - 1685 - INFO - rotate_notifs-282 - Rotating notifications, handling 0 rows
2025-03-26 20:39:09,637 - synapse.storage.databases.main.event_push_actions - 1770 - INFO - rotate_notifs-282 - Rotating notifications, deleted 0 push actions
2025-03-26 20:39:09,695 - synapse.util.caches.lrucache - 217 - INFO - LruCache._expire_old_entries-282 - Dropped 0 items from caches
2025-03-26 20:39:39,628 - synapse.storage.databases.main.event_push_actions - 1396 - INFO - rotate_notifs-283 - Rotating notifications
2025-03-26 20:39:39,629 - synapse.storage.databases.main.event_push_actions - 1599 - INFO - rotate_notifs-283 - Rotating notifications up to: 1
2025-03-26 20:39:39,630 - synapse.storage.databases.main.event_push_actions - 1685 - INFO - rotate_notifs-283 - Rotating notifications, handling 0 rows
2025-03-26 20:39:39,636 - synapse.storage.databases.main.event_push_actions - 1770 - INFO - rotate_notifs-283 - Rotating notifications, deleted 0 push actions
2025-03-26 20:39:39,695 - synapse.util.caches.lrucache - 217 - INFO - LruCache._expire_old_entries-283 - Dropped 0 items from caches
2025-03-26 20:40:09,629 - synapse.storage.databases.main.event_push_actions - 1396 - INFO - rotate_notifs-284 - Rotating notifications
2025-03-26 20:40:09,630 - synapse.storage.databases.main.event_push_actions - 1599 - INFO - rotate_notifs-284 - Rotating notifications up to: 1
2025-03-26 20:40:09,631 - synapse.storage.databases.main.event_push_actions - 1685 - INFO - rotate_notifs-284 - Rotating notifications, handling 0 rows
2025-03-26 20:40:09,638 - synapse.storage.databases.main.event_push_actions - 1770 - INFO - rotate_notifs-284 - Rotating notifications, deleted 0 push actions
2025-03-26 20:40:09,695 - synapse.util.caches.lrucache - 217 - INFO - LruCache._expire_old_entries-284 - Dropped 0 items from caches
2025-03-26 20:40:39,627 - synapse.storage.databases.main.event_push_actions - 1396 - INFO - rotate_notifs-285 - Rotating notifications
2025-03-26 20:40:39,629 - synapse.storage.databases.main.event_push_actions - 1599 - INFO - rotate_notifs-285 - Rotating notifications up to: 1
2025-03-26 20:40:39,631 - synapse.storage.databases.main.event_push_actions - 1685 - INFO - rotate_notifs-285 - Rotating notifications, handling 0 rows
2025-03-26 20:40:39,639 - synapse.storage.databases.main.event_push_actions - 1770 - INFO - rotate_notifs-285 - Rotating notifications, deleted 0 push actions
2025-03-26 20:40:39,695 - synapse.util.caches.lrucache - 217 - INFO - LruCache._expire_old_entries-285 - Dropped 0 items from caches
2025-03-26 20:41:09,629 - synapse.storage.databases.main.event_push_actions - 1396 - INFO - rotate_notifs-286 - Rotating notifications
2025-03-26 20:41:09,631 - synapse.storage.databases.main.event_push_actions - 1599 - INFO - rotate_notifs-286 - Rotating notifications up to: 1
2025-03-26 20:41:09,633 - synapse.storage.databases.main.event_push_actions - 1685 - INFO - rotate_notifs-286 - Rotating notifications, handling 0 rows
2025-03-26 20:41:09,639 - synapse.storage.databases.main.event_push_actions - 1770 - INFO - rotate_notifs-286 - Rotating notifications, deleted 0 push actions
2025-03-26 20:41:09,695 - synapse.util.caches.lrucache - 217 - INFO - LruCache._expire_old_entries-286 - Dropped 0 items from caches
2025-03-26 20:41:39,632 - synapse.storage.databases.main.event_push_actions - 1396 - INFO - rotate_notifs-287 - Rotating notifications
2025-03-26 20:41:39,634 - synapse.storage.databases.main.event_push_actions - 1599 - INFO - rotate_notifs-287 - Rotating notifications up to: 1
2025-03-26 20:41:39,635 - synapse.storage.databases.main.event_push_actions - 1685 - INFO - rotate_notifs-287 - Rotating notifications, handling 0 rows
2025-03-26 20:41:39,644 - synapse.storage.databases.main.event_push_actions - 1770 - INFO - rotate_notifs-287 - Rotating notifications, deleted 0 push actions
2025-03-26 20:41:39,695 - synapse.util.caches.lrucache - 217 - INFO - LruCache._expire_old_entries-287 - Dropped 0 items from caches
2025-03-26 20:42:09,638 - synapse.storage.databases.main.event_push_actions - 1396 - INFO - rotate_notifs-288 - Rotating notifications
2025-03-26 20:42:09,640 - synapse.storage.databases.main.event_push_actions - 1599 - INFO - rotate_notifs-288 - Rotating notifications up to: 1
2025-03-26 20:42:09,641 - synapse.storage.databases.main.event_push_actions - 1685 - INFO - rotate_notifs-288 - Rotating notifications, handling 0 rows
2025-03-26 20:42:09,648 - synapse.storage.databases.main.event_push_actions - 1770 - INFO - rotate_notifs-288 - Rotating notifications, deleted 0 push actions
2025-03-26 20:42:09,695 - synapse.util.caches.lrucache - 217 - INFO - LruCache._expire_old_entries-288 - Dropped 0 items from caches
2025-03-26 20:42:39,629 - synapse.storage.databases.main.event_push_actions - 1396 - INFO - rotate_notifs-289 - Rotating notifications
2025-03-26 20:42:39,631 - synapse.storage.databases.main.event_push_actions - 1599 - INFO - rotate_notifs-289 - Rotating notifications up to: 1
2025-03-26 20:42:39,635 - synapse.storage.databases.main.event_push_actions - 1685 - INFO - rotate_notifs-289 - Rotating notifications, handling 0 rows
2025-03-26 20:42:39,645 - synapse.storage.databases.main.event_push_actions - 1770 - INFO - rotate_notifs-289 - Rotating notifications, deleted 0 push actions
2025-03-26 20:42:39,695 - synapse.util.caches.lrucache - 217 - INFO - LruCache._expire_old_entries-289 - Dropped 0 items from caches
2025-03-26 20:42:39,717 - synapse.storage.databases.main.metrics - 399 - INFO - generate_user_daily_visits-28 - Calling _generate_user_daily_visits
2025-03-26 20:43:09,630 - synapse.storage.databases.main.event_push_actions - 1396 - INFO - rotate_notifs-290 - Rotating notifications
2025-03-26 20:43:09,631 - synapse.storage.databases.main.event_push_actions - 1599 - INFO - rotate_notifs-290 - Rotating notifications up to: 1
2025-03-26 20:43:09,632 - synapse.storage.databases.main.event_push_actions - 1685 - INFO - rotate_notifs-290 - Rotating notifications, handling 0 rows
2025-03-26 20:43:09,639 - synapse.storage.databases.main.event_push_actions - 1770 - INFO - rotate_notifs-290 - Rotating notifications, deleted 0 push actions
2025-03-26 20:43:09,695 - synapse.util.caches.lrucache - 217 - INFO - LruCache._expire_old_entries-290 - Dropped 0 items from caches
2025-03-26 20:43:39,632 - synapse.storage.databases.main.event_push_actions - 1396 - INFO - rotate_notifs-291 - Rotating notifications
2025-03-26 20:43:39,633 - synapse.storage.databases.main.event_push_actions - 1599 - INFO - rotate_notifs-291 - Rotating notifications up to: 1
2025-03-26 20:43:39,635 - synapse.storage.databases.main.event_push_actions - 1685 - INFO - rotate_notifs-291 - Rotating notifications, handling 0 rows
2025-03-26 20:43:39,641 - synapse.storage.databases.main.event_push_actions - 1770 - INFO - rotate_notifs-291 - Rotating notifications, deleted 0 push actions
2025-03-26 20:43:39,695 - synapse.util.caches.lrucache - 217 - INFO - LruCache._expire_old_entries-291 - Dropped 0 items from caches
2025-03-26 20:44:09,627 - synapse.storage.databases.main.event_push_actions - 1396 - INFO - rotate_notifs-292 - Rotating notifications
2025-03-26 20:44:09,628 - synapse.storage.databases.main.event_push_actions - 1599 - INFO - rotate_notifs-292 - Rotating notifications up to: 1
2025-03-26 20:44:09,630 - synapse.storage.databases.main.event_push_actions - 1685 - INFO - rotate_notifs-292 - Rotating notifications, handling 0 rows
2025-03-26 20:44:09,638 - synapse.storage.databases.main.event_push_actions - 1770 - INFO - rotate_notifs-292 - Rotating notifications, deleted 0 push actions
2025-03-26 20:44:09,696 - synapse.util.caches.lrucache - 217 - INFO - LruCache._expire_old_entries-292 - Dropped 0 items from caches
2025-03-26 20:44:39,627 - synapse.storage.databases.main.event_push_actions - 1396 - INFO - rotate_notifs-293 - Rotating notifications
2025-03-26 20:44:39,629 - synapse.storage.databases.main.event_push_actions - 1599 - INFO - rotate_notifs-293 - Rotating notifications up to: 1
2025-03-26 20:44:39,632 - synapse.storage.databases.main.event_push_actions - 1685 - INFO - rotate_notifs-293 - Rotating notifications, handling 0 rows
2025-03-26 20:44:39,639 - synapse.storage.databases.main.event_push_actions - 1770 - INFO - rotate_notifs-293 - Rotating notifications, deleted 0 push actions
2025-03-26 20:44:39,696 - synapse.util.caches.lrucache - 217 - INFO - LruCache._expire_old_entries-293 - Dropped 0 items from caches
2025-03-26 20:45:09,637 - synapse.storage.databases.main.event_push_actions - 1396 - INFO - rotate_notifs-294 - Rotating notifications
2025-03-26 20:45:09,639 - synapse.storage.databases.main.event_push_actions - 1599 - INFO - rotate_notifs-294 - Rotating notifications up to: 1
2025-03-26 20:45:09,641 - synapse.storage.databases.main.event_push_actions - 1685 - INFO - rotate_notifs-294 - Rotating notifications, handling 0 rows
2025-03-26 20:45:09,650 - synapse.storage.databases.main.event_push_actions - 1770 - INFO - rotate_notifs-294 - Rotating notifications, deleted 0 push actions
2025-03-26 20:45:09,696 - synapse.util.caches.lrucache - 217 - INFO - LruCache._expire_old_entries-294 - Dropped 0 items from caches
2025-03-26 20:45:39,637 - synapse.storage.databases.main.event_push_actions - 1396 - INFO - rotate_notifs-295 - Rotating notifications
2025-03-26 20:45:39,639 - synapse.storage.databases.main.event_push_actions - 1599 - INFO - rotate_notifs-295 - Rotating notifications up to: 1
2025-03-26 20:45:39,642 - synapse.storage.databases.main.event_push_actions - 1685 - INFO - rotate_notifs-295 - Rotating notifications, handling 0 rows
2025-03-26 20:45:39,653 - synapse.storage.databases.main.event_push_actions - 1770 - INFO - rotate_notifs-295 - Rotating notifications, deleted 0 push actions
2025-03-26 20:45:39,695 - synapse.util.caches.lrucache - 217 - INFO - LruCache._expire_old_entries-295 - Dropped 0 items from caches
2025-03-26 20:46:09,635 - synapse.storage.databases.main.event_push_actions - 1396 - INFO - rotate_notifs-296 - Rotating notifications
2025-03-26 20:46:09,637 - synapse.storage.databases.main.event_push_actions - 1599 - INFO - rotate_notifs-296 - Rotating notifications up to: 1
2025-03-26 20:46:09,640 - synapse.storage.databases.main.event_push_actions - 1685 - INFO - rotate_notifs-296 - Rotating notifications, handling 0 rows
2025-03-26 20:46:09,650 - synapse.storage.databases.main.event_push_actions - 1770 - INFO - rotate_notifs-296 - Rotating notifications, deleted 0 push actions
2025-03-26 20:46:09,695 - synapse.util.caches.lrucache - 217 - INFO - LruCache._expire_old_entries-296 - Dropped 0 items from caches
2025-03-26 20:46:39,627 - synapse.storage.databases.main.event_push_actions - 1396 - INFO - rotate_notifs-297 - Rotating notifications
2025-03-26 20:46:39,629 - synapse.storage.databases.main.event_push_actions - 1599 - INFO - rotate_notifs-297 - Rotating notifications up to: 1
2025-03-26 20:46:39,630 - synapse.storage.databases.main.event_push_actions - 1685 - INFO - rotate_notifs-297 - Rotating notifications, handling 0 rows
2025-03-26 20:46:39,637 - synapse.storage.databases.main.event_push_actions - 1770 - INFO - rotate_notifs-297 - Rotating notifications, deleted 0 push actions
2025-03-26 20:46:39,695 - synapse.util.caches.lrucache - 217 - INFO - LruCache._expire_old_entries-297 - Dropped 0 items from caches
2025-03-26 20:47:09,632 - synapse.storage.databases.main.event_push_actions - 1396 - INFO - rotate_notifs-298 - Rotating notifications
2025-03-26 20:47:09,634 - synapse.storage.databases.main.event_push_actions - 1599 - INFO - rotate_notifs-298 - Rotating notifications up to: 1
2025-03-26 20:47:09,637 - synapse.storage.databases.main.event_push_actions - 1685 - INFO - rotate_notifs-298 - Rotating notifications, handling 0 rows
2025-03-26 20:47:09,648 - synapse.storage.databases.main.event_push_actions - 1770 - INFO - rotate_notifs-298 - Rotating notifications, deleted 0 push actions
2025-03-26 20:47:09,696 - synapse.util.caches.lrucache - 217 - INFO - LruCache._expire_old_entries-298 - Dropped 0 items from caches
2025-03-26 20:47:39,621 - synapse.storage.databases.main.event_push_actions - 1242 - INFO - event_push_action_stream_orderings-14 - Searching for stream ordering 1 month ago
2025-03-26 20:47:39,623 - synapse.storage.databases.main.event_push_actions - 1246 - INFO - event_push_action_stream_orderings-14 - Found stream ordering 1 month ago: it's 0
2025-03-26 20:47:39,623 - synapse.storage.databases.main.event_push_actions - 1249 - INFO - event_push_action_stream_orderings-14 - Searching for stream ordering 1 day ago
2025-03-26 20:47:39,624 - synapse.storage.databases.main.event_push_actions - 1253 - INFO - event_push_action_stream_orderings-14 - Found stream ordering 1 day ago: it's 0
2025-03-26 20:47:39,633 - synapse.storage.databases.main.event_push_actions - 1396 - INFO - rotate_notifs-299 - Rotating notifications
2025-03-26 20:47:39,635 - synapse.storage.databases.main.event_push_actions - 1599 - INFO - rotate_notifs-299 - Rotating notifications up to: 1
2025-03-26 20:47:39,638 - synapse.storage.databases.main.event_push_actions - 1685 - INFO - rotate_notifs-299 - Rotating notifications, handling 0 rows
2025-03-26 20:47:39,647 - synapse.storage.databases.main.event_push_actions - 1770 - INFO - rotate_notifs-299 - Rotating notifications, deleted 0 push actions
2025-03-26 20:47:39,695 - synapse.util.caches.lrucache - 217 - INFO - LruCache._expire_old_entries-299 - Dropped 0 items from caches
2025-03-26 20:47:39,718 - synapse.storage.databases.main.metrics - 399 - INFO - generate_user_daily_visits-29 - Calling _generate_user_daily_visits
2025-03-26 20:48:09,630 - synapse.storage.databases.main.event_push_actions - 1396 - INFO - rotate_notifs-300 - Rotating notifications
2025-03-26 20:48:09,632 - synapse.storage.databases.main.event_push_actions - 1599 - INFO - rotate_notifs-300 - Rotating notifications up to: 1
2025-03-26 20:48:09,635 - synapse.storage.databases.main.event_push_actions - 1685 - INFO - rotate_notifs-300 - Rotating notifications, handling 0 rows
2025-03-26 20:48:09,645 - synapse.storage.databases.main.event_push_actions - 1770 - INFO - rotate_notifs-300 - Rotating notifications, deleted 0 push actions
2025-03-26 20:48:09,696 - synapse.util.caches.lrucache - 217 - INFO - LruCache._expire_old_entries-300 - Dropped 0 items from caches
2025-03-26 20:48:39,627 - synapse.storage.databases.main.event_push_actions - 1396 - INFO - rotate_notifs-301 - Rotating notifications
2025-03-26 20:48:39,628 - synapse.storage.databases.main.event_push_actions - 1599 - INFO - rotate_notifs-301 - Rotating notifications up to: 1
2025-03-26 20:48:39,629 - synapse.storage.databases.main.event_push_actions - 1685 - INFO - rotate_notifs-301 - Rotating notifications, handling 0 rows
2025-03-26 20:48:39,634 - synapse.storage.databases.main.event_push_actions - 1770 - INFO - rotate_notifs-301 - Rotating notifications, deleted 0 push actions
2025-03-26 20:48:39,695 - synapse.util.caches.lrucache - 217 - INFO - LruCache._expire_old_entries-301 - Dropped 0 items from caches
2025-03-26 20:49:09,629 - synapse.storage.databases.main.event_push_actions - 1396 - INFO - rotate_notifs-302 - Rotating notifications
2025-03-26 20:49:09,632 - synapse.storage.databases.main.event_push_actions - 1599 - INFO - rotate_notifs-302 - Rotating notifications up to: 1
2025-03-26 20:49:09,635 - synapse.storage.databases.main.event_push_actions - 1685 - INFO - rotate_notifs-302 - Rotating notifications, handling 0 rows
2025-03-26 20:49:09,645 - synapse.storage.databases.main.event_push_actions - 1770 - INFO - rotate_notifs-302 - Rotating notifications, deleted 0 push actions
2025-03-26 20:49:09,695 - synapse.util.caches.lrucache - 217 - INFO - LruCache._expire_old_entries-302 - Dropped 0 items from caches
2025-03-26 20:49:39,628 - synapse.storage.databases.main.event_push_actions - 1396 - INFO - rotate_notifs-303 - Rotating notifications
2025-03-26 20:49:39,630 - synapse.storage.databases.main.event_push_actions - 1599 - INFO - rotate_notifs-303 - Rotating notifications up to: 1
2025-03-26 20:49:39,632 - synapse.storage.databases.main.event_push_actions - 1685 - INFO - rotate_notifs-303 - Rotating notifications, handling 0 rows
2025-03-26 20:49:39,639 - synapse.storage.databases.main.event_push_actions - 1770 - INFO - rotate_notifs-303 - Rotating notifications, deleted 0 push actions
2025-03-26 20:49:39,695 - synapse.util.caches.lrucache - 217 - INFO - LruCache._expire_old_entries-303 - Dropped 0 items from caches
2025-03-26 20:50:09,631 - synapse.storage.databases.main.event_push_actions - 1396 - INFO - rotate_notifs-304 - Rotating notifications
2025-03-26 20:50:09,634 - synapse.storage.databases.main.event_push_actions - 1599 - INFO - rotate_notifs-304 - Rotating notifications up to: 1
2025-03-26 20:50:09,637 - synapse.storage.databases.main.event_push_actions - 1685 - INFO - rotate_notifs-304 - Rotating notifications, handling 0 rows
2025-03-26 20:50:09,647 - synapse.storage.databases.main.event_push_actions - 1770 - INFO - rotate_notifs-304 - Rotating notifications, deleted 0 push actions
2025-03-26 20:50:09,695 - synapse.util.caches.lrucache - 217 - INFO - LruCache._expire_old_entries-304 - Dropped 0 items from caches
2025-03-26 20:50:39,629 - synapse.storage.databases.main.event_push_actions - 1396 - INFO - rotate_notifs-305 - Rotating notifications
2025-03-26 20:50:39,632 - synapse.storage.databases.main.event_push_actions - 1599 - INFO - rotate_notifs-305 - Rotating notifications up to: 1
2025-03-26 20:50:39,635 - synapse.storage.databases.main.event_push_actions - 1685 - INFO - rotate_notifs-305 - Rotating notifications, handling 0 rows
2025-03-26 20:50:39,648 - synapse.storage.databases.main.event_push_actions - 1770 - INFO - rotate_notifs-305 - Rotating notifications, deleted 0 push actions
2025-03-26 20:50:39,695 - synapse.util.caches.lrucache - 217 - INFO - LruCache._expire_old_entries-305 - Dropped 0 items from caches
2025-03-26 20:51:09,629 - synapse.storage.databases.main.event_push_actions - 1396 - INFO - rotate_notifs-306 - Rotating notifications
2025-03-26 20:51:09,630 - synapse.storage.databases.main.event_push_actions - 1599 - INFO - rotate_notifs-306 - Rotating notifications up to: 1
2025-03-26 20:51:09,632 - synapse.storage.databases.main.event_push_actions - 1685 - INFO - rotate_notifs-306 - Rotating notifications, handling 0 rows
2025-03-26 20:51:09,638 - synapse.storage.databases.main.event_push_actions - 1770 - INFO - rotate_notifs-306 - Rotating notifications, deleted 0 push actions
2025-03-26 20:51:09,696 - synapse.util.caches.lrucache - 217 - INFO - LruCache._expire_old_entries-306 - Dropped 0 items from caches
2025-03-26 20:51:39,627 - synapse.storage.databases.main.event_push_actions - 1396 - INFO - rotate_notifs-307 - Rotating notifications
2025-03-26 20:51:39,628 - synapse.storage.databases.main.event_push_actions - 1599 - INFO - rotate_notifs-307 - Rotating notifications up to: 1
2025-03-26 20:51:39,629 - synapse.storage.databases.main.event_push_actions - 1685 - INFO - rotate_notifs-307 - Rotating notifications, handling 0 rows
2025-03-26 20:51:39,635 - synapse.storage.databases.main.event_push_actions - 1770 - INFO - rotate_notifs-307 - Rotating notifications, deleted 0 push actions
2025-03-26 20:51:39,695 - synapse.util.caches.lrucache - 217 - INFO - LruCache._expire_old_entries-307 - Dropped 0 items from caches
2025-03-26 20:52:09,630 - synapse.storage.databases.main.event_push_actions - 1396 - INFO - rotate_notifs-308 - Rotating notifications
2025-03-26 20:52:09,631 - synapse.storage.databases.main.event_push_actions - 1599 - INFO - rotate_notifs-308 - Rotating notifications up to: 1
2025-03-26 20:52:09,633 - synapse.storage.databases.main.event_push_actions - 1685 - INFO - rotate_notifs-308 - Rotating notifications, handling 0 rows
2025-03-26 20:52:09,639 - synapse.storage.databases.main.event_push_actions - 1770 - INFO - rotate_notifs-308 - Rotating notifications, deleted 0 push actions
2025-03-26 20:52:09,695 - synapse.util.caches.lrucache - 217 - INFO - LruCache._expire_old_entries-308 - Dropped 0 items from caches
2025-03-26 20:52:39,627 - synapse.storage.databases.main.event_push_actions - 1396 - INFO - rotate_notifs-309 - Rotating notifications
2025-03-26 20:52:39,629 - synapse.storage.databases.main.event_push_actions - 1599 - INFO - rotate_notifs-309 - Rotating notifications up to: 1
2025-03-26 20:52:39,630 - synapse.storage.databases.main.event_push_actions - 1685 - INFO - rotate_notifs-309 - Rotating notifications, handling 0 rows
2025-03-26 20:52:39,638 - synapse.storage.databases.main.event_push_actions - 1770 - INFO - rotate_notifs-309 - Rotating notifications, deleted 0 push actions
2025-03-26 20:52:39,696 - synapse.util.caches.lrucache - 217 - INFO - LruCache._expire_old_entries-309 - Dropped 0 items from caches
2025-03-26 20:52:39,717 - synapse.storage.databases.main.metrics - 399 - INFO - generate_user_daily_visits-30 - Calling _generate_user_daily_visits
2025-03-26 20:53:09,630 - synapse.storage.databases.main.event_push_actions - 1396 - INFO - rotate_notifs-310 - Rotating notifications
2025-03-26 20:53:09,632 - synapse.storage.databases.main.event_push_actions - 1599 - INFO - rotate_notifs-310 - Rotating notifications up to: 1
2025-03-26 20:53:09,634 - synapse.storage.databases.main.event_push_actions - 1685 - INFO - rotate_notifs-310 - Rotating notifications, handling 0 rows
2025-03-26 20:53:09,641 - synapse.storage.databases.main.event_push_actions - 1770 - INFO - rotate_notifs-310 - Rotating notifications, deleted 0 push actions
2025-03-26 20:53:09,696 - synapse.util.caches.lrucache - 217 - INFO - LruCache._expire_old_entries-310 - Dropped 0 items from caches
2025-03-26 20:53:39,631 - synapse.storage.databases.main.event_push_actions - 1396 - INFO - rotate_notifs-311 - Rotating notifications
2025-03-26 20:53:39,632 - synapse.storage.databases.main.event_push_actions - 1599 - INFO - rotate_notifs-311 - Rotating notifications up to: 1
2025-03-26 20:53:39,635 - synapse.storage.databases.main.event_push_actions - 1685 - INFO - rotate_notifs-311 - Rotating notifications, handling 0 rows
2025-03-26 20:53:39,644 - synapse.storage.databases.main.event_push_actions - 1770 - INFO - rotate_notifs-311 - Rotating notifications, deleted 0 push actions
2025-03-26 20:53:39,695 - synapse.util.caches.lrucache - 217 - INFO - LruCache._expire_old_entries-311 - Dropped 0 items from caches
2025-03-26 20:54:09,634 - synapse.storage.databases.main.event_push_actions - 1396 - INFO - rotate_notifs-312 - Rotating notifications
2025-03-26 20:54:09,637 - synapse.storage.databases.main.event_push_actions - 1599 - INFO - rotate_notifs-312 - Rotating notifications up to: 1
2025-03-26 20:54:09,641 - synapse.storage.databases.main.event_push_actions - 1685 - INFO - rotate_notifs-312 - Rotating notifications, handling 0 rows
2025-03-26 20:54:09,652 - synapse.storage.databases.main.event_push_actions - 1770 - INFO - rotate_notifs-312 - Rotating notifications, deleted 0 push actions
2025-03-26 20:54:09,695 - synapse.util.caches.lrucache - 217 - INFO - LruCache._expire_old_entries-312 - Dropped 0 items from caches
2025-03-26 20:54:39,634 - synapse.storage.databases.main.event_push_actions - 1396 - INFO - rotate_notifs-313 - Rotating notifications
2025-03-26 20:54:39,636 - synapse.storage.databases.main.event_push_actions - 1599 - INFO - rotate_notifs-313 - Rotating notifications up to: 1
2025-03-26 20:54:39,638 - synapse.storage.databases.main.event_push_actions - 1685 - INFO - rotate_notifs-313 - Rotating notifications, handling 0 rows
2025-03-26 20:54:39,645 - synapse.storage.databases.main.event_push_actions - 1770 - INFO - rotate_notifs-313 - Rotating notifications, deleted 0 push actions
2025-03-26 20:54:39,696 - synapse.util.caches.lrucache - 217 - INFO - LruCache._expire_old_entries-313 - Dropped 0 items from caches
2025-03-26 20:55:09,630 - synapse.storage.databases.main.event_push_actions - 1396 - INFO - rotate_notifs-314 - Rotating notifications
2025-03-26 20:55:09,633 - synapse.storage.databases.main.event_push_actions - 1599 - INFO - rotate_notifs-314 - Rotating notifications up to: 1
2025-03-26 20:55:09,636 - synapse.storage.databases.main.event_push_actions - 1685 - INFO - rotate_notifs-314 - Rotating notifications, handling 0 rows
2025-03-26 20:55:09,646 - synapse.storage.databases.main.event_push_actions - 1770 - INFO - rotate_notifs-314 - Rotating notifications, deleted 0 push actions
2025-03-26 20:55:09,695 - synapse.util.caches.lrucache - 217 - INFO - LruCache._expire_old_entries-314 - Dropped 0 items from caches
2025-03-26 20:55:39,628 - synapse.storage.databases.main.event_push_actions - 1396 - INFO - rotate_notifs-315 - Rotating notifications
2025-03-26 20:55:39,630 - synapse.storage.databases.main.event_push_actions - 1599 - INFO - rotate_notifs-315 - Rotating notifications up to: 1
2025-03-26 20:55:39,632 - synapse.storage.databases.main.event_push_actions - 1685 - INFO - rotate_notifs-315 - Rotating notifications, handling 0 rows
2025-03-26 20:55:39,641 - synapse.storage.databases.main.event_push_actions - 1770 - INFO - rotate_notifs-315 - Rotating notifications, deleted 0 push actions
2025-03-26 20:55:39,695 - synapse.util.caches.lrucache - 217 - INFO - LruCache._expire_old_entries-315 - Dropped 0 items from caches
2025-03-26 20:56:09,631 - synapse.storage.databases.main.event_push_actions - 1396 - INFO - rotate_notifs-316 - Rotating notifications
2025-03-26 20:56:09,633 - synapse.storage.databases.main.event_push_actions - 1599 - INFO - rotate_notifs-316 - Rotating notifications up to: 1
2025-03-26 20:56:09,636 - synapse.storage.databases.main.event_push_actions - 1685 - INFO - rotate_notifs-316 - Rotating notifications, handling 0 rows
2025-03-26 20:56:09,645 - synapse.storage.databases.main.event_push_actions - 1770 - INFO - rotate_notifs-316 - Rotating notifications, deleted 0 push actions
2025-03-26 20:56:09,695 - synapse.util.caches.lrucache - 217 - INFO - LruCache._expire_old_entries-316 - Dropped 0 items from caches
2025-03-26 20:56:39,630 - synapse.storage.databases.main.event_push_actions - 1396 - INFO - rotate_notifs-317 - Rotating notifications
2025-03-26 20:56:39,631 - synapse.storage.databases.main.event_push_actions - 1599 - INFO - rotate_notifs-317 - Rotating notifications up to: 1
2025-03-26 20:56:39,633 - synapse.storage.databases.main.event_push_actions - 1685 - INFO - rotate_notifs-317 - Rotating notifications, handling 0 rows
2025-03-26 20:56:39,642 - synapse.storage.databases.main.event_push_actions - 1770 - INFO - rotate_notifs-317 - Rotating notifications, deleted 0 push actions
2025-03-26 20:56:39,695 - synapse.util.caches.lrucache - 217 - INFO - LruCache._expire_old_entries-317 - Dropped 0 items from caches
2025-03-26 20:57:09,629 - synapse.storage.databases.main.event_push_actions - 1396 - INFO - rotate_notifs-318 - Rotating notifications
2025-03-26 20:57:09,631 - synapse.storage.databases.main.event_push_actions - 1599 - INFO - rotate_notifs-318 - Rotating notifications up to: 1
2025-03-26 20:57:09,633 - synapse.storage.databases.main.event_push_actions - 1685 - INFO - rotate_notifs-318 - Rotating notifications, handling 0 rows
2025-03-26 20:57:09,642 - synapse.storage.databases.main.event_push_actions - 1770 - INFO - rotate_notifs-318 - Rotating notifications, deleted 0 push actions
2025-03-26 20:57:09,696 - synapse.util.caches.lrucache - 217 - INFO - LruCache._expire_old_entries-318 - Dropped 0 items from caches
2025-03-26 20:57:39,621 - synapse.storage.databases.main.event_push_actions - 1242 - INFO - event_push_action_stream_orderings-15 - Searching for stream ordering 1 month ago
2025-03-26 20:57:39,621 - synapse.storage.databases.main.event_push_actions - 1246 - INFO - event_push_action_stream_orderings-15 - Found stream ordering 1 month ago: it's 0
2025-03-26 20:57:39,621 - synapse.storage.databases.main.event_push_actions - 1249 - INFO - event_push_action_stream_orderings-15 - Searching for stream ordering 1 day ago
2025-03-26 20:57:39,622 - synapse.storage.databases.main.event_push_actions - 1253 - INFO - event_push_action_stream_orderings-15 - Found stream ordering 1 day ago: it's 0
2025-03-26 20:57:39,626 - synapse.storage.databases.main.event_push_actions - 1396 - INFO - rotate_notifs-319 - Rotating notifications
2025-03-26 20:57:39,627 - synapse.storage.databases.main.event_push_actions - 1599 - INFO - rotate_notifs-319 - Rotating notifications up to: 1
2025-03-26 20:57:39,629 - synapse.storage.databases.main.event_push_actions - 1685 - INFO - rotate_notifs-319 - Rotating notifications, handling 0 rows
2025-03-26 20:57:39,635 - synapse.storage.databases.main.event_push_actions - 1770 - INFO - rotate_notifs-319 - Rotating notifications, deleted 0 push actions
2025-03-26 20:57:39,695 - synapse.util.caches.lrucache - 217 - INFO - LruCache._expire_old_entries-319 - Dropped 0 items from caches
2025-03-26 20:57:39,718 - synapse.storage.databases.main.metrics - 399 - INFO - generate_user_daily_visits-31 - Calling _generate_user_daily_visits
2025-03-26 20:57:39,773 - synapse.metrics._gc - 127 - INFO - sentinel - Collecting gc 1
2025-03-26 20:58:09,635 - synapse.storage.databases.main.event_push_actions - 1396 - INFO - rotate_notifs-320 - Rotating notifications
2025-03-26 20:58:09,636 - synapse.storage.databases.main.event_push_actions - 1599 - INFO - rotate_notifs-320 - Rotating notifications up to: 1
2025-03-26 20:58:09,637 - synapse.storage.databases.main.event_push_actions - 1685 - INFO - rotate_notifs-320 - Rotating notifications, handling 0 rows
2025-03-26 20:58:09,644 - synapse.storage.databases.main.event_push_actions - 1770 - INFO - rotate_notifs-320 - Rotating notifications, deleted 0 push actions
2025-03-26 20:58:09,696 - synapse.util.caches.lrucache - 217 - INFO - LruCache._expire_old_entries-320 - Dropped 0 items from caches
2025-03-26 20:58:39,626 - synapse.storage.databases.main.event_push_actions - 1396 - INFO - rotate_notifs-321 - Rotating notifications
2025-03-26 20:58:39,627 - synapse.storage.databases.main.event_push_actions - 1599 - INFO - rotate_notifs-321 - Rotating notifications up to: 1
2025-03-26 20:58:39,628 - synapse.storage.databases.main.event_push_actions - 1685 - INFO - rotate_notifs-321 - Rotating notifications, handling 0 rows
2025-03-26 20:58:39,634 - synapse.storage.databases.main.event_push_actions - 1770 - INFO - rotate_notifs-321 - Rotating notifications, deleted 0 push actions
2025-03-26 20:58:39,695 - synapse.util.caches.lrucache - 217 - INFO - LruCache._expire_old_entries-321 - Dropped 0 items from caches
2025-03-26 20:59:09,636 - synapse.storage.databases.main.event_push_actions - 1396 - INFO - rotate_notifs-322 - Rotating notifications
2025-03-26 20:59:09,638 - synapse.storage.databases.main.event_push_actions - 1599 - INFO - rotate_notifs-322 - Rotating notifications up to: 1
2025-03-26 20:59:09,640 - synapse.storage.databases.main.event_push_actions - 1685 - INFO - rotate_notifs-322 - Rotating notifications, handling 0 rows
2025-03-26 20:59:09,650 - synapse.storage.databases.main.event_push_actions - 1770 - INFO - rotate_notifs-322 - Rotating notifications, deleted 0 push actions
2025-03-26 20:59:09,695 - synapse.util.caches.lrucache - 217 - INFO - LruCache._expire_old_entries-322 - Dropped 0 items from caches
2025-03-26 20:59:39,637 - synapse.storage.databases.main.event_push_actions - 1396 - INFO - rotate_notifs-323 - Rotating notifications
2025-03-26 20:59:39,639 - synapse.storage.databases.main.event_push_actions - 1599 - INFO - rotate_notifs-323 - Rotating notifications up to: 1
2025-03-26 20:59:39,642 - synapse.storage.databases.main.event_push_actions - 1685 - INFO - rotate_notifs-323 - Rotating notifications, handling 0 rows
2025-03-26 20:59:39,649 - synapse.storage.databases.main.event_push_actions - 1770 - INFO - rotate_notifs-323 - Rotating notifications, deleted 0 push actions
2025-03-26 20:59:39,695 - synapse.util.caches.lrucache - 217 - INFO - LruCache._expire_old_entries-323 - Dropped 0 items from caches
2025-03-26 21:00:09,638 - synapse.storage.databases.main.event_push_actions - 1396 - INFO - rotate_notifs-324 - Rotating notifications
2025-03-26 21:00:09,640 - synapse.storage.databases.main.event_push_actions - 1599 - INFO - rotate_notifs-324 - Rotating notifications up to: 1
2025-03-26 21:00:09,644 - synapse.storage.databases.main.event_push_actions - 1685 - INFO - rotate_notifs-324 - Rotating notifications, handling 0 rows
2025-03-26 21:00:09,655 - synapse.storage.databases.main.event_push_actions - 1770 - INFO - rotate_notifs-324 - Rotating notifications, deleted 0 push actions
2025-03-26 21:00:09,695 - synapse.util.caches.lrucache - 217 - INFO - LruCache._expire_old_entries-324 - Dropped 0 items from caches
2025-03-26 21:00:39,637 - synapse.storage.databases.main.event_push_actions - 1396 - INFO - rotate_notifs-325 - Rotating notifications
2025-03-26 21:00:39,639 - synapse.storage.databases.main.event_push_actions - 1599 - INFO - rotate_notifs-325 - Rotating notifications up to: 1
2025-03-26 21:00:39,640 - synapse.storage.databases.main.event_push_actions - 1685 - INFO - rotate_notifs-325 - Rotating notifications, handling 0 rows
2025-03-26 21:00:39,646 - synapse.storage.databases.main.event_push_actions - 1770 - INFO - rotate_notifs-325 - Rotating notifications, deleted 0 push actions
2025-03-26 21:00:39,695 - synapse.util.caches.lrucache - 217 - INFO - LruCache._expire_old_entries-325 - Dropped 0 items from caches
2025-03-26 21:00:43,407 - twisted - 279 - INFO - sentinel - Received SIGTERM, shutting down.
2025-03-26 21:00:43,407 - synapse.storage.databases.main.lock - 113 - INFO - LockStore._on_shutdown-0 - Dropping held locks due to shutdown
2025-03-26 21:00:43,407 - synapse.storage.databases.main.lock - 124 - INFO - LockStore._on_shutdown-0 - Dropped locks due to shutdown
2025-03-26 21:00:43,407 - synapse.handlers.presence - 891 - INFO - presence.on_shutdown-0 - Performing _on_shutdown. Persisting 1 unpersisted changes
2025-03-26 21:00:43,407 - synapse.handlers.presence - 903 - INFO - presence.on_shutdown-0 - Finished _on_shutdown
2025-03-26 21:00:43,407 - synapse.app._base - 509 - INFO - sentinel - Shutting down...
2025-03-26 21:00:43,408 - twisted - 279 - INFO - sentinel - (TCP Port 8008 Closed)
2025-03-26 21:00:43,411 - twisted - 279 - INFO - sentinel - Main loop terminated.
